case,i,beta,k,M
shabani_noskin,1,0,NaN,NaN
shabani_noskin,2,0.0050251256281407036,0.50363858706591424,138264.37728933166
shabani_noskin,3,0.010050251256281407,0.50363858706591424,276528.75457866333
shabani_noskin,4,0.01507537688442211,0.50363858706591436,414793.13186799543
shabani_noskin,5,0.020100502512562814,0.50363858706591424,553057.50915732665
shabani_noskin,6,0.025125628140703519,0.50363858706604625,691321.8864466591
shabani_noskin,7,0.03015075376884422,0.50363858706591436,829586.26373599085
shabani_noskin,8,0.035175879396984924,0.50363858706581988,967850.64102532191
shabani_noskin,9,0.040201005025125629,0.50363858706591424,1106115.0183146533
shabani_noskin,10,0.045226130653266333,0.50363858706584097,1244379.3956039874
shabani_noskin,11,0.050251256281407038,0.50363858706604625,1382643.7728933182
shabani_noskin,12,0.055276381909547742,0.5036385870659742,1520908.1501826504
shabani_noskin,13,0.06030150753768844,0.50363858706591436,1659172.5274719817
shabani_noskin,14,0.065326633165829151,0.50363858706596498,1797436.9047613139
shabani_noskin,15,0.070351758793969849,0.50363858706581988,1935701.2820506438
shabani_noskin,16,0.075376884422110546,0.50363858706587028,2073965.6593399753
shabani_noskin,17,0.080402010050251257,0.50363858706591424,2212230.0366293066
shabani_noskin,18,0.085427135678391955,0.50363858706610842,2350494.4139186465
shabani_noskin,19,0.090452261306532666,0.50363858706584097,2488758.7912079748
shabani_noskin,20,0.095477386934673364,0.50363858706615749,2627023.1684973063
shabani_noskin,21,0.10050251256281408,0.50363858706604625,2765287.5457866364
shabani_noskin,22,0.10552763819095477,0.50363858706594566,2903551.9230759693
shabani_noskin,23,0.11055276381909548,0.5036385870659742,3041816.3003653008
shabani_noskin,24,0.11557788944723618,0.50363858706600029,3180080.6776546338
shabani_noskin,25,0.12060301507537688,0.50363858706591436,3318345.0549439634
shabani_noskin,26,0.12562814070351758,0.50363858706583509,3456609.4322332963
shabani_noskin,27,0.1306532663316583,0.50363858706596498,3594873.8095226279
shabani_noskin,28,0.135678391959799,0.50363858706608544,3733138.1868119547
shabani_noskin,29,0.1407035175879397,0.50363858706581988,3871402.5641012876
shabani_noskin,30,0.14572864321608039,0.503638587065937,4009666.9413906224
shabani_noskin,31,0.15075376884422109,0.50363858706587028,4147931.3186799507
shabani_noskin,32,0.15577889447236182,0.50363858706597808,4286195.6959692817
shabani_noskin,33,0.16080402010050251,0.50363858706591424,4424460.0732586132
shabani_noskin,34,0.16582914572864321,0.50363858706601428,4562724.4505479513
shabani_noskin,35,0.17085427135678391,0.50363858706610842,4700988.827837293
shabani_noskin,36,0.17587939698492464,0.50363858706574438,4839253.2051266134
shabani_noskin,37,0.18090452261306533,0.50363858706584097,4977517.5824159496
shabani_noskin,38,0.18592964824120603,0.50363858706593212,5115781.9597052764
shabani_noskin,39,0.19095477386934673,0.50363858706615749,5254046.3369946126
shabani_noskin,40,0.19597989949748743,0.50363858706610054,5392310.7142839367
shabani_noskin,41,0.20100502512562815,0.50363858706604625,5530575.0915732728
shabani_noskin,42,0.20603015075376885,0.50363858706599463,5668839.4688626025
shabani_noskin,43,0.21105527638190955,0.50363858706594566,5807103.8461519387
shabani_noskin,44,0.21608040201005024,0.50363858706589892,5945368.2234412627
shabani_noskin,45,0.22110552763819097,0.5036385870659742,6083632.6007306017
shabani_noskin,46,0.22613065326633167,0.5036385870659289,6221896.9780199314
shabani_noskin,47,0.23115577889447236,0.50363858706600029,6360161.3553092675
shabani_noskin,48,0.23618090452261306,0.50363858706595643,6498425.7325985972
shabani_noskin,49,0.24120603015075376,0.50363858706591436,6636690.1098879268
shabani_noskin,50,0.24623115577889448,0.50363858706598152,6774954.4871772481
shabani_noskin,51,0.25125628140703515,0.50363858706583509,6913218.8644665927
shabani_noskin,52,0.25628140703517588,0.50363858706590137,7051483.2417559233
shabani_noskin,53,0.2613065326633166,0.50363858706596498,7189747.6190452557
shabani_noskin,54,0.26633165829145727,0.50363858706602649,7328011.9963345854
shabani_noskin,55,0.271356783919598,0.50363858706608544,7466276.3736239094
shabani_noskin,56,0.27638190954773867,0.50363858706595033,7604540.7509132484
shabani_noskin,57,0.28140703517587939,0.50363858706581988,7742805.1282025753
shabani_noskin,58,0.28643216080402012,0.50363858706587938,7881069.505491918
shabani_noskin,59,0.29145728643216079,0.503638587065937,8019333.8827812448
shabani_noskin,60,0.29648241206030151,0.50363858706599252,8157598.2600705801
shabani_noskin,61,0.30150753768844218,0.50363858706587028,8295862.6373599013
shabani_noskin,62,0.30653266331658291,0.50363858706592501,8434127.0146492459
shabani_noskin,63,0.31155778894472363,0.50363858706597808,8572391.3919385634
shabani_noskin,64,0.3165829145728643,0.50363858706602949,8710655.7692279126
shabani_noskin,65,0.32160804020100503,0.50363858706591424,8848920.1465172265
shabani_noskin,66,0.32663316582914576,0.50363858706596498,8987184.5238065608
shabani_noskin,67,0.33165829145728642,0.50363858706601428,9125448.9010959025
shabani_noskin,68,0.33668341708542715,0.50363858706606202,9263713.2783852257
shabani_noskin,69,0.34170854271356782,0.50363858706610842,9401977.6556745861
shabani_noskin,70,0.34673366834170855,0.5036385870658473,9540242.0329638794
shabani_noskin,71,0.35175879396984927,0.50363858706574438,9678506.4102532268
shabani_noskin,72,0.35678391959798994,0.50363858706594222,9816770.7875425518
shabani_noskin,73,0.36180904522613067,0.50363858706584097,9955035.1648318991
shabani_noskin,74,0.36683417085427134,0.50363858706603182,10093299.542121224
shabani_noskin,75,0.37185929648241206,0.50363858706593212,10231563.919410553
shabani_noskin,76,0.37688442211055279,0.50363858706597575,10369828.296699889
shabani_noskin,77,0.38190954773869346,0.50363858706615749,10508092.673989225
shabani_noskin,78,0.38693467336683418,0.50363858706606002,10646357.051278543
shabani_noskin,79,0.39195979899497485,0.50363858706610054,10784621.428567873
shabani_noskin,80,0.39698492462311558,0.50363858706600617,10922885.805857196
shabani_noskin,81,0.4020100502512563,0.50363858706604625,11061150.183146546
shabani_noskin,82,0.40703517587939697,0.50363858706595499,11199414.560435887
shabani_noskin,83,0.4120603015075377,0.50363858706599463,11337678.937725205
shabani_noskin,84,0.41708542713567837,0.50363858706603359,11475943.315014528
shabani_noskin,85,0.42211055276381909,0.50363858706594566,11614207.692303877
shabani_noskin,86,0.42713567839195982,0.50363858706598419,11752472.069593219
shabani_noskin,87,0.43216080402010049,0.50363858706589892,11890736.446882525
shabani_noskin,88,0.43718592964824121,0.50363858706605846,12029000.824171867
shabani_noskin,89,0.44221105527638194,0.5036385870659742,12167265.201461203
shabani_noskin,90,0.44723618090452261,0.50363858706589204,12305529.578750538
shabani_noskin,91,0.45226130653266333,0.5036385870659289,12443793.956039863
shabani_noskin,92,0.457286432160804,0.50363858706596509,12582058.33332918
shabani_noskin,93,0.46231155778894473,0.50363858706600029,12720322.710618535
shabani_noskin,94,0.46733668341708545,0.50363858706592135,12858587.087907834
shabani_noskin,95,0.47236180904522612,0.50363858706595643,12996851.465197194
shabani_noskin,96,0.47738693467336685,0.50363858706599063,13135115.842486518
shabani_noskin,97,0.48241206030150752,0.50363858706591436,13273380.219775854
shabani_noskin,98,0.48743718592964824,0.50363858706605724,13411644.59706519
shabani_noskin,99,0.49246231155778897,0.50363858706598152,13549908.974354496
shabani_noskin,100,0.49748743718592964,0.50363858706590758,13688173.351643838
shabani_noskin,101,0.50251256281407031,0.50363858706583509,13826437.728933185
shabani_noskin,102,0.50753768844221103,0.50363858706576392,13964702.10622251
shabani_noskin,103,0.51256281407035176,0.50363858706590137,14102966.483511847
shabani_noskin,104,0.51758793969849248,0.50363858706583087,14241230.860801164
shabani_noskin,105,0.52261306532663321,0.50363858706596498,14379495.238090511
shabani_noskin,106,0.52763819095477382,0.50363858706589548,14517759.615379853
shabani_noskin,107,0.53266331658291455,0.50363858706602649,14656023.992669171
shabani_noskin,108,0.53768844221105527,0.50363858706595732,14794288.36995849
shabani_noskin,109,0.542713567839196,0.50363858706608544,14932552.747247819
shabani_noskin,110,0.54773869346733672,0.50363858706582332,15070817.124537168
shabani_noskin,111,0.55276381909547734,0.50363858706595033,15209081.501826497
shabani_noskin,112,0.55778894472361806,0.50363858706588449,15347345.879115814
shabani_noskin,113,0.56281407035175879,0.50363858706581988,15485610.256405151
shabani_noskin,114,0.56783919597989951,0.50363858706594344,15623874.633694481
shabani_noskin,115,0.57286432160804024,0.50363858706587938,15762139.010983836
shabani_noskin,116,0.57788944723618085,0.5036385870660004,15900403.388273153
shabani_noskin,117,0.58291457286432158,0.503638587065937,16038667.76556249
shabani_noskin,118,0.5879396984924623,0.50363858706605524,16176932.142851824
shabani_noskin,119,0.59296482412060303,0.50363858706599252,16315196.52014116
shabani_noskin,120,0.59798994974874375,0.5036385870659309,16453460.897430485
shabani_noskin,121,0.60301507537688437,0.50363858706587028,16591725.274719803
shabani_noskin,122,0.60804020100502509,0.50363858706598519,16729989.65200915
shabani_noskin,123,0.61306532663316582,0.50363858706592501,16868254.029298492
shabani_noskin,124,0.61809045226130654,0.5036385870660377,17006518.406587809
shabani_noskin,125,0.62311557788944727,0.50363858706597808,17144782.783877127
shabani_noskin,126,0.62814070351758799,0.50363858706591957,17283047.161166463
shabani_noskin,127,0.63316582914572861,0.50363858706602949,17421311.538455825
shabani_noskin,128,0.63819095477386933,0.50363858706597142,17559575.915745161
shabani_noskin,129,0.64321608040201006,0.50363858706591424,17697840.293034453
shabani_noskin,130,0.64824120603015079,0.50363858706585785,17836104.670323789
shabani_noskin,131,0.65326633165829151,0.50363858706596498,17974369.047613122
shabani_noskin,132,0.65829145728643212,0.50363858706590925,18112633.42490245
shabani_noskin,133,0.66331658291457285,0.50363858706601428,18250897.802191805
shabani_noskin,134,0.66834170854271358,0.50363858706595899,18389162.179481134
shabani_noskin,135,0.6733668341708543,0.50363858706606202,18527426.556770451
shabani_noskin,136,0.67839195979899503,0.50363858706600717,18665690.93405978
shabani_noskin,137,0.68341708542713564,0.50363858706610842,18803955.311349172
shabani_noskin,138,0.68844221105527637,0.50363858706605402,18942219.688638452
shabani_noskin,139,0.69346733668341709,0.5036385870658473,19080484.065927759
shabani_noskin,140,0.69849246231155782,0.50363858706594744,19218748.443217114
shabani_noskin,141,0.70351758793969854,0.50363858706574438,19357012.820506454
shabani_noskin,142,0.70854271356783916,0.50363858706599385,19495277.19779576
shabani_noskin,143,0.71356783919597988,0.50363858706594222,19633541.575085104
shabani_noskin,144,0.71859296482412061,0.50363858706603892,19771805.952374421
shabani_noskin,145,0.72361809045226133,0.50363858706584097,19910070.329663798
shabani_noskin,146,0.72864321608040206,0.50363858706608267,20048334.706953093
shabani_noskin,147,0.73366834170854267,0.50363858706603182,20186599.084242448
shabani_noskin,148,0.7386934673366834,0.50363858706598152,20324863.461531766
shabani_noskin,149,0.74371859296482412,0.50363858706593212,20463127.838821106
shabani_noskin,150,0.74874371859296485,0.50363858706588316,20601392.216110438
shabani_noskin,151,0.75376884422110557,0.50363858706597575,20739656.593399778
shabani_noskin,152,0.75879396984924619,0.50363858706592735,20877920.970689073
shabani_noskin,153,0.76381909547738691,0.50363858706615749,21016185.34797845
shabani_noskin,154,0.76884422110552764,0.50363858706597031,21154449.725267805
shabani_noskin,155,0.77386934673366836,0.50363858706606002,21292714.102557085
shabani_noskin,156,0.77889447236180909,0.50363858706601217,21430978.47984644
shabani_noskin,157,0.7839195979899497,0.50363858706610054,21569242.857135747
shabani_noskin,158,0.78894472361809043,0.50363858706591846,21707507.234425101
shabani_noskin,159,0.79396984924623115,0.50363858706600617,21845771.611714393
shabani_noskin,160,0.79899497487437188,0.50363858706595988,21984035.989003748
shabani_noskin,161,0.8040201005025126,0.50363858706604625,22122300.366293091
shabani_noskin,162,0.80904522613065322,0.5036385870660004,22260564.743582457
shabani_noskin,163,0.81407035175879394,0.50363858706595499,22398829.120871775
shabani_noskin,164,0.81909547738693467,0.50363858706603981,22537093.498161066
shabani_noskin,165,0.82412060301507539,0.50363858706599463,22675357.87545041
shabani_noskin,166,0.82914572864321612,0.50363858706607822,22813622.252739765
shabani_noskin,167,0.83417085427135673,0.50363858706603359,22951886.630029056
shabani_noskin,168,0.83919597989949746,0.50363858706598941,23090151.007318389
shabani_noskin,169,0.84422110552763818,0.50363858706594566,23228415.384607755
shabani_noskin,170,0.84924623115577891,0.50363858706602749,23366679.761897072
shabani_noskin,171,0.85427135678391963,0.50363858706598419,23504944.139186438
shabani_noskin,172,0.85929648241206025,0.50363858706594133,23643208.516475707
shabani_noskin,173,0.86432160804020097,0.50363858706589892,23781472.893765051
shabani_noskin,174,0.8693467336683417,0.50363858706610121,23919737.271054402
shabani_noskin,175,0.87437185929648242,0.50363858706605846,24058001.648343734
shabani_noskin,176,0.87939698492462315,0.50363858706601616,24196266.025633086
shabani_noskin,177,0.88442211055276387,0.5036385870659742,24334530.402922407
shabani_noskin,178,0.88944723618090449,0.50363858706581355,24472794.780211724
shabani_noskin,179,0.89447236180904521,0.50363858706589204,24611059.157501075
shabani_noskin,180,0.89949748743718594,0.50363858706585152,24749323.534790408
shabani_noskin,181,0.90452261306532666,0.5036385870659289,24887587.912079725
shabani_noskin,182,0.90954773869346739,0.50363858706600539,25025852.28936908
shabani_noskin,183,0.914572864321608,0.50363858706596509,25164116.666658361
shabani_noskin,184,0.91959798994974873,0.50363858706592501,25302381.043947753
shabani_noskin,185,0.92462311557788945,0.50363858706600029,25440645.42123707
shabani_noskin,186,0.92964824120603018,0.50363858706596065,25578909.798526388
shabani_noskin,187,0.9346733668341709,0.50363858706592135,25717174.175815668
shabani_noskin,188,0.93969849246231152,0.50363858706588249,25855438.55310506
shabani_noskin,189,0.94472361809045224,0.50363858706595643,25993702.930394389
shabani_noskin,190,0.94974874371859297,0.50363858706591769,26131967.307683729
shabani_noskin,191,0.95477386934673369,0.50363858706599063,26270231.684973035
shabani_noskin,192,0.95979899497487442,0.50363858706584164,26408496.062262401
shabani_noskin,193,0.96482412060301503,0.50363858706591436,26546760.439551707
shabani_noskin,194,0.96984924623115576,0.50363858706598608,26685024.816840991
shabani_noskin,195,0.97487437185929648,0.50363858706605724,26823289.19413038
shabani_noskin,196,0.97989949748743721,0.50363858706591091,26961553.571419723
shabani_noskin,197,0.98492462311557794,0.50363858706598152,27099817.948708992
shabani_noskin,198,0.98994974874371855,0.50363858706605158,27238082.325998332
shabani_noskin,199,0.99497487437185927,0.50363858706590758,27376346.703287676
shabani_noskin,200,1,0.50363858706597731,27514611.080577042
shabani_noskin,201,1,0.50363858706582088,27514611.080568332
shabani_noskin,202,1.002004008016032,0.50363768285975374,27569553.083851833
shabani_noskin,203,1.0040080160320641,0.50363498462463174,27624102.054472804
shabani_noskin,204,1.0060120240480961,0.50363051368828726,27678260.909914777
shabani_noskin,205,1.0080160320641283,0.50362429104734929,27732032.531530742
shabani_noskin,206,1.0100200400801602,0.5036163373768896,27785419.76533303
shabani_noskin,207,1.0120240480961924,0.50360667303470286,27838425.422480147
shabani_noskin,208,1.0140280561122244,0.50359531806822866,27891052.279905889
shabani_noskin,209,1.0160320641282565,0.50358229221951012,27943303.080834948
shabani_noskin,210,1.0180360721442885,0.5035676149320556,27995180.535399564
shabani_noskin,211,1.0200400801603207,0.50355130535663351,28046687.321194094
shabani_noskin,212,1.0220440881763526,0.50353338235507328,28097826.083711512
shabani_noskin,213,1.0240480961923848,0.50351386450737179,28148599.436962958
shabani_noskin,214,1.0260521042084167,0.50349277011582139,28199009.963925157
shabani_noskin,215,1.0280561122244489,0.50347011721116453,28249060.21709853
shabani_noskin,216,1.0300601202404809,0.50344592355652851,28298752.718936063
shabani_noskin,217,1.0320641282565131,0.50342020665249776,28348089.962332968
shabani_noskin,218,1.034068136272545,0.503392983743712,28397074.411199242
shabani_noskin,219,1.0360721442885772,0.50336427182047216,28445708.500745643
shabani_noskin,220,1.0380761523046091,0.50333408762575171,28493994.638072804
shabani_noskin,221,1.0400801603206413,0.50330244765859167,28541935.202552043
shabani_noskin,222,1.0420841683366733,0.50326936817891244,28589532.546283588
shabani_noskin,223,1.0440881763527055,0.50323486521169414,28636788.99451511
shabani_noskin,224,1.0460921843687374,0.50319895455095864,28683706.846046135
shabani_noskin,225,1.0480961923847696,0.50316165176426908,28730288.373659175
shabani_noskin,226,1.0501002004008015,0.50312297219635116,28776535.824497633
shabani_noskin,227,1.0521042084168337,0.50308293097308632,28822451.420461897
shabani_noskin,228,1.0541082164328657,0.50304154300602011,28868037.358632401
shabani_noskin,229,1.0561122244488979,0.50299882299490251,28913295.811576847
shabani_noskin,230,1.0581162324649298,0.5029547854325922,28958228.927790612
shabani_noskin,231,1.060120240480962,0.50290944460800735,29002838.832022451
shabani_noskin,232,1.0621242484969939,0.50286281460973137,29047127.625634838
shabani_noskin,233,1.0641282565130261,0.50281490932945794,29091097.3869524
shabani_noskin,234,1.0661322645290581,0.50276574246564565,29134750.171621092
shabani_noskin,235,1.0681362725450902,0.50271532752638948,29178088.012918588
shabani_noskin,236,1.0701402805611222,0.50266367783322319,29221112.922116499
shabani_noskin,237,1.0721442885771544,0.50261080652374179,29263826.888772346
shabani_noskin,238,1.0741482965931863,0.50255672655514738,29306231.881072186
shabani_noskin,239,1.0761523046092185,0.50250145070699426,29348329.846125044
shabani_noskin,240,1.0781563126252505,0.50244499158444733,29390122.710285004
shabani_noskin,241,1.0801603206412826,0.50238736162097253,29431612.379437629
shabani_noskin,242,1.0821643286573146,0.50232857308137213,29472800.739305217
shabani_noskin,243,1.0841683366733468,0.50226863806449373,29513689.655730247
shabani_noskin,244,1.0861723446893787,0.50220756850597348,29554280.974959571
shabani_noskin,245,1.0881763527054109,0.50214537618120325,29594576.523938939
shabani_noskin,246,1.0901803607214429,0.50208207270757332,29634578.110563967
shabani_noskin,247,1.092184368737475,0.50201766954727933,29674287.523962036
shabani_noskin,248,1.094188376753507,0.50195217800989933,29713706.534758713
shabani_noskin,249,1.0961923847695392,0.501885609254762,29752836.895330396
shabani_noskin,250,1.0981963927855711,0.50181797429347175,29791680.340064265
shabani_noskin,251,1.1002004008016033,0.5017492839922979,29830238.585608814
shabani_noskin,252,1.1022044088176353,0.50167954907453416,29868513.331120729
shabani_noskin,253,1.1042084168336674,0.5016087801227922,29906506.258506231
shabani_noskin,254,1.1062124248496994,0.50153698758116572,29944219.032652922
shabani_noskin,255,1.1082164328657313,0.50146418175751439,29981653.30166797
shabani_noskin,256,1.1102204408817635,0.50139037282576193,30018810.697114918
shabani_noskin,257,1.1122244488977957,0.5013155708278425,30055692.834228091
shabani_noskin,258,1.1142284569138277,0.50123978567576832,30092301.312133059
shabani_noskin,259,1.1162324649298596,0.50116302715394412,30128637.714080635
shabani_noskin,260,1.1182364729458918,0.50108530492084513,30164703.607640173
shabani_noskin,261,1.1202404809619237,0.5010066285112349,30200500.544925697
shabani_noskin,262,1.1222444889779559,0.50092700733791451,30236030.062791016
shabani_noskin,263,1.1242484969939879,0.50084645069381051,30271293.683044303
shabani_noskin,264,1.1262525050100201,0.50076496775367862,30306292.912639055
shabani_noskin,265,1.128256513026052,0.50068256757597729,30341029.243872717
shabani_noskin,266,1.1302605210420842,0.50059925910473857,30375504.154584978
shabani_noskin,267,1.1322645290581161,0.50051505117122375,30409719.108341023
shabani_noskin,268,1.1342685370741483,0.50042995249571864,30443675.554622915
shabani_noskin,269,1.1362725450901803,0.50034397168914901,30477374.929008018
shabani_noskin,270,1.1382765531062125,0.50025711725485089,30510818.653356269
shabani_noskin,271,1.1402805611222444,0.50016939759016732,30544008.135985665
shabani_noskin,272,1.1422845691382766,0.50008082098797246,30576944.771842133
shabani_noskin,273,1.1442885771543085,0.49999139563841116,30609629.942681462
shabani_noskin,274,1.1462925851703407,0.49990112963022743,30642065.017224967
shabani_noskin,275,1.1482965931863727,0.49981003095253829,30674251.351341743
shabani_noskin,276,1.1503006012024048,0.49971810749603746,30706190.288194496
shabani_noskin,277,1.1523046092184368,0.49962536705475624,30737883.158419188
shabani_noskin,278,1.154308617234469,0.49953181732726099,30769331.280267913
shabani_noskin,279,1.1563126252505009,0.49943746591819804,30800535.95977392
shabani_noskin,280,1.1583166332665331,0.49934232033962594,30831498.490901019
shabani_noskin,281,1.1603206412825651,0.49924638801245469,30862220.155699387
shabani_noskin,282,1.1623246492985972,0.49914967626763496,30892702.224445164
shabani_noskin,283,1.1643286573146292,0.49905219234760473,30922945.955794528
shabani_noskin,284,1.1663326653306614,0.49895394340755866,30952952.596926417
shabani_noskin,285,1.1683366733466933,0.49885493651668761,30982723.383682411
shabani_noskin,286,1.1703406813627255,0.49875517865940339,31012259.540704634
shabani_noskin,287,1.1723446893787575,0.49865467673664821,31041562.281578396
shabani_noskin,288,1.1743486973947896,0.49855343756699655,31070632.808961187
shabani_noskin,289,1.1763527054108216,0.49845146788792993,31099472.314720824
shabani_noskin,290,1.1783567134268538,0.49834877435692143,31128081.980062176
shabani_noskin,291,1.1803607214428857,0.49824536355262372,31156462.975658797
shabani_noskin,292,1.1823647294589179,0.49814124197599641,31184616.46178009
shabani_noskin,293,1.1843687374749499,0.49803641605136284,31212543.588413503
shabani_noskin,294,1.186372745490982,0.4979308921275723,31240245.495392475
shabani_noskin,295,1.188376753507014,0.49782467647898038,31267723.312512439
shabani_noskin,296,1.1903807615230462,0.49771777530654532,31294978.159653116
shabani_noskin,297,1.1923847695390781,0.49761019473887419,31322011.146897141
shabani_noskin,298,1.1943887775551103,0.49750194083317101,31348823.374642018
shabani_noskin,299,1.1963927855711423,0.49739301957630527,31375415.933718454
shabani_noskin,300,1.1983967935871744,0.49728343688574883,31401789.905500464
shabani_noskin,301,1.2004008016032064,0.49717319861055914,31427946.362017158
shabani_noskin,302,1.2024048096192386,0.49706231053230182,31453886.366060246
shabani_noskin,303,1.2044088176352705,0.49695077836600737,31479610.971293323
shabani_noskin,304,1.2064128256513027,0.49683860776105809,31505121.222355764
shabani_noskin,305,1.2084168336673347,0.49672580430214475,31530418.154970597
shabani_noskin,306,1.2104208416833666,0.49661237351005461,31555502.796041187
shabani_noskin,307,1.2124248496993988,0.49649832084265988,31580376.163759984
shabani_noskin,308,1.214428857715431,0.4963836516956841,31605039.267702397
shabani_noskin,309,1.2164328657314629,0.49626837140358637,31629493.108927853
shabani_noskin,310,1.2184368737474949,0.49615248524038197,31653738.680076405
shabani_noskin,311,1.2204408817635271,0.49603599842044638,31677776.965463184
shabani_noskin,312,1.2224448897795592,0.49591891609935046,31701608.941174746
shabani_noskin,313,1.2244488977955912,0.49580124337460874,31725235.575159386
shabani_noskin,314,1.2264529058116231,0.4956829852864767,31748657.827319663
shabani_noskin,315,1.2284569138276553,0.49556414681873495,31771876.649604142
shabani_noskin,316,1.2304609218436875,0.49544473289940072,31794892.986093394
shabani_noskin,317,1.2324649298597194,0.49532474840148782,31817707.773088921
shabani_noskin,318,1.2344689378757514,0.49520419814374433,31840321.939200401
shabani_noskin,319,1.2364729458917836,0.49508308689134928,31862736.405429106
shabani_noskin,320,1.2384769539078155,0.49496141935663024,31884952.085253347
shabani_noskin,321,1.2404809619238477,0.49483920019975974,31906969.884710513
shabani_noskin,322,1.2424849699398797,0.49471643402943011,31928790.702478889
shabani_noskin,323,1.2444889779559118,0.49459312540352263,31950415.429957628
shabani_noskin,324,1.2464929859719438,0.49446927882980057,31971844.951347932
shabani_noskin,325,1.248496993987976,0.49434489876650567,31993080.143728312
shabani_noskin,326,1.2505010020040079,0.4942199896230472,32014121.877134271
shabani_noskin,327,1.2525050100200401,0.49409455576061245,32034971.014633365
shabani_noskin,328,1.2545090180360721,0.49396860149279281,32055628.412400637
shabani_noskin,329,1.2565130260521042,0.49384213108620267,32076094.919792954
shabani_noskin,330,1.2585170340681362,0.49371514876106593,32096371.379420847
shabani_noskin,331,1.2605210420841684,0.49358765869181731,32116458.627221603
shabani_noskin,332,1.2625250501002003,0.49345966500768157,32136357.492529318
shabani_noskin,333,1.2645290581162325,0.49333117179327252,32156068.798146904
shabani_noskin,334,1.2665330661322645,0.49320218308912472,32175593.360413294
shabani_noskin,335,1.2685370741482966,0.49307270289227745,32194931.98927265
shabani_noskin,336,1.2705410821643286,0.49294273515680165,32214085.488340825
shabani_noskin,337,1.2725450901803608,0.49281228379436964,32233054.654973205
shabani_noskin,338,1.2745490981963927,0.49268135267476398,32251840.280329145
shabani_noskin,339,1.2765531062124249,0.49254994562640741,32270443.14943615
shabani_noskin,340,1.2785571142284569,0.49241806643688291,32288864.041254994
shabani_noskin,341,1.280561122244489,0.49228571885345035,32307103.728741746
shabani_noskin,342,1.282565130260521,0.49215290658352007,32325162.978909578
shabani_noskin,343,1.2845691382765532,0.49201963329520487,32343042.552892704
shabani_noskin,344,1.2865731462925851,0.49188590261773074,32360743.206002325
shabani_noskin,345,1.2885771543086173,0.49175171814196877,32378265.687789641
shabani_noskin,346,1.2905811623246493,0.49161708342089577,32395610.742104091
shabani_noskin,347,1.2925851703406814,0.49148200197005099,32412779.107151091
shabani_noskin,348,1.2945891783567134,0.49134647726801089,32429771.515550133
shabani_noskin,349,1.2965931863727456,0.49121051275681504,32446588.694389749
shabani_noskin,350,1.2985971943887775,0.49107411184243605,32463231.365285393
shabani_noskin,351,1.3006012024048097,0.49093727789521602,32479700.244434457
shabani_noskin,352,1.3026052104208417,0.49080001425027875,32495996.042668909
shabani_noskin,353,1.3046092184368738,0.49066232420797323,32512119.46551092
shabani_noskin,354,1.3066132264529058,0.49052421103429622,32528071.213225599
shabani_noskin,355,1.308617234468938,0.49038567796128951,32543851.980872735
shabani_noskin,356,1.3106212424849699,0.49024672818745135,32559462.458358567
shabani_noskin,357,1.3126252505010019,0.49010736487816747,32574903.330488987
shabani_noskin,358,1.314629258517034,0.48996759116606259,32590175.277016789
shabani_noskin,359,1.3166332665330662,0.48982741015141507,32605278.972693313
shabani_noskin,360,1.3186372745490982,0.48968682490254312,32620215.087317735
shabani_noskin,361,1.3206412825651301,0.48954583845618066,32634984.285785321
shabani_noskin,362,1.3226452905811623,0.48940445381784198,32649587.228134766
shabani_noskin,363,1.3246492985971945,0.48926267396220102,32664024.569596492
shabani_noskin,364,1.3266533066132264,0.48912050183345629,32678296.960638855
shabani_noskin,365,1.3286573146292584,0.48897794034568537,32692405.047015429
shabani_noskin,366,1.3306613226452906,0.48883499238318795,32706349.469808437
shabani_noskin,367,1.3326653306613228,0.48869166080085624,32720130.865476269
shabani_noskin,368,1.3346693386773547,0.48854794842449717,32733749.865896381
shabani_noskin,369,1.3366733466933867,0.48840385805117764,32747207.098409481
shabani_noskin,370,1.3386773547094188,0.48825939244956323,32760503.185863525
shabani_noskin,371,1.340681362725451,0.48811455436025347,32773638.746656995
shabani_noskin,372,1.342685370741483,0.48796934649608092,32786614.394779328
shabani_noskin,373,1.3446893787575149,0.48782377154245804,32799430.739855014
shabani_noskin,374,1.3466933867735471,0.48767783215767568,32812088.387183357
shabani_noskin,375,1.3486973947895793,0.48753153097322832,32824587.93778047
shabani_noskin,376,1.3507014028056112,0.48738487059410296,32836929.988418467
shabani_noskin,377,1.3527054108216432,0.48723785359909966,32849115.131666604
shabani_noskin,378,1.3547094188376754,0.48709048254111842,32861143.955929346
shabani_noskin,379,1.3567134268537075,0.48694275994746739,32873017.045486905
shabani_noskin,380,1.3587174348697395,0.48679468832013018,32884734.980531666
shabani_noskin,381,1.3607214428857715,0.48664627013607764,32896298.337208387
shabani_noskin,382,1.3627254509018036,0.48649750784752926,32907707.687649641
shabani_noskin,383,1.3647294589178356,0.48634840388224898,32918963.600014448
shabani_noskin,384,1.3667334669338678,0.48619896064380891,32930066.638524394
shabani_noskin,385,1.3687374749498997,0.48604918051187096,32941017.363500148
shabani_noskin,386,1.3707414829659319,0.48589906584243742,32951816.331396274
shabani_noskin,387,1.3727454909819639,0.48574861896813443,32962464.094837908
shabani_noskin,388,1.374749498997996,0.4855978421984592,32972961.202654988
shabani_noskin,389,1.376753507014028,0.48544673782004022,32983308.199916702
shabani_noskin,390,1.3787575150300602,0.48529530809689969,32993505.627966575
shabani_noskin,391,1.3807615230460921,0.48514355527068626,33003554.024455
shabani_noskin,392,1.3827655310621243,0.48499148156093397,33013453.923373193
shabani_noskin,393,1.3847695390781563,0.48483908916531276,33023205.855086718
shabani_noskin,394,1.3867735470941884,0.48468638025984845,33032810.346367151
shabani_noskin,395,1.3887775551102204,0.48453335699917272,33042267.920424517
shabani_noskin,396,1.3907815631262526,0.48438002151676451,33051579.09693994
shabani_noskin,397,1.3927855711422845,0.48422637592515566,33060744.392095517
shabani_noskin,398,1.3947895791583167,0.48407242231619163,33069764.318607714
shabani_noskin,399,1.3967935871743486,0.48391816276123228,33078639.385756195
shabani_noskin,400,1.3987975951903808,0.48376359931138302,33087370.099415064
shabani_noskin,401,1.4008016032064128,0.48360873399770959,33095956.962082718
shabani_noskin,402,1.402805611222445,0.4834535688314584,33104400.472911634
shabani_noskin,403,1.4048096192384769,0.48329810580427157,33112701.127738323
shabani_noskin,404,1.4068136272545091,0.48314234688839308,33120859.419111531
shabani_noskin,405,1.408817635270541,0.48298629403687493,33128875.836321358
shabani_noskin,406,1.4108216432865732,0.48282994918379146,33136750.865428004
shabani_noskin,407,1.4128256513026052,0.48267331424443255,33144484.989289228
shabani_noskin,408,1.4148296593186374,0.4825163911155107,33152078.687589046
shabani_noskin,409,1.4168336673346693,0.48235918167534991,33159532.436864011
shabani_noskin,410,1.4188376753507015,0.482201687784092,33166846.710531417
shabani_noskin,411,1.4208416833667334,0.48204391128387752,33174021.978915758
shabani_noskin,412,1.4228456913827654,0.48188585399904194,33181058.709275115
shabani_noskin,413,1.4248496993987976,0.48172751773631167,33187957.365828648
shabani_noskin,414,1.4268537074148298,0.48156890428496379,33194718.409780126
shabani_noskin,415,1.4288577154308617,0.48141001541703893,33201342.299346488
shabani_noskin,416,1.4308617234468937,0.48125085288749958,33207829.489781119
shabani_noskin,417,1.4328657314629258,0.48109141843441977,33214180.433400203
shabani_noskin,418,1.434869739478958,0.480931713779159,33220395.579607196
shabani_noskin,419,1.43687374749499,0.48077174062652894,33226475.374917142
shabani_noskin,420,1.4388777555110219,0.48061150066497932,33232420.262981683
shabani_noskin,421,1.4408817635270541,0.48045099556675086,33238230.68461258
shabani_noskin,422,1.4428857715430863,0.48029022698805751,33243907.077805817
shabani_noskin,423,1.4448897795591182,0.4801291965692393,33249449.877765179
shabani_noskin,424,1.4468937875751502,0.47996790593493627,33254859.516925238
shabani_noskin,425,1.4488977955911824,0.47980635669423738,33260136.424974598
shabani_noskin,426,1.4509018036072145,0.47964455044085486,33265281.028879106
shabani_noskin,427,1.4529058116232465,0.47948248875326571,33270293.75290348
shabani_noskin,428,1.4549098196392785,0.47932017319488179,33275175.018634785
shabani_noskin,429,1.4569138276553106,0.47915760531418861,33279925.245003466
shabani_noskin,430,1.4589178356713428,0.47899478664490619,33284544.84830578
shabani_noskin,431,1.4609218436873748,0.47883171870613772,33289034.242225427
shabani_noskin,432,1.4629258517034067,0.47866840300251534,33293393.837854732
shabani_noskin,433,1.4649298597194389,0.47850484102434726,33297624.043715905
shabani_noskin,434,1.4669338677354711,0.47834103424775731,33301725.265781835
shabani_noskin,435,1.468937875751503,0.47817698413483378,33305697.907496966
shabani_noskin,436,1.470941883767535,0.4780126921337699,33309542.369798131
shabani_noskin,437,1.4729458917835672,0.47784815967899791,33313259.05113396
shabani_noskin,438,1.4749498997995991,0.47768338819132422,33316848.347485896
shabani_noskin,439,1.4769539078156313,0.47751837907807942,33320310.65238766
shabani_noskin,440,1.4789579158316633,0.47735313373323135,33323646.356944334
shabani_noskin,441,1.4809619238476954,0.4771876535375405,33326855.849853389
shabani_noskin,442,1.4829659318637274,0.47702193985866803,33329939.517422222
shabani_noskin,443,1.4849699398797596,0.47685599405132006,33332897.743588153
shabani_noskin,444,1.4869739478957915,0.47668981745737088,33335730.909936968
shabani_noskin,445,1.4889779559118237,0.47652341140598614,33338439.395721983
shabani_noskin,446,1.4909819639278556,0.47635677721375425,33341023.577882025
shabani_noskin,447,1.4929859719438878,0.47618991618480255,33343483.831059925
shabani_noskin,448,1.4949899799599198,0.47602282961092429,33345820.527620964
shabani_noskin,449,1.496993987975952,0.47585551877169197,33348034.037669893
shabani_noskin,450,1.4989979959919839,0.4756879849345878,33350124.729069877
shabani_noskin,451,1.5010020040080159,0.47552022935510391,33352092.967458807
shabani_noskin,452,1.503006012024048,0.47535225327687619,33353939.116267581
shabani_noskin,453,1.5050100200400802,0.4751840579317862,33355663.536736958
shabani_noskin,454,1.5070140280561122,0.47501564454008288,33357266.587934662
shabani_noskin,455,1.5090180360721441,0.47484701431049114,33358748.626772497
shabani_noskin,456,1.5110220440881763,0.4746781684403138,33360110.008021943
shabani_noskin,457,1.5130260521042085,0.47450910811555957,33361351.084332287
shabani_noskin,458,1.5150300601202404,0.47433983451102929,33362472.206245221
shabani_noskin,459,1.5170340681362724,0.47417034879044723,33363473.722213313
shabani_noskin,460,1.5190380761523046,0.47400065210654202,33364355.978613518
shabani_noskin,461,1.5210420841683367,0.47383074560116806,33365119.319764741
shabani_noskin,462,1.5230460921843687,0.47366063040540141,33365764.087942924
shabani_noskin,463,1.5250501002004007,0.47349030763963867,33366290.62339643
shabani_noskin,464,1.5270541082164328,0.47331977841371231,33366699.264362469
shabani_noskin,465,1.529058116232465,0.47314904382696893,33366990.34708076
shabani_noskin,466,1.531062124248497,0.47297810496838366,33367164.205809768
shabani_noskin,467,1.5330661322645289,0.47280696291665675,33367221.172841877
shabani_noskin,468,1.5350701402805611,0.47263561874029331,33367161.578516647
shabani_noskin,469,1.5370741482965933,0.47246407349772168,33366985.751237344
shabani_noskin,470,1.5390781563126252,0.47229232823737288,33366694.0174844
shabani_noskin,471,1.5410821643286572,0.47212038399777406,33366286.701829836
shabani_noskin,472,1.5430861723446894,0.47194824180764283,33365764.126951542
shabani_noskin,473,1.5450901803607215,0.47177590268598163,33365126.613647923
shabani_noskin,474,1.5470941883767535,0.47160336764216271,33364374.480851244
shabani_noskin,475,1.5490981963927855,0.47143063767601545,33363508.045641378
shabani_noskin,476,1.5511022044088176,0.47125771377791725,33362527.623259924
shabani_noskin,477,1.5531062124248498,0.47108459692888266,33361433.527123839
shabani_noskin,478,1.5551102204408818,0.47091128810064259,33360226.068838306
shabani_noskin,479,1.5571142284569137,0.47073778825573565,33358905.558210578
shabani_noskin,480,1.5591182364729459,0.47056409834758356,33357472.303262476
shabani_noskin,481,1.5611222444889781,0.47039021932058112,33355926.610244215
shabani_noskin,482,1.56312625250501,0.47021615211018358,33354268.783647444
shabani_noskin,483,1.565130260521042,0.47004189764296828,33352499.126216698
shabani_noskin,484,1.5671342685370742,0.4698674568367357,33350617.938963547
shabani_noskin,485,1.5691382765531063,0.46969283060057515,33348625.521178368
shabani_noskin,486,1.5711422845691383,0.46951801983494795,33346522.170442976
shabani_noskin,487,1.5731462925851702,0.4693430254317657,33344308.182642963
shabani_noskin,488,1.5751503006012024,0.46916784827446623,33341983.851980273
shabani_noskin,489,1.5771543086172346,0.46899248923808468,33339549.470984068
shabani_noskin,490,1.5791583166332666,0.46881694918933686,33337005.330524247
shabani_noskin,491,1.5811623246492985,0.46864122898668581,33334351.719822384
shabani_noskin,492,1.5831663326653307,0.46846532948042108,33331588.926463734
shabani_noskin,493,1.5851703406813629,0.46828925151272549,33328717.236408822
shabani_noskin,494,1.5871743486973948,0.46811299591774835,33325736.934004746
shabani_noskin,495,1.5891783567134268,0.46793656352168156,33322648.301997349
shabani_noskin,496,1.591182364729459,0.46775995514281982,33319451.621541452
shabani_noskin,497,1.5931863727454911,0.46758317159163776,33316147.172213066
shabani_noskin,498,1.5951903807615231,0.46740621367085994,33312735.232020035
shabani_noskin,499,1.597194388777555,0.46722908217551889,33309216.077412941
shabani_noskin,500,1.5991983967935872,0.46705177789302915,33305589.98329607
shabani_noskin,501,1.6012024048096194,0.46687430160325655,33301857.223038614
shabani_noskin,502,1.6032064128256514,0.4666966540785738,33298018.068484858
shabani_noskin,503,1.6052104208416833,0.46651883608393441,33294072.789964896
shabani_noskin,504,1.6072144288577155,0.46634084837693368,33290021.65630557
shabani_noskin,505,1.6092184368737477,0.46616269170786834,33285864.934839997
shabani_noskin,506,1.6112224448897794,0.46598436681980826,33281602.891419128
shabani_noskin,507,1.6132264529058116,0.46580587444865179,33277235.79042083
shabani_noskin,508,1.6152304609218437,0.46562721532318396,33272763.894760441
shabani_noskin,509,1.6172344689378757,0.46544839016514694,33268187.465901032
shabani_noskin,510,1.6192384769539077,0.46526939968929243,33263506.76386293
shabani_noskin,511,1.6212424849699398,0.46509024460344633,33258722.047234263
shabani_noskin,512,1.623246492985972,0.46491092560856095,33253833.573179729
shabani_noskin,513,1.625250501002004,0.46473144339878036,33248841.597451095
shabani_noskin,514,1.6272545090180359,0.46455179866149038,33243746.374396242
shabani_noskin,515,1.6292585170340681,0.46437199207738578,33238548.15696935
shabani_noskin,516,1.6312625250501003,0.4641920243205146,33233247.196739648
shabani_noskin,517,1.6332665330661322,0.46401189605834375,33227843.743900947
shabani_noskin,518,1.6352705410821642,0.4638316079518085,33222338.047281176
shabani_noskin,519,1.6372745490981964,0.46365116065536782,33216730.354351066
shabani_noskin,520,1.6392785571142285,0.46347055481705995,33211020.911233619
shabani_noskin,521,1.6412825651302605,0.46328979107855439,33205209.96271291
shabani_noskin,522,1.6432865731462925,0.46310887007520635,33199297.752243429
shabani_noskin,523,1.6452905811623246,0.46292779243610716,33193284.521958206
shabani_noskin,524,1.6472945891783568,0.46274655878413362,33187170.512677971
shabani_noskin,525,1.6492985971943888,0.46256516973600764,33180955.963920269
shabani_noskin,526,1.6513026052104207,0.46238362590234006,33174641.113907315
shabani_noskin,527,1.6533066132264529,0.46220192788767589,33168226.199574802
shabani_noskin,528,1.6553106212424851,0.4620200762905563,33161711.456580564
shabani_noskin,529,1.657314629258517,0.46183807170355812,33155097.119312972
shabani_noskin,530,1.659318637274549,0.46165591471334777,33148383.420898855
shabani_noskin,531,1.6613226452905812,0.46147360590072439,33141570.593212176
shabani_noskin,532,1.6633266533066133,0.46129114584067005,33134658.866882056
shabani_noskin,533,1.6653306613226453,0.46110853510239652,33127648.471300498
shabani_noskin,534,1.6673346693386772,0.46092577424939318,33120539.634631276
shabani_noskin,535,1.6693386773547094,0.46074286383946866,33113332.583816957
shabani_noskin,536,1.6713426853707416,0.46055980442480232,33106027.544587608
shabani_noskin,537,1.6733466933867736,0.46037659655198249,33098624.741467789
shabani_noskin,538,1.6753507014028055,0.46019324076205759,33091124.397785056
shabani_noskin,539,1.6773547094188377,0.46000973759057506,33083526.735677224
shabani_noskin,540,1.6793587174348699,0.45982608756763005,33075831.976100203
shabani_noskin,541,1.6813627254509018,0.45964229121790201,33068040.33883521
shabani_noskin,542,1.6833667334669338,0.45945834906070299,33060152.042496689
shabani_noskin,543,1.685370741482966,0.45927426161001783,33052167.304539379
shabani_noskin,544,1.6873747494989981,0.4590900293745464,33044086.341266084
shabani_noskin,545,1.6893787575150301,0.45890565285774554,33035909.367834643
shabani_noskin,546,1.691382765531062,0.45872113255786784,33027636.598265037
shabani_noskin,547,1.6933867735470942,0.45853646896800371,33019268.245446991
shabani_noskin,548,1.6953907815631264,0.45835166257612531,33010804.521147016
shabani_noskin,549,1.6973947895791583,0.45816671386511343,33002245.636014663
shabani_noskin,550,1.6993987975951903,0.45798162331281639,32993591.799590982
shabani_noskin,551,1.7014028056112225,0.45779639139207295,32984843.220314216
shabani_noskin,552,1.7034068136272547,0.45761101857075387,32976000.105526913
shabani_noskin,553,1.7054108216432866,0.45742550531180809,32967062.661483373
shabani_noskin,554,1.7074148296593186,0.45723985207329282,32958031.093355779
shabani_noskin,555,1.7094188376753507,0.4570540593084092,32948905.605240885
shabani_noskin,556,1.7114228456913829,0.45686812746554822,32939686.400167193
shabani_noskin,557,1.7134268537074149,0.45668205698831743,32930373.680100914
shabani_noskin,558,1.7154308617234468,0.45649584831558587,32920967.645953119
shabani_noskin,559,1.717434869739479,0.45630950188151193,32911468.497585565
shabani_noskin,560,1.7194388777555112,0.45612301811558209,32901876.433817249
shabani_noskin,561,1.7214428857715431,0.45593639744265146,32892191.652431816
shabani_noskin,562,1.7234468937875751,0.45574964028296705,32882414.350182116
shabani_noskin,563,1.7254509018036073,0.45556274705221367,32872544.722797874
shabani_noskin,564,1.7274549098196392,0.45537571816154043,32862582.964991428
shabani_noskin,565,1.7294589178356712,0.45518855401759695,32852529.270463634
shabani_noskin,566,1.7314629258517034,0.45500125502256655,32842383.831910301
shabani_noskin,567,1.7334669338677355,0.45481382157420086,32832146.841028407
shabani_noskin,568,1.7354709418837675,0.45462625406584789,32821818.488521338
shabani_noskin,569,1.7374749498997994,0.45443855288649254,32811398.964106195
shabani_noskin,570,1.7394789579158316,0.45425071842077636,32800888.456517983
shabani_noskin,571,1.7414829659318638,0.45406275104904059,32790287.153516769
shabani_noskin,572,1.7434869739478958,0.45387465114735537,32779595.241893377
shabani_noskin,573,1.7454909819639277,0.45368641908754181,32768812.907474346
shabani_noskin,574,1.7474949899799599,0.45349805523721659,32757940.335128553
shabani_noskin,575,1.7494989979959921,0.45330955995981076,32746977.708772406
shabani_noskin,576,1.751503006012024,0.45312093361460748,32735925.211375423
shabani_noskin,577,1.753507014028056,0.45293217655676421,32724783.02496611
shabani_noskin,578,1.7555110220440882,0.45274328913735257,32713551.330637388
shabani_noskin,579,1.7575150300601203,0.45255427170337725,32702230.30855168
shabani_noskin,580,1.7595190380761523,0.45236512459781025,32690820.137947142
shabani_noskin,581,1.7615230460921842,0.45217584815962025,32679320.997142382
shabani_noskin,582,1.7635270541082164,0.45198644272379707,32667733.063542049
shabani_noskin,583,1.7655310621242486,0.45179690862138439,32656056.513642199
shabani_noskin,584,1.7675350701402806,0.45160724617950199,32644291.523035515
shabani_noskin,585,1.7695390781563125,0.45141745572137931,32632438.266416453
shabani_noskin,586,1.7715430861723447,0.45122753756637729,32620496.91758664
shabani_noskin,587,1.7735470941883769,0.45103749203001725,32608467.649459589
shabani_noskin,588,1.7755511022044088,0.45084731942401013,32596350.634066373
shabani_noskin,589,1.7775551102204408,0.45065702005627989,32584146.042560332
shabani_noskin,590,1.7795591182364729,0.45046659423098906,32571854.045221981
shabani_noskin,591,1.7815631262525051,0.45027604224856621,32559474.811464269
shabani_noskin,592,1.7835671342685371,0.45008536440573216,32547008.509837352
shabani_noskin,593,1.785571142284569,0.44989456099552444,32534455.308033682
shabani_noskin,594,1.7875751503006012,0.44970363230732074,32521815.372892424
shabani_noskin,595,1.7895791583166334,0.44951257862686544,32509088.870404799
shabani_noskin,596,1.7915831663326653,0.44932140023629585,32496275.965718672
shabani_noskin,597,1.7935871743486973,0.44913009741416526,32483376.823143132
shabani_noskin,598,1.7955911823647295,0.44893867043546298,32470391.606153335
shabani_noskin,599,1.7975951903807617,0.44874711957164309,32457320.477395047
shabani_noskin,600,1.7995991983967936,0.44855544509064971,32444163.598689765
shabani_noskin,601,1.8016032064128256,0.44836364725693217,32430921.131038386
shabani_noskin,602,1.8036072144288577,0.44817172633147778,32417593.234626751
shabani_noskin,603,1.8056112224448899,0.44797968257182696,32404180.068829503
shabani_noskin,604,1.8076152304609219,0.44778751623210256,32390681.792214889
shabani_noskin,605,1.8096192384769538,0.44759522756302472,32377098.562548917
shabani_noskin,606,1.811623246492986,0.44740281681194038,32363430.53680009
shabani_noskin,607,1.8136272545090182,0.44721028422284331,32349677.871143866
shabani_noskin,608,1.8156312625250501,0.44701763003639133,32335840.720966388
shabani_noskin,609,1.8176352705410821,0.44682485448993148,32321919.240869291
shabani_noskin,610,1.8196392785571143,0.44663195781752513,32307913.584674183
shabani_noskin,611,1.8216432865731464,0.44643894024996128,32293823.905426241
shabani_noskin,612,1.8236472945891784,0.4462458020147842,32279650.355399039
shabani_noskin,613,1.8256513026052104,0.44605254333630878,32265393.086098108
shabani_noskin,614,1.8276553106212425,0.44585916443564344,32251052.248265654
shabani_noskin,615,1.8296593186372747,0.44566566553071352,32236627.991884392
shabani_noskin,616,1.8316633266533067,0.44547204683627634,32222120.466181748
shabani_noskin,617,1.8336673346693386,0.44527830856394324,32207529.819633722
shabani_noskin,618,1.8356713426853708,0.44508445092219812,32192856.199968919
shabani_noskin,619,1.8376753507014028,0.44489047411642096,32178099.754172914
shabani_noskin,620,1.8396793587174347,0.44469637834890224,32163260.628491536
shabani_noskin,621,1.8416833667334669,0.44450216381886204,32148338.968435396
shabani_noskin,622,1.8436873747494991,0.44430783072247387,32133334.918783464
shabani_noskin,623,1.845691382765531,0.44411337925287825,32118248.623587087
shabani_noskin,624,1.847695390781563,0.44391880960020613,32103080.226173613
shabani_noskin,625,1.8496993987975952,0.4437241219515905,32087829.869150534
shabani_noskin,626,1.8517034068136273,0.44352931649119098,32072497.694408681
shabani_noskin,627,1.8537074148296593,0.4433343934002088,32057083.84312674
shabani_noskin,628,1.8557114228456912,0.44313935285690487,32041588.455774307
shabani_noskin,629,1.8577154308617234,0.44294419503661703,32026011.672115844
shabani_noskin,630,1.8597194388777556,0.44274892011178019,32010353.631214432
shabani_noskin,631,1.8617234468937875,0.44255352825193717,31994614.471435055
shabani_noskin,632,1.8637274549098195,0.44235801962376431,31978794.330448736
shabani_noskin,633,1.8657314629258517,0.44216239439108179,31962893.345235445
shabani_noskin,634,1.8677354709418839,0.44196665271487429,31946911.652088258
shabani_noskin,635,1.8697394789579158,0.44177079475330294,31930849.386616472
shabani_noskin,636,1.8717434869739478,0.44157482066172793,31914706.683749307
shabani_noskin,637,1.8737474949899799,0.44137873059271876,31898483.677739214
shabani_noskin,638,1.8757515030060121,0.44118252469607649,31882180.502165537
shabani_noskin,639,1.8777555110220441,0.44098620311884335,31865797.289937608
shabani_noskin,640,1.879759519038076,0.44078976600532133,31849334.173298404
shabani_noskin,641,1.8817635270541082,0.44059321349708935,31832791.283827767
shabani_noskin,642,1.8837675350701404,0.44039654573301545,31816168.752445791
shabani_noskin,643,1.8857715430861723,0.44019976284927587,31799466.70941608
shabani_noskin,644,1.8877755511022043,0.44000286497936464,31782685.284348968
shabani_noskin,645,1.8897795591182365,0.43980585225411667,31765824.606205266
shabani_noskin,646,1.8917835671342687,0.43960872480171098,31748884.803298451
shabani_noskin,647,1.8937875751503006,0.43941148274769964,31731866.003299098
shabani_noskin,648,1.8957915831663326,0.43921412621500922,31714768.333237123
shabani_noskin,649,1.8977955911823647,0.43901665532396422,31697591.919505548
shabani_noskin,650,1.8997995991983969,0.43881907019229371,31680336.887863088
shabani_noskin,651,1.9018036072144289,0.4386213709351523,31663003.363437828
shabani_noskin,652,1.9038076152304608,0.43842355766513164,31645591.470729928
shabani_noskin,653,1.905811623246493,0.43822563049227165,31628101.333614714
shabani_noskin,654,1.9078156312625252,0.43802758952407744,31610533.075346015
shabani_noskin,655,1.9098196392785571,0.43782943486553005,31592886.818558693
shabani_noskin,656,1.9118236472945891,0.43763116661910356,31575162.685272176
shabani_noskin,657,1.9138276553106213,0.43743278488477383,31557360.796892982
shabani_noskin,658,1.9158316633266534,0.4372342897600347,31539481.274217866
shabani_noskin,659,1.9178356713426854,0.43703568133990911,31521524.237436753
shabani_noskin,660,1.9198396793587174,0.43683695971696446,31503489.806135669
shabani_noskin,661,1.9218436873747495,0.43663812498132021,31485378.09929936
shabani_noskin,662,1.9238476953907817,0.43643917722066822,31467189.235314704
shabani_noskin,663,1.9258517034068137,0.43624011652027633,31448923.33197283
shabani_noskin,664,1.9278557114228456,0.43604094296300661,31430580.506472573
shabani_noskin,665,1.9298597194388778,0.43584165662932683,31412160.875422895
shabani_noskin,666,1.93186372745491,0.43564225759732078,31393664.554845821
shabani_noskin,667,1.9338677354709419,0.43544274594269894,31375091.660178941
shabani_noskin,668,1.9358717434869739,0.43524312173881446,31356442.306278713
shabani_noskin,669,1.9378757515030061,0.43504338505667151,31337716.607422445
shabani_noskin,670,1.9398797595190382,0.43484353596493658,31318914.677311495
shabani_noskin,671,1.9418837675350702,0.43464357452995317,31300036.629073728
shabani_noskin,672,1.9438877755511021,0.43444350081574917,31281082.575266454
shabani_noskin,673,1.9458917835671343,0.43424331488404977,31262052.627878509
shabani_noskin,674,1.9478957915831663,0.43404301679428769,31242946.898333147
shabani_noskin,675,1.9498997995991982,0.43384260660361679,31223765.497491099
shabani_noskin,676,1.9519038076152304,0.43364208436691942,31204508.535652496
shabani_noskin,677,1.9539078156312626,0.4334414501368184,31185176.122559354
shabani_noskin,678,1.9559118236472945,0.4332407039636873,31165768.367398839
shabani_noskin,679,1.9579158316633265,0.4330398458956613,31146285.378805012
shabani_noskin,680,1.9599198396793587,0.43283887597864806,31126727.264861912
shabani_noskin,681,1.9619238476953909,0.43263779425633714,31107094.133105434
shabani_noskin,682,1.9639278557114228,0.43243660077021029,31087386.090526469
shabani_noskin,683,1.9659318637274548,0.43223529555954987,31067603.243572887
shabani_noskin,684,1.9679358717434869,0.43203387866145004,31047745.698151682
shabani_noskin,685,1.9699398797595191,0.43183235011082954,31027813.559632346
shabani_noskin,686,1.9719438877755511,0.4316307099404354,31007806.93284829
shabani_noskin,687,1.973947895791583,0.43142895818085786,30987725.922099635
shabani_noskin,688,1.9759519038076152,0.43122709486053407,30967570.631155543
shabani_noskin,689,1.9779559118236474,0.43102512000576459,30947341.163256511
shabani_noskin,690,1.9799599198396793,0.43082303364071667,30927037.621116653
shabani_noskin,691,1.9819639278557113,0.4306208357874356,30906660.106925882
shabani_noskin,692,1.9839679358717435,0.43041852646585521,30886208.722352702
shabani_noskin,693,1.9859719438877756,0.43021610569380137,30865683.568545628
shabani_noskin,694,1.9879759519038076,0.43001357348700953,30845084.746136338
shabani_noskin,695,1.9899799599198396,0.42981092985912495,30824412.355241001
shabani_noskin,696,1.9919839679358717,0.4296081748217177,30803666.495463341
shabani_noskin,697,1.9939879759519039,0.42940530838428387,30782847.265896082
shabani_noskin,698,1.9959919839679359,0.42920233055426371,30761954.765123826
shabani_noskin,699,1.9979959919839678,0.4289992413370412,30740989.091224506
shabani_noskin,700,2,0.42879604073595762,30719950.341772258
shabani_noskin,701,2,0.42879604073595717,30719950.341772225
shabani_noskin,702,2.0961923847695392,0.41933458210368302,29758427.944226537
shabani_noskin,703,2.1923847695390783,0.41042840649956935,28889396.438069437
shabani_noskin,704,2.2885771543086171,0.40203029007526131,28102531.072816171
shabani_noskin,705,2.3847695390781563,0.39409820841624288,27388908.247712832
shabani_noskin,706,2.4809619238476954,0.38659464040065622,26740783.412705299
shabani_noskin,707,2.5771543086172346,0.37948598097613007,26151408.979068734
shabani_noskin,708,2.6733466933867733,0.37274204347888334,25614884.210162148
shabani_noskin,709,2.7695390781563125,0.36633563596091573,25126030.831124678
shabani_noskin,710,2.8657314629258517,0.3602421989965372,24680289.442332208
shabani_noskin,711,2.9619238476953909,0.35443949480619236,24273632.85345006
shabani_noskin,712,3.05811623246493,0.3489073394109099,23902493.251677435
shabani_noskin,713,3.1543086172344692,0.34362737102548496,23563700.736953538
shabani_noskin,714,3.2505010020040079,0.33858284909664399,23254431.241073471
shabani_noskin,715,3.3466933867735471,0.33375847935793157,22972162.228525061
shabani_noskin,716,3.4428857715430863,0.32914026105502753,22714634.878150016
shabani_noskin,717,3.539078156312625,0.32471535313161642,22479821.68436271
shabani_noskin,718,3.6352705410821642,0.32047195668628786,22265898.608233977
shabani_noskin,719,3.7314629258517034,0.31639921143827343,22071221.06265223
shabani_noskin,720,3.8276553106212425,0.31248710429227544,21894303.140006058
shabani_noskin,721,3.9238476953907817,0.30872638838447969,21733799.591558475
shabani_noskin,722,4.0200400801603209,0.30510851123446781,21588490.149711158
shabani_noskin,723,4.1162324649298601,0.30162555083017245,21457265.851428047
shabani_noskin,724,4.2124248496993992,0.29827015864254669,21339117.076155506
shabani_noskin,725,4.3086172344689384,0.29503550870906092,21233123.056955334
shabani_noskin,726,4.4048096192384776,0.29191525204523461,21138442.661104679
shabani_noskin,727,4.5010020040080159,0.28890347574497233,21054306.267575063
shabani_noskin,728,4.597194388777555,0.28599466621664593,20980008.594757006
shabani_noskin,729,4.6933867735470942,0.28318367607517902,20914902.353484232
shabani_noskin,730,4.7895791583166334,0.28046569427294415,20858392.61859367
shabani_noskin,731,4.8857715430861726,0.27783621910582168,20809931.827546753
shabani_noskin,732,4.9819639278557108,0.27529103377668918,20769015.327531915
shabani_noskin,733,5.07815631262525,0.27282618423811167,20735177.403374452
shabani_noskin,734,5.1743486973947892,0.27043795907006635,20707987.727830235
shabani_noskin,735,5.2705410821643284,0.26812287117797667,20687048.183705673
shabani_noskin,736,5.3667334669338675,0.26587764112183515,20671990.013953652
shabani_noskin,737,5.4629258517034067,0.26369918190934655,20662471.261627682
shabani_noskin,738,5.5591182364729459,0.2615845851052902,20658174.466488495
shabani_noskin,739,5.6553106212424851,0.25953110812611813,20658804.589276306
shabani_noskin,740,5.7515030060120242,0.2575361626034835,20664087.138292883
shabani_noskin,741,5.8476953907815634,0.25559730371325956,20673766.476071063
shabani_noskin,742,5.9438877755511026,0.25371222037789365,20687604.28661773
shabani_noskin,743,6.0400801603206409,0.25187872625985347,20705378.186063156
shabani_noskin,744,6.1362725450901801,0.25009475147265625,20726880.461586975
shabani_noskin,745,6.2324649298597192,0.24835833494367776,20751916.925263096
shabani_noskin,746,6.3286573146292584,0.24666761736974038,20780305.871010724
shabani_noskin,747,6.4248496993987976,0.2450208347125058,20811877.124186926
shabani_noskin,748,6.5210420841683367,0.24341631218604143,20846471.174536247
shabani_noskin,749,6.6172344689378759,0.24185245869366825,20883938.384246267
shabani_noskin,750,6.7134268537074151,0.24032776167542025,20924138.263765901
shabani_noskin,751,6.8096192384769543,0.23884078233120135,20966938.808840744
shabani_noskin,752,6.9058116232464926,0.23739015118807619,21012215.8929228
shabani_noskin,753,7.0020040080160317,0.23597456398312597,21059852.709731605
shabani_noskin,754,7.0981963927855709,0.23459277783598076,21109739.261291694
shabani_noskin,755,7.1943887775551101,0.23324360768753441,21161771.887255661
shabani_noskin,756,7.2905811623246493,0.23192592298350301,21215852.83175182
shabani_noskin,757,7.3867735470941884,0.23063864458342098,21271889.844376218
shabani_noskin,758,7.4829659318637276,0.2293807418774047,21329795.812287867
shabani_noskin,759,7.5791583166332668,0.22815123009457933,21389488.420666967
shabani_noskin,760,7.675350701402806,0.22694916778847493,21450889.839064728
shabani_noskin,761,7.7715430861723451,0.22577365448597297,21513926.431413133
shabani_noskin,762,7.8677354709418834,0.22462382848753115,21578528.487676758
shabani_noskin,763,7.9639278557114226,0.22349886480745679,21644629.975320481
shabani_noskin,764,8.0601202404809627,0.22239797324394447,21712168.308938596
shabani_noskin,765,8.1563126252505,0.22132039656944219,21781084.136544134
shabani_noskin,766,8.252505010020041,0.22026540883268964,21851321.141156115
shabani_noskin,767,8.3486973947895784,0.21923231376447599,21922825.856445633
shabani_noskin,768,8.4448897795591193,0.21822044327980444,21995547.495314039
shabani_noskin,769,8.5410821643286567,0.2172291560697347,22069437.790376958
shabani_noskin,770,8.6372745490981977,0.21625783627670428,22144450.845418416
shabani_noskin,771,8.7334669338677351,0.2153058922476164,22220542.996961251
shabani_noskin,772,8.8296593186372743,0.21437275535942382,22297672.685174346
shabani_noskin,773,8.9258517034068134,0.21345787891234036,22375800.333403882
shabani_noskin,774,9.0220440881763526,0.21256073708618456,22454888.235676214
shabani_noskin,775,9.1182364729458918,0.21168082395569657,22534900.451575719
shabani_noskin,776,9.214428857715431,0.21081765256097892,22615802.707949724
shabani_noskin,777,9.3106212424849701,0.20997075402949825,22697562.306938902
shabani_noskin,778,9.4068136272545093,0.20913967674634334,22780148.03987208
shabani_noskin,779,9.5030060120240485,0.20832398556967602,22863530.10660198
shabani_noskin,780,9.5991983967935859,0.20752326108853175,22947680.03989251
shabani_noskin,781,9.6953907815631268,0.20673709892032846,23032570.634499408
shabani_noskin,782,9.7915831663326642,0.20596510904562892,23118175.880614173
shabani_noskin,783,9.8877755511022052,0.2052069151778744,23204470.901367188
shabani_noskin,784,9.9839679358717426,0.20446215416596517,23291431.89410967
shabani_noskin,785,10.080160320641282,0.20373047542770886,23379036.075215466
shabani_noskin,786,10.176352705410821,0.20301154041229499,23467261.628163643
shabani_noskin,787,10.27254509018036,0.20230502209007523,23556087.654681023
shabani_noskin,788,10.368737474949899,0.2016106044680476,23645494.12874018
shabani_noskin,789,10.464929859719438,0.2009279821295471,23735461.853223801
shabani_noskin,790,10.561122244488978,0.20025685979674468,23825972.419080235
shabani_noskin,791,10.657314629258517,0.19959695191464913,23917008.16680795
shabani_noskin,792,10.753507014028056,0.1989479822553884,24008552.150118373
shabani_noskin,793,10.849699398797595,0.19830968354162895,24100588.101637397
shabani_noskin,794,10.945891783567134,0.19768179708806255,24193100.400515884
shabani_noskin,795,11.042084168336673,0.19706407245995775,24286074.041828811
shabani_noskin,796,11.138276553106213,0.1964562671478369,24379494.607650965
shabani_noskin,797,11.234468937875752,0.19585814625739928,24473348.239705008
shabani_noskin,798,11.330661322645291,0.19526948221386231,24567621.613485094
shabani_noskin,799,11.42685370741483,0.19469005447994625,24662301.913765665
shabani_noskin,800,11.523046092184369,0.19411964928677594,24757376.811411448
shabani_noskin,801,11.619238476953909,0.19355805937701087,24852834.441410031
shabani_noskin,802,11.715430861723448,0.1930050837595669,24948663.382054243
shabani_noskin,803,11.811623246492985,0.19246052747531892,25044852.635205697
shabani_noskin,804,11.907815631262524,0.19192420137321972,25141391.607576124
shabani_noskin,805,12.004008016032063,0.19139592189629676,25238270.092966687
shabani_noskin,806,12.100200400801603,0.19087551087702573,25335478.255409978
shabani_noskin,807,12.196392785571142,0.19036279534160122,25433006.613162197
shabani_noskin,808,12.292585170340681,0.18985760732266133,25530846.02349731
shabani_noskin,809,12.38877755511022,0.18935978368004122,25628987.668257345
shabani_noskin,810,12.484969939879759,0.18886916592915806,25727423.040116221
shabani_noskin,811,12.581162324649299,0.18838560007665073,25826143.929517064
shabani_noskin,812,12.677354709418838,0.18790893646292112,25925142.412245672
shabani_noskin,813,12.773547094188377,0.18743902961124015,26024410.837604862
shabani_noskin,814,12.869739478957916,0.18697573808310139,26123941.817156766
shabani_noskin,815,12.965931863727455,0.18651892433952513,26223728.214002013
shabani_noskin,816,13.062124248496994,0.1860684546080274,26323763.132566966
shabani_noskin,817,13.158316633266534,0.1856241987549872,26424039.908871341
shabani_noskin,818,13.254509018036073,0.18518603016315843,26524552.101251002
shabani_noskin,819,13.350701402805612,0.18475382561408574,26625293.481511205
shabani_noskin,820,13.446893787575151,0.18432746517519835,26726258.026488297
shabani_noskin,821,13.54308617234469,0.1839068320913651,26827439.909997702
shabani_noskin,822,13.639278557114228,0.18349181268070766,26928833.495148759
shabani_noskin,823,13.735470941883767,0.18308229623447728,27030433.327007093
shabani_noskin,824,13.831663326653306,0.18267817492081387,27132234.125586774
shabani_noskin,825,13.927855711422845,0.18227934369220927,27234230.779155377
shabani_noskin,826,14.024048096192384,0.18188570019651382,27336418.337836113
shabani_noskin,827,14.120240480961924,0.18149714469132691,27438792.007492132
shabani_noskin,828,14.216432865731463,0.18111357996162206,27541347.143878706
shabani_noskin,829,14.312625250501002,0.18073491124046709,27644079.247050103
shabani_noskin,830,14.408817635270541,0.1803610461327026,27746983.956008513
shabani_noskin,831,14.50501002004008,0.17999189454145254,27850057.043583039
shabani_noskin,832,14.601202404809619,0.17962736859734402,27953294.411527675
shabani_noskin,833,14.697394789579159,0.17926738259032163,28056692.085827507
shabani_noskin,834,14.793587174348698,0.17891185290394573,28160246.212203212
shabani_noskin,835,14.889779559118237,0.17856069795206961,28263953.05180411
shabani_noskin,836,14.985971943887776,0.1782138381177962,28367808.97708106
shabani_noskin,837,15.082164328657315,0.17787119569461948,28471810.467830531
shabani_noskin,838,15.178356713426854,0.17753269482965967,28575954.107401751
shabani_noskin,839,15.274549098196394,0.17719826146890552,28680236.579059355
shabani_noskin,840,15.370741482965931,0.17686782330438294,28784654.662494246
shabani_noskin,841,15.46693386773547,0.1765413097231697,28889205.230475869
shabani_noskin,842,15.563126252505009,0.1762186517581828,28993885.245639361
shabani_noskin,843,15.659318637274549,0.17589978204066681,29098691.757401343
shabani_noskin,844,15.755511022044088,0.17558463475431429,29203621.898998491
shabani_noskin,845,15.851703406813627,0.17527314559095492,29308672.884643566
shabani_noskin,846,15.947895791583166,0.17496525170774951,29413842.006793238
shabani_noskin,847,16.044088176352705,0.1746608916858311,29519126.633522995
shabani_noskin,848,16.140280561122246,0.17436000549033515,29624524.206004236
shabani_noskin,849,16.236472945891784,0.17406253443176628,29730032.236079112
shabani_noskin,850,16.332665330661321,0.17376842112864849,29835648.303928666
shabani_noskin,851,16.428857715430862,0.17347760947141003,29941370.055830378
shabani_noskin,852,16.525050100200403,0.17319004458745563,30047195.202001065
shabani_noskin,853,16.62124248496994,0.17290567280738106,30153121.514521521
shabani_noskin,854,16.717434869739478,0.17262444163228577,30259146.825339399
shabani_noskin,855,16.813627254509019,0.17234629970214388,30365269.024346814
shabani_noskin,856,16.90981963927856,0.17207119676519214,30471486.057529781
shabani_noskin,857,17.006012024048097,0.17179908364829835,30577795.925186135
shabani_noskin,858,17.102204408817634,0.17152991222827277,30684196.680209264
shabani_noskin,859,17.198396793587172,0.1712636354040884,30790686.4264348
shabani_noskin,860,17.294589178356713,0.17100020706997698,30897263.317047574
shabani_noskin,861,17.390781563126254,0.17073958208936743,31003925.553046562
shabani_noskin,862,17.486973947895791,0.17048171626963809,31110671.381765153
shabani_noskin,863,17.583166332665328,0.17022656633765162,31217499.095444657
shabani_noskin,864,17.679358717434869,0.1699740899160454,31324407.029858824
shabani_noskin,865,17.77555110220441,0.16972424550024981,31431393.562987201
shabani_noskin,866,17.871743486973948,0.16947699243620942,31538457.11373559
shabani_noskin,867,17.967935871743485,0.16923229089878086,31645596.140701443
shabani_noskin,868,18.064128256513026,0.16899010187078442,31752809.140982486
shabani_noskin,869,18.160320641282564,0.16875038712268683,31860094.649027057
shabani_noskin,870,18.256513026052104,0.1685131091928917,31967451.23552411
shabani_noskin,871,18.352705410821642,0.16827823136861825,32074877.506331634
shabani_noskin,872,18.448897795591183,0.16804571766734694,32182372.101441972
shabani_noskin,873,18.54509018036072,0.1678155328188124,32289933.69398227
shabani_noskin,874,18.641282565130261,0.16758764224752615,32397560.989249125
shabani_noskin,875,18.737474949899799,0.1673620120558095,32505252.723775823
shabani_noskin,876,18.83366733466934,0.16713860900732047,32613007.664431054
shabani_noskin,877,18.929859719438877,0.16691740051105747,32720824.607547749
shabani_noskin,878,19.026052104208418,0.16669835460582438,32828702.37808105
shabani_noskin,879,19.122244488977955,0.16648143994514059,32936639.828794245
shabani_noskin,880,19.218436873747496,0.16626662578258203,33044635.83947156
shabani_noskin,881,19.314629258517034,0.1660538819575392,33152689.316156875
shabani_noskin,882,19.410821643286575,0.16584317888137717,33260799.190417375
shabani_noskin,883,19.507014028056112,0.16563448752398577,33368964.418631114
shabani_noskin,884,19.603206412825653,0.16542777940070633,33477183.981297836
shabani_noskin,885,19.69939879759519,0.1652230265596232,33585456.88237191
shabani_noskin,886,19.795591182364728,0.16502020156920794,33693782.148616694
shabani_noskin,887,19.891783567134269,0.16481927750630537,33802158.828979723
shabani_noskin,888,19.987975951903806,0.16462022794444958,33910585.99398756
shabani_noskin,889,20.084168336673347,0.16442302694250038,34019062.735160045
shabani_noskin,890,20.180360721442884,0.1642276490335895,34127588.164442822
shabani_noskin,891,20.276553106212425,0.16403406921436678,34236161.413657911
shabani_noskin,892,20.372745490981963,0.16384226293453663,34344781.633971177
shabani_noskin,893,20.468937875751504,0.16365220608667674,34453447.995376736
shabani_noskin,894,20.565130260521041,0.16346387499632883,34562159.686197042
shabani_noskin,895,20.661322645290582,0.16327724641235394,34670915.912598535
shabani_noskin,896,20.757515030060119,0.16309229749754361,34779715.898122087
shabani_noskin,897,20.85370741482966,0.16290900581947931,34888558.883227982
shabani_noskin,898,20.949899799599198,0.16272734934163291,34997444.124854542
shabani_noskin,899,21.046092184368739,0.16254730641469939,35106370.895990245
shabani_noskin,900,21.142284569138276,0.16236885576815657,35215338.485258766
shabani_noskin,901,21.238476953907817,0.16219197650204398,35324346.196516462
shabani_noskin,902,21.334669338677354,0.162016648078954,35433393.348461926
shabani_noskin,903,21.430861723446895,0.16184285031622975,35542479.274257146
shabani_noskin,904,21.527054108216433,0.16167056337836322,35651603.321159907
shabani_noskin,905,21.62324649298597,0.16149976776958694,35760764.850167148
shabani_noskin,906,21.719438877755511,0.1613304443266548,35869963.235668629
shabani_noskin,907,21.815631262525049,0.16116257421180535,35979197.865110964
shabani_noskin,908,21.91182364729459,0.16099613890590314,36088468.138671301
shabani_noskin,909,22.008016032064127,0.16083112020175125,36197773.468940474
shabani_noskin,910,22.104208416833668,0.1606675001975725,36307113.280615531
shabani_noskin,911,22.200400801603205,0.16050526129065229,36416487.010200821
shabani_noskin,912,22.296593186372746,0.16034438617113911,36525894.10571792
shabani_noskin,913,22.392785571142284,0.16018485781599875,36635334.026423648
shabani_noskin,914,22.488977955911825,0.16002665948311695,36744806.242536344
shabani_noskin,915,22.585170340681362,0.15986977470554681,36854310.234969571
shabani_noskin,916,22.681362725450903,0.15971418728589662,36963845.495073713
shabani_noskin,917,22.77755511022044,0.15955988129085402,37073411.524384581
shabani_noskin,918,22.873747494989981,0.15940684104584291,37183007.834379084
shabani_noskin,919,22.969939879759519,0.15925505112980945,37292633.946237832
shabani_noskin,920,23.06613226452906,0.15910449637013294,37402289.390614308
shabani_noskin,921,23.162324649298597,0.1589551618376589,37511973.707410268
shabani_noskin,922,23.258517034068138,0.15880703284185019,37621686.445557594
shabani_noskin,923,23.354709418837675,0.15866009492605371,37731427.16280587
shabani_noskin,924,23.450901803607213,0.15851433386287869,37841195.425516002
shabani_noskin,925,23.547094188376754,0.15836973564968418,37950990.808459267
shabani_noskin,926,23.643286573146291,0.15822628650417223,38060812.894621983
shabani_noskin,927,23.739478957915832,0.1580839728600841,38170661.27501528
shabani_noskin,928,23.835671342685369,0.15794278136299714,38280535.548490189
shabani_noskin,929,23.93186372745491,0.15780269886621845,38390435.321557529
shabani_noskin,930,24.028056112224448,0.15766371242677424,38500360.208212674
shabani_noskin,931,24.124248496993989,0.15752580930149113,38610309.829765007
shabani_noskin,932,24.220440881763526,0.1573889769431672,38720283.814671867
shabani_noskin,933,24.316633266533067,0.15725320299683096,38830281.798376858
shabani_noskin,934,24.412825651302605,0.15711847529608541,38940303.423152402
shabani_noskin,935,24.509018036072145,0.15698478185953449,39050348.337946601
shabani_noskin,936,24.605210420841683,0.15685211088729131,39160416.198233806
shabani_noskin,937,24.701402805611224,0.15672045075756386,39270506.665869296
shabani_noskin,938,24.797595190380761,0.1565897900233183,39380619.408947587
shabani_noskin,939,24.893787575150302,0.15646011740901603,39490754.101664595
shabani_noskin,940,24.98997995991984,0.15633142180742418,39600910.424183086
shabani_noskin,941,25.086172344689381,0.15620369227649605,39711088.062501751
shabani_noskin,942,25.182364729458918,0.15607691803632112,39821286.708327629
shabani_noskin,943,25.278557114228455,0.15595108846614236,39931506.058951616
shabani_noskin,944,25.374749498997996,0.155826193101438,40041745.817127369
shabani_noskin,945,25.470941883767534,0.1557022216310685,40152005.690953054
shabani_noskin,946,25.567134268537075,0.1555791638944844,40262285.393756188
shabani_noskin,947,25.663326653306612,0.15545700987899588,40372584.643981397
shabani_noskin,948,25.759519038076153,0.1553357497171006,40482903.165080816
shabani_noskin,949,25.85571142284569,0.15521537368386945,40593240.685407408
shabani_noskin,950,25.951903807615231,0.1550958721943885,40703596.938110851
shabani_noskin,951,26.048096192384769,0.15497723580125569,40813971.661035977
shabani_noskin,952,26.14428857715431,0.15485945519213087,40924364.596623674
shabani_noskin,953,26.240480961923847,0.15474252118733769,41034775.491814449
shabani_noskin,954,26.336673346693388,0.15462642473751681,41145204.097953945
shabani_noskin,955,26.432865731462925,0.15451115692132822,41255650.17070125
shabani_noskin,956,26.529058116232466,0.15439670894320195,41366113.469939031
shabani_noskin,957,26.625250501002004,0.15428307213113629,41476593.759686008
shabani_noskin,958,26.721442885771545,0.15417023793454115,41587090.808011591
shabani_noskin,959,26.817635270541082,0.15405819792212755,41697604.386952445
shabani_noskin,960,26.913827655310619,0.15394694377983978,41808134.272431143
shabani_noskin,961,27.01002004008016,0.15383646730883091,41918680.244176798
shabani_noskin,962,27.106212424849698,0.15372676042347974,42029242.085647367
shabani_noskin,963,27.202404809619239,0.15361781514944908,42139819.583954096
shabani_noskin,964,27.298597194388776,0.1535096236217825,42250412.529787548
shabani_noskin,965,27.394789579158317,0.15340217808304155,42361020.717345446
shabani_noskin,966,27.490981963927855,0.15329547088147935,42471643.944262169
shabani_noskin,967,27.587174348697395,0.1531894944692524,42582282.011540003
shabani_noskin,968,27.683366733466933,0.15308424140066729,42692934.723481752
shabani_noskin,969,27.779559118236474,0.15297970433046409,42803601.887625322
shabani_noskin,970,27.875751503006011,0.15287587601213296,42914283.314679332
shabani_noskin,971,27.971943887775552,0.152772749296265,43024978.818460628
shabani_noskin,972,28.06813627254509,0.15267031712893611,43135688.215833008
shabani_noskin,973,28.164328657314631,0.15256857255012241,43246411.326647423
shabani_noskin,974,28.260521042084168,0.15246750869214748,43357147.973683476
shabani_noskin,975,28.356713426853709,0.15236711877816025,43467897.982592374
shabani_noskin,976,28.452905811623246,0.15226739612064255,43578661.181841135
shabani_noskin,977,28.549098196392787,0.1521683341199461,43689437.402657896
shabani_noskin,978,28.645290581162325,0.15206992626285795,43800226.478978768
shabani_noskin,979,28.741482965931862,0.15197216612119446,43911028.24739562
shabani_noskin,980,28.837675350701403,0.15187504735042151,44021842.547105119
shabani_noskin,981,28.93386773547094,0.15177856368830242,44132669.219858922
shabani_noskin,982,29.030060120240481,0.15168270895357128,44243508.109915003
shabani_noskin,983,29.126252505010019,0.15158747704463257,44354359.063990012
shabani_noskin,984,29.22244488977956,0.15149286193828476,44465221.931212649
shabani_noskin,985,29.318637274549097,0.15139885768846897,44576096.563078232
shabani_noskin,986,29.414829659318638,0.15130545842504123,44686982.813404046
shabani_noskin,987,29.511022044088175,0.15121265835256822,44797880.538285844
shabani_noskin,988,29.607214428857716,0.15112045174914582,44908789.596055262
shabani_noskin,989,29.703406813627254,0.15102883296523939,45019709.847237997
shabani_noskin,990,29.799599198396795,0.15093779642254701,45130641.154513195
shabani_noskin,991,29.895791583166332,0.1508473366128828,45241583.382673457
shabani_noskin,992,29.991983967935873,0.15075744809708191,45352536.398585796
shabani_noskin,993,30.08817635270541,0.15066812550392591,45463500.071153499
shabani_noskin,994,30.184368737474951,0.15057936352908771,45574474.271278761
shabani_noskin,995,30.280561122244489,0.15049115693409645,45685458.871826001
shabani_noskin,996,30.37675350701403,0.15040350054532126,45796453.747586183
shabani_noskin,997,30.472945891783567,0.1503163892529738,45907458.775241703
shabani_noskin,998,30.569138276553105,0.1502298180101293,46018473.833332159
shabani_noskin,999,30.665330661322646,0.15014378183176533,46129498.802220725
shabani_noskin,1000,30.761523046092183,0.15005827579381803,46240533.564061269
shabani_noskin,1001,30.857715430861724,0.14997329503225579,46351578.002766296
shabani_noskin,1002,30.953907815631261,0.14988883474216963,46462632.003975369
shabani_noskin,1003,31.050100200400802,0.14980489017687973,46573695.455024198
shabani_noskin,1004,31.14629258517034,0.14972145664705863,46684768.244914576
shabani_noskin,1005,31.242484969939881,0.14963852951986978,46795850.26428476
shabani_noskin,1006,31.338677354709418,0.14955610421812171,46906941.405380435
shabani_noskin,1007,31.434869739478959,0.14947417621943729,47018041.562026434
shabani_noskin,1008,31.531062124248496,0.14939274105543771,47129150.629598953
shabani_noskin,1009,31.627254509018037,0.14931179431094108,47240268.504998296
shabani_noskin,1010,31.723446893787575,0.14923133162317534,47351395.086622246
shabani_noskin,1011,31.819639278557116,0.14915134868100444,47462530.274339937
shabani_noskin,1012,31.915831663326653,0.14907184122416939,47573673.969466284
shabani_noskin,1013,32.012024048096194,0.1489928050425412,47684826.074736945
shabani_noskin,1014,32.108216432865731,0.14891423597538803,47795986.494283698
shabani_noskin,1015,32.204408817635269,0.14883612991065451,47907155.133610472
shabani_noskin,1016,32.300601202404806,0.14875848278425385,48018331.899569623
shabani_noskin,1017,32.396793587174344,0.14868129057937224,48129516.700339012
shabani_noskin,1018,32.492985971943888,0.14860454932578535,48240709.44539924
shabani_noskin,1019,32.589178356713425,0.1485282550991861,48351910.045511439
shabani_noskin,1020,32.68537074148297,0.14845240402052512,48463118.412695587
shabani_noskin,1021,32.781563126252507,0.14837699225536127,48574334.460209161
shabani_noskin,1022,32.877755511022045,0.14830201601322418,48685558.102526218
shabani_noskin,1023,32.973947895791582,0.14822747154698737,48796789.255316928
shabani_noskin,1024,33.07014028056112,0.14815335515225186,48908027.835427463
shabani_noskin,1025,33.166332665330657,0.14807966316674048,49019273.760860361
shabani_noskin,1026,33.262525050100201,0.14800639196970247,49130526.950755052
shabani_noskin,1027,33.358717434869739,0.14793353798132791,49241787.325369157
shabani_noskin,1028,33.454909819639283,0.14786109766217229,49353054.806059748
shabani_noskin,1029,33.551102204408821,0.14778906751259038,49464329.315265179
shabani_noskin,1030,33.647294589178358,0.14771744407217999,49575610.776487321
shabani_noskin,1031,33.743486973947896,0.1476462239192346,49686899.114273854
shabani_noskin,1032,33.839679358717433,0.14757540367020552,49798194.25420133
shabani_noskin,1033,33.93587174348697,0.14750497997917267,49909496.122858152
shabani_noskin,1034,34.032064128256515,0.14743494953732419,50020804.647828072
shabani_noskin,1035,34.128256513026052,0.14736530907244491,50132119.757674091
shabani_noskin,1036,34.22444889779559,0.14729605534841267,50243441.381922327
shabani_noskin,1037,34.320641282565127,0.14722718516470351,50354769.451046757
shabani_noskin,1038,34.416833667334672,0.14715869535590473,50466103.896453567
shabani_noskin,1039,34.513026052104209,0.1470905827912358,50577444.650466308
shabani_noskin,1040,34.609218436873746,0.14702284437407714,50688791.646311164
shabani_noskin,1041,34.705410821643284,0.14695547704150677,50800144.818102419
shabani_noskin,1042,34.801603206412828,0.14688847776384417,50911504.100828327
shabani_noskin,1043,34.897795591182366,0.14682184354420147,51022869.430337116
shabani_noskin,1044,34.993987975951903,0.1467555714180423,51134240.743323416
shabani_noskin,1045,35.09018036072144,0.14668965845274751,51245617.977314778
shabani_noskin,1046,35.186372745490985,0.14662410174718751,51357001.07065846
shabani_noskin,1047,35.282565130260522,0.14655889843130201,51468389.962508656
shabani_noskin,1048,35.37875751503006,0.14649404566568602,51579784.592813671
shabani_noskin,1049,35.474949899799597,0.14642954064118294,51691184.902303487
shabani_noskin,1050,35.571142284569142,0.14636538057848325,51802590.832477614
shabani_noskin,1051,35.667334669338679,0.14630156272773071,51914002.325592995
shabani_noskin,1052,35.763527054108216,0.14623808436813374,52025419.324652247
shabani_noskin,1053,35.859719438877754,0.14617494280758356,52136841.773392208
shabani_noskin,1054,35.955911823647291,0.14611213538227785,52248269.616272345
shabani_noskin,1055,36.052104208416836,0.14604965945635082,52359702.798463777
shabani_noskin,1056,36.148296593186373,0.1459875124215087,52471141.265838295
shabani_noskin,1057,36.244488977955911,0.14592569169667091,52582584.964957468
shabani_noskin,1058,36.340681362725448,0.14586419472761719,52694033.843062304
shabani_noskin,1059,36.436873747494992,0.1458030189866395,52805487.848062687
shabani_noskin,1060,36.53306613226453,0.14574216197220005,52916946.928527243
shabani_noskin,1061,36.629258517034067,0.14568162120859421,53028411.033673353
shabani_noskin,1062,36.725450901803605,0.14562139424561843,53139880.113357291
shabani_noskin,1063,36.821643286573149,0.14556147865824401,53251354.11806459
shabani_noskin,1064,36.917835671342687,0.14550187204629475,53362832.998900473
shabani_noskin,1065,37.014028056112224,0.14544257203413033,53474316.707580641
shabani_noskin,1066,37.110220440881761,0.14538357627033474,53585805.196422033
shabani_noskin,1067,37.206412825651306,0.14532488242740826,53697298.41833391
shabani_noskin,1068,37.302605210420843,0.14526648820146545,53808796.326808862
shabani_noskin,1069,37.398797595190381,0.1452083913119368,53920298.875914276
shabani_noskin,1070,37.494989979959918,0.14515058950127518,54031806.020283736
shabani_noskin,1071,37.591182364729455,0.1450930805346671,54143317.715108626
shabani_noskin,1072,37.687374749499,0.14503586219974735,54254833.916129947
shabani_noskin,1073,37.783567134268537,0.14497893230631884,54366354.579630047
shabani_noskin,1074,37.879759519038075,0.14492228868607612,54477879.662424847
shabani_noskin,1075,37.975951903807612,0.14486592919233343,54589409.121855944
shabani_noskin,1076,38.072144288577157,0.14480985169975594,54700942.915782928
shabani_noskin,1077,38.168336673346694,0.14475405410409631,54812481.002575785
shabani_noskin,1078,38.264529058116231,0.14469853432193364,54924023.341107428
shabani_noskin,1079,38.360721442885769,0.14464329029041759,55035569.890746564
shabani_noskin,1080,38.456913827655313,0.14458831996701532,55147120.611350358
shabani_noskin,1081,38.553106212424851,0.14453362132926281,55258675.46325738
shabani_noskin,1082,38.649298597194388,0.14447919237451931,55370234.407280728
shabani_noskin,1083,38.745490981963925,0.14442503111972554,55481797.404701136
shabani_noskin,1084,38.84168336673347,0.14437113560116591,55593364.417260364
shabani_noskin,1085,38.937875751503007,0.14431750387423309,55704935.407154463
shabani_noskin,1086,39.034068136272545,0.14426413401319724,55816510.337027386
shabani_noskin,1087,39.130260521042082,0.14421102411097764,55928089.169964619
shabani_noskin,1088,39.226452905811627,0.1441581722789182,56039671.869486809
shabani_noskin,1089,39.322645290581164,0.14410557664656573,56151258.399543673
shabani_noskin,1090,39.418837675350701,0.14405323536145195,56262848.724507898
shabani_noskin,1091,39.515030060120239,0.14400114658887803,56374442.80916921
shabani_noskin,1092,39.611222444889776,0.14394930851170265,56486040.618728504
shabani_noskin,1093,39.707414829659321,0.14389771933013287,56597642.118791983
shabani_noskin,1094,39.803607214428858,0.14384637726151819,56709247.275365576
shabani_noskin,1095,39.899799599198396,0.14379528054014704,56820856.054849312
shabani_noskin,1096,39.995991983967933,0.14374442741704677,56932468.424031831
shabani_noskin,1097,40.092184368737477,0.14369381615978624,57044084.35008502
shabani_noskin,1098,40.188376753507015,0.14364344505228091,57155703.800558597
shabani_noskin,1099,40.284569138276552,0.14359331239460091,57267326.743374981
shabani_noskin,1100,40.38076152304609,0.14354341650278196,57378953.146824054
shabani_noskin,1101,40.476953907815634,0.14349375570863893,57490582.979558192
shabani_noskin,1102,40.573146292585172,0.14344432835958112,57602216.210587248
shabani_noskin,1103,40.669338677354709,0.1433951328184318,57713852.809273571
shabani_noskin,1104,40.765531062124246,0.14334616746324869,57825492.745327309
shabani_noskin,1105,40.861723446893791,0.14329743068714748,57937135.988801591
shabani_noskin,1106,40.957915831663328,0.14324892089812827,58048782.510087833
shabani_noskin,1107,41.054108216432866,0.14320063651890383,58160432.279911213
shabani_noskin,1108,41.150300601202403,0.14315257598673006,58272085.269326054
shabani_noskin,1109,41.24649298597194,0.14310473775323965,58383741.449711494
shabani_noskin,1110,41.342685370741485,0.143057120284277,58495400.792766981
shabani_noskin,1111,41.438877755511022,0.14300972205973628,58607063.270508029
shabani_noskin,1112,41.53507014028056,0.14296254157340071,58718728.855261944
shabani_noskin,1113,41.631262525050097,0.14291557733278537,58830397.519663669
shabani_noskin,1114,41.727454909819642,0.14286882785898097,58942069.236651659
shabani_noskin,1115,41.823647294589179,0.14282229168649999,59053743.979463831
shabani_noskin,1116,41.919839679358716,0.14277596736312551,59165421.721633554
shabani_noskin,1117,42.016032064128254,0.1427298534497613,59277102.436985783
shabani_noskin,1118,42.112224448897798,0.1426839485202844,59388786.099633105
shabani_noskin,1119,42.208416833667336,0.14263825116139972,59500472.683972038
shabani_noskin,1120,42.304609218436873,0.14259275997249593,59612162.164679207
shabani_noskin,1121,42.400801603206411,0.1425474735655044,59723854.516707726
shabani_noskin,1122,42.496993987975955,0.142502390564759,59835549.715283513
shabani_noskin,1123,42.593186372745492,0.14245750960685821,59947247.735901646
shabani_noskin,1124,42.68937875751503,0.14241282934052915,60058948.554323047
shabani_noskin,1125,42.785571142284567,0.14236834842649307,60170652.146570794
shabani_noskin,1126,42.881763527054112,0.14232406553733315,60282358.48892691
shabani_noskin,1127,42.977955911823649,0.14227997935736336,60394067.557928793
shabani_noskin,1128,43.074148296593187,0.14223608858249973,60505779.330366075
shabani_noskin,1129,43.170340681362724,0.14219239192013275,60617493.783277251
shabani_noskin,1130,43.266533066132261,0.14214888808900189,60729210.893946536
shabani_noskin,1131,43.362725450901806,0.14210557581907141,60840930.639900714
shabani_noskin,1132,43.458917835671343,0.14206245385140809,60952652.998905875
shabani_noskin,1133,43.555110220440881,0.14201952093806033,61064377.948964559
shabani_noskin,1134,43.651302605210418,0.14197677584193891,61176105.468312606
shabani_noskin,1135,43.747494989979963,0.14193421733669931,61287835.535416164
shabani_noskin,1136,43.8436873747495,0.14189184420662534,61399568.12896879
shabani_noskin,1137,43.939879759519037,0.14184965524651502,61511303.227888636
shabani_noskin,1138,44.036072144288575,0.14180764926156675,61623040.81131541
shabani_noskin,1139,44.132264529058119,0.14176582506726795,61734780.858607844
shabani_noskin,1140,44.228456913827657,0.14172418148928451,61846523.34934058
shabani_noskin,1141,44.324649298597194,0.14168271736335225,61958268.26330182
shabani_noskin,1142,44.420841683366731,0.14164143153516925,62070015.580490358
shabani_noskin,1143,44.517034068136276,0.14160032286028942,62181765.281113073
shabani_noskin,1144,44.613226452905813,0.14155939020401828,62293517.345582314
shabani_noskin,1145,44.709418837675351,0.14151863244130919,62405271.754513256
shabani_noskin,1146,44.805611222444888,0.1414780484566612,62517028.488721512
shabani_noskin,1147,44.901803607214426,0.14143763714401844,62628787.529220492
shabani_noskin,1148,44.99799599198397,0.14139739740667023,62740548.857219003
shabani_noskin,1149,45.094188376753507,0.14135732815715316,62852312.454118915
shabani_noskin,1150,45.190380761523045,0.14131742831715369,62964078.301512577
shabani_noskin,1151,45.286573146292582,0.1412776968174124,63075846.381180733
shabani_noskin,1152,45.382765531062127,0.14123813259762955,63187616.675089933
shabani_noskin,1153,45.478957915831664,0.14119873460637128,63299389.165390372
shabani_noskin,1154,45.575150300601202,0.14115950180097744,63411163.834413797
shabani_noskin,1155,45.671342685370739,0.14112043314747053,63522940.664670937
shabani_noskin,1156,45.767535070140283,0.14108152762046555,63634719.638849661
shabani_noskin,1157,45.863727454909821,0.14104278420308111,63746500.739812516
shabani_noskin,1158,45.959919839679358,0.14100420188685181,63858283.950594902
shabani_noskin,1159,46.056112224448896,0.1409657796716412,63970069.254402764
shabani_noskin,1160,46.15230460921844,0.1409275165655563,64081856.634610601
shabani_noskin,1161,46.248496993987978,0.14088941158486307,64193646.074759394
shabani_noskin,1162,46.344689378757515,0.14085146375390267,64305437.558554687
shabani_noskin,1163,46.440881763527052,0.14081367210500917,64417231.069864482
shabani_noskin,1164,46.53707414829659,0.14077603567842781,64529026.592717379
shabani_noskin,1165,46.633266533066134,0.14073855352223436,64640824.11130067
shabani_noskin,1166,46.729458917835672,0.14070122469225596,64752623.609958351
shabani_noskin,1167,46.825651302605209,0.14066404825199219,64864425.073189236
shabani_noskin,1168,46.921843687374746,0.14062702327253754,64976228.485645294
shabani_noskin,1169,47.018036072144291,0.14059014883250465,65088033.83212962
shabani_noskin,1170,47.114228456913828,0.14055342401794879,65199841.09759476
shabani_noskin,1171,47.210420841683366,0.1405168479222926,65311650.267140903
shabani_noskin,1172,47.306613226452903,0.14048041964625255,65423461.326014191
shabani_noskin,1173,47.402805611222448,0.1404441382977655,65535274.259604864
shabani_noskin,1174,47.498997995991985,0.14040800299191677,65647089.053445742
shabani_noskin,1175,47.595190380761522,0.14037201285086873,65758905.693210386
shabani_noskin,1176,47.69138276553106,0.14033616700379023,65870724.164711602
shabani_noskin,1177,47.787575150300604,0.14030046458678699,65982544.453899615
shabani_noskin,1178,47.883767535070142,0.1402649047428331,66094366.546860732
shabani_noskin,1179,47.979959919839679,0.1402294866217024,66206190.429815471
shabani_noskin,1180,48.076152304609217,0.14019420937990179,66318016.089117244
shabani_noskin,1181,48.172344689378761,0.14015907218060478,66429843.511250652
shabani_noskin,1182,48.268537074148298,0.14012407419358561,66541672.682829998
shabani_noskin,1183,48.364729458917836,0.14008921459515472,66653503.590597905
shabani_noskin,1184,48.460921843687373,0.14005449256809446,66765336.221423596
shabani_noskin,1185,48.557114228456911,0.1400199073015958,66877170.56230171
shabani_noskin,1186,48.653306613226455,0.13998545799119583,66989006.600350745
shabani_noskin,1187,48.749498997995993,0.13995114383871579,67100844.322811469
shabani_noskin,1188,48.84569138276553,0.13991696405219997,67212683.717045844
shabani_noskin,1189,48.941883767535067,0.13988291784585538,67324524.77053535
shabani_noskin,1190,49.038076152304612,0.13984900443999185,67436367.470879853
shabani_noskin,1191,49.134268537074149,0.13981522306096314,67548211.805796057
shabani_noskin,1192,49.230460921843687,0.13978157294110863,67660057.763116345
shabani_noskin,1193,49.326653306613224,0.13974805331869539,67771905.330787376
shabani_noskin,1194,49.422845691382769,0.1397146634378614,67883754.496868715
shabani_noskin,1195,49.519038076152306,0.13968140254855929,67995605.24953182
shabani_noskin,1196,49.615230460921843,0.1396482699065002,68107457.577058464
shabani_noskin,1197,49.711422845691381,0.1396152647730993,68219311.467839718
shabani_noskin,1198,49.807615230460925,0.13958238641542073,68331166.910374701
shabani_noskin,1199,49.903807615230463,0.13954963410612434,68443023.893269181
shabani_noskin,1200,50,0.13951700712341211,68554882.40523456
shabani_noskin,1201,50,0.13951700712341211,68554882.40523456
shabani_noskin,1202,50.501002004008015,0.13934907353815798,69137503.112747595
shabani_noskin,1203,51.00200400801603,0.13918442167848599,69720163.465758592
shabani_noskin,1204,51.503006012024045,0.13902295648941912,70302862.000091836
shabani_noskin,1205,52.004008016032067,0.13886458654511399,70885597.31930536
shabani_noskin,1206,52.505010020040082,0.13870922387757206,71468368.090944037
shabani_noskin,1207,53.006012024048097,0.1385567838149484,72051173.043033406
shabani_noskin,1208,53.507014028056112,0.13840718482883763,72634010.960796371
shabani_noskin,1209,54.008016032064127,0.13826034838996112,73216880.683576345
shabani_noskin,1210,54.509018036072142,0.13811619883172227,73799781.101952657
shabani_noskin,1211,55.010020040080164,0.13797466322113347,74382711.155034289
shabani_noskin,1212,55.511022044088179,0.13783567123665616,74965669.827919289
shabani_noskin,1213,56.012024048096194,0.13769915505252492,75548656.149308905
shabani_noskin,1214,56.513026052104209,0.13756504922915896,76131669.189264923
shabani_noskin,1215,57.014028056112224,0.13743329060929063,76714708.057101279
shabani_noskin,1216,57.515030060120239,0.137303818219466,77297771.89940019
shabani_noskin,1217,58.016032064128254,0.13717657317659723,77880859.898144692
shabani_noskin,1218,58.517034068136269,0.13705149859926677,78463971.268960148
shabani_noskin,1219,59.018036072144291,0.13692853952350426,79047105.259456754
shabani_noskin,1220,59.519038076152306,0.13680764282277544,79630261.14766708
shabani_noskin,1221,60.020040080160321,0.13668875713193984,80213438.240572408
shabani_noskin,1222,60.521042084168336,0.1365718327749493,80796635.872711688
shabani_noskin,1223,61.022044088176351,0.13645682169607512,81379853.404868349
shabani_noskin,1224,61.523046092184373,0.1363436773944639,81963090.222829863
shabani_noskin,1225,62.024048096192388,0.13623235486183705,82546345.7362151
shabani_noskin,1226,62.525050100200403,0.13612281052315767,83129619.377366036
shabani_noskin,1227,63.026052104208418,0.13601500218010329,83712910.600299105
shabani_noskin,1228,63.527054108216433,0.13590888895718956,84296218.879712626
shabani_noskin,1229,64.028056112224448,0.13580443125040143,84879543.710047573
shabani_noskin,1230,64.529058116232463,0.1357015906781977,85462884.604597479
shabani_noskin,1231,65.030060120240478,0.1356003300347608,86046241.09466511
shabani_noskin,1232,65.531062124248493,0.1355006132453736,86629612.728763074
shabani_noskin,1233,66.032064128256508,0.13540240532381143,87212999.071855664
shabani_noskin,1234,66.533066132264537,0.13530567233164315,87796399.704639569
shabani_noskin,1235,67.034068136272538,0.13521038133934343,88379814.222860962
shabani_noskin,1236,67.535070140280567,0.13511650038912229,88963242.236667395
shabani_noskin,1237,68.036072144288582,0.13502399845938376,89546683.369991913
shabani_noskin,1238,68.537074148296597,0.13493284543073239,90130137.259967878
shabani_noskin,1239,69.038076152304612,0.13484301205344837,90713603.556372672
shabani_noskin,1240,69.539078156312627,0.13475446991635803,91297081.921098739
shabani_noskin,1241,70.040080160320642,0.13466719141703107,91880572.027650312
shabani_noskin,1242,70.541082164328657,0.13458114973323859,92464073.560664549
shabani_noskin,1243,71.042084168336672,0.13449631879560958,93047586.215455562
shabani_noskin,1244,71.543086172344687,0.13441267326142947,93631109.697580144
shabani_noskin,1245,72.044088176352702,0.13433018848952305,94214643.722424164
shabani_noskin,1246,72.545090180360717,0.13424884051617236,94798188.014808536
shabani_noskin,1247,73.046092184368746,0.13417793753806415,95380388.375942394
shabani_noskin,1248,73.547094188376747,0.13411038317099458,95962265.161804229
shabani_noskin,1249,74.048096192384776,0.13404839793249587,96543489.574894294
shabani_noskin,1250,74.549098196392791,0.13399187647304056,97124069.779897928
shabani_noskin,1251,75.050100200400806,0.13394071606006092,97704013.68787457
shabani_noskin,1252,75.551102204408821,0.13389481649715257,98283328.965665162
shabani_noskin,1253,76.052104208416836,0.13385408004625382,98862023.044896036
shabani_noskin,1254,76.553106212424851,0.13381841135267189,99440103.130598292
shabani_noskin,1255,77.054108216432866,0.13378771737283726,100017576.20946099
shabani_noskin,1256,77.555110220440881,0.13376190730466886,100594449.05773717
shabani_noskin,1257,78.056112224448896,0.13374089252044333,101170728.24881728
shabani_noskin,1258,78.557114228456911,0.13372458650206143,101746420.16048771
shabani_noskin,1259,79.058116232464926,0.13371290477861347,102321530.98188841
shabani_noskin,1260,79.559118236472941,0.13370576486614938,102896066.72018358
shabani_noskin,1261,80.060120240480956,0.13370308620956214,103470033.20695964
shabani_noskin,1262,80.561122244488985,0.13370479012649972,104043436.10436232
shabani_noskin,1263,81.062124248496986,0.13371079975322242,104616280.91098553
shabani_noskin,1264,81.563126252505015,0.1337210399923274,105188572.96752316
shabani_noskin,1265,82.064128256513015,0.13373543746226702,105760317.46219446
shabani_noskin,1266,82.565130260521045,0.1337539204485878,106331519.43595409
shabani_noskin,1267,83.06613226452906,0.13377641885682248,106902183.78749496
shabani_noskin,1268,83.567134268537075,0.13380286416697193,107472315.27805546
shabani_noskin,1269,84.06813627254509,0.13383318938951058,108041918.53603756
shabani_noskin,1270,84.569138276553105,0.13386732902286219,108610998.06144567
shabani_noskin,1271,85.07014028056112,0.13390521901228236,109179558.23015356
shabani_noskin,1272,85.571142284569135,0.13394679671009904,109747603.29800719
shabani_noskin,1273,86.072144288577164,0.13399200083725585,110315137.40477023
shabani_noskin,1274,86.573146292585164,0.1340407714461109,110882164.57791935
shabani_noskin,1275,87.074148296593194,0.13409304988444085,111448688.73629624
shabani_noskin,1276,87.575150300601194,0.13414877876060763,112014713.69362132
shabani_noskin,1277,88.076152304609224,0.13420790190984322,112580243.16187657
shabani_noskin,1278,88.577154308617224,0.1342703643616095,113145280.75456153
shabani_noskin,1279,89.078156312625254,0.13433611230799616,113709829.98982929
shabani_noskin,1280,89.579158316633269,0.13440509307311521,114273894.29350616
shabani_noskin,1281,90.080160320641284,0.13447725508345865,114837477.00200117
shabani_noskin,1282,90.581162324649299,0.1345525478391815,115400581.36510892
shabani_noskin,1283,91.082164328657313,0.13463092188627829,115963210.5487109
shabani_noskin,1284,91.583166332665328,0.13471232878962106,116525367.63737895
shabani_noskin,1285,92.084168336673343,0.1347967211068255,117087055.6368857
shabani_noskin,1286,92.585170340681373,0.13488405236291828,117648277.47662452
shabani_noskin,1287,93.086172344689373,0.13497427702577725,118209036.01194394
shabani_noskin,1288,93.587174348697403,0.135067350482313,118769334.02639925
shabani_noskin,1289,94.088176352705403,0.13516322901537192,119329174.23392454
shabani_noskin,1290,94.589178356713433,0.1352618697813309,119888559.28092925
shabani_noskin,1291,95.090180360721433,0.13536323078836068,120447491.74832085
shabani_noskin,1292,95.591182364729463,0.13546727087533564,121005974.15345779
shabani_noskin,1293,96.092184368737477,0.13557394969136682,121564008.95203501
shabani_noskin,1294,96.593186372745492,0.1356832276759373,122121598.5399043
shabani_noskin,1295,97.094188376753507,0.13579506603961897,122678745.25483307
shabani_noskin,1296,97.595190380761522,0.13590942674535073,123235451.37820232
shabani_noskin,1297,98.096192384769537,0.13602627249026014,123791719.13664816
shabani_noskin,1298,98.597194388777552,0.13614556668800901,124347550.70364711
shabani_noskin,1299,99.098196392785582,0.13626727345164616,124902948.20104849
shabani_noskin,1300,99.599198396793582,0.13639135757695048,125457913.70055635
shabani_noskin,1301,100.10020040080161,0.13651778452624716,126012449.225161
shabani_noskin,1302,100.60120240480961,0.13664652041268241,126566556.75052358
shabani_noskin,1303,101.10220440881764,0.13677753198494158,127120238.20631585
shabani_noskin,1304,101.60320641282564,0.13691078661239467,127673495.47751489
shabani_noskin,1305,102.10420841683367,0.13704625227065839,128226330.40565629
shabani_noskin,1306,102.60521042084169,0.13718389752755702,128778744.79004654
shabani_noskin,1307,103.1062124248497,0.13732369152947399,129330740.38893616
shabani_noskin,1308,103.60721442885772,0.13746560398807706,129882318.92065501
shabani_noskin,1309,104.10821643286573,0.13760960516740822,130433482.06471129
shabani_noskin,1310,104.60921843687375,0.1377556658713264,130984231.46285582
shabani_noskin,1311,105.11022044088176,0.13790375743128988,131534568.72011209
shabani_noskin,1312,105.61122244488978,0.13805385169446976,132084495.40577392
shabani_noskin,1313,106.11222444889779,0.13820592101218312,132634013.05437188
shabani_noskin,1314,106.61322645290582,0.13835993822863618,133183123.16660941
shabani_noskin,1315,107.11422845691382,0.13851587666996729,133731827.21026938
shabani_noskin,1316,107.61523046092185,0.13867371013358201,134280126.62109327
shabani_noskin,1317,108.11623246492985,0.13883341287776829,134828022.80363229
shabani_noskin,1318,108.61723446893788,0.13899495961158689,135375517.13207322
shabani_noskin,1319,109.11823647294588,0.13915832548502527,135922610.951038
shabani_noskin,1320,109.61923847695391,0.13932348607940953,136469305.57635996
shabani_noskin,1321,110.12024048096193,0.13949041739806442,137015602.29583544
shabani_noskin,1322,110.62124248496994,0.13965909585721611,137561502.36995342
shabani_noskin,1323,111.12224448897796,0.1398294982771276,138107007.03260311
shabani_noskin,1324,111.62324649298597,0.14000160187346336,138652117.49175987
shabani_noskin,1325,112.12424849699399,0.14017538424887377,139196834.93015096
shabani_noskin,1326,112.625250501002,0.14035082338479196,139741160.50590163
shabani_noskin,1327,113.12625250501003,0.14052789763344173,140285095.35316202
shabani_noskin,1328,113.62725450901803,0.14070658571004346,140828640.58271509
shabani_noskin,1329,114.12825651302605,0.14088686668521863,141371797.28256759
shabani_noskin,1330,114.62925851703407,0.14106871997758194,141914566.51852286
shabani_noskin,1331,115.13026052104209,0.14125212534651932,142456949.3347376
shabani_noskin,1332,115.6312625250501,0.1414370628851449,142998946.75426212
shabani_noskin,1333,116.13226452905812,0.14162351301343123,143540559.77956524
shabani_noskin,1334,116.63326653306613,0.14181145647150889,144081789.39304379
shabani_noskin,1335,117.13426853707415,0.14200087431313102,144622636.55751798
shabani_noskin,1336,117.63527054108216,0.14219174789929517,145163102.21671209
shabani_noskin,1337,118.13627254509018,0.14238405889202241,145703187.29572189
shabani_noskin,1338,118.63727454909819,0.14257778924828576,146242892.70146871
shabani_noskin,1339,119.13827655310621,0.14277292121408483,146782219.32314071
shabani_noskin,1340,119.63927855711422,0.14296943731866354,147321168.0326218
shabani_noskin,1341,120.14028056112224,0.1431673203688652,147859739.68490836
shabani_noskin,1342,120.64128256513025,0.14336655344362279,148397935.11851481
shabani_noskin,1343,121.14228456913828,0.1435671198885792,148935755.15586755
shabani_noskin,1344,121.6432865731463,0.143769003310835,149473200.60368785
shabani_noskin,1345,122.14428857715431,0.1439721875738198,150010272.25336486
shabani_noskin,1346,122.64529058116233,0.14417665679228395,150546970.88131768
shabani_noskin,1347,123.14629258517034,0.14438239532740674,151083297.24934798
shabani_noskin,1348,123.64729458917836,0.1445893877820188,151619252.10498315
shabani_noskin,1349,124.14829659318637,0.14479761899593463,152154836.18180925
shabani_noskin,1350,124.64929859719439,0.14500707404139429,152690050.19979635
shabani_noskin,1351,125.1503006012024,0.14521773821860762,153224894.86561391
shabani_noskin,1352,125.65130260521042,0.14542959705140299,153759370.87293842
shabani_noskin,1353,126.15230460921843,0.14564263628297289,154293478.9027524
shabani_noskin,1354,126.65330661322645,0.14585684187171866,154827219.62363589
shabani_noskin,1355,127.15430861723446,0.14607219998718746,155360593.69204983
shabani_noskin,1356,127.65531062124248,0.14628869700610173,155893601.75261208
shabani_noskin,1357,128.15631262525051,0.14650631950847767,156426244.43836635
shabani_noskin,1358,128.65731462925851,0.14672505427383084,156958522.37104377
shabani_noskin,1359,129.15831663326654,0.14694488827746596,157490436.16131794
shabani_noskin,1360,129.65931863727457,0.14716580868685003,158021986.40905306
shabani_noskin,1361,130.16032064128257,0.14738780285806463,158553173.70354617
shabani_noskin,1362,130.66132264529057,0.14761085833233745,159083998.6237621
shabani_noskin,1363,131.1623246492986,0.14783496283264952,159614461.73856366
shabani_noskin,1364,131.66332665330663,0.14806010426041699,160144563.60693499
shabani_noskin,1365,132.16432865731463,0.14828627069224504,160674304.77819949
shabani_noskin,1366,132.66533066132263,0.1485134503767532,161203685.7922326
shabani_noskin,1367,133.16633266533066,0.14874163173146771,161732707.17966813
shabani_noskin,1368,133.66733466933869,0.1489708033397833,162261369.46210071
shabani_noskin,1369,134.16833667334669,0.14920095394798805,162789673.15228239
shabani_noskin,1370,134.66933867735472,0.14943207246235418,163317618.75431409
shabani_noskin,1371,135.17034068136275,0.14966414794628827,163845206.76383293
shabani_noskin,1372,135.67134268537075,0.14989716961754546,164372437.66819438
shabani_noskin,1373,136.17234468937875,0.15013112684549967,164899311.94665024
shabani_noskin,1374,136.67334669338678,0.15036600914847326,165425830.07052195
shabani_noskin,1375,137.17434869739481,0.15060180619112259,165951992.50336966
shabani_noskin,1376,137.67535070140281,0.15083850778187785,166477799.70115745
shabani_noskin,1377,138.17635270541081,0.15107610387043752,167003252.11241406
shabani_noskin,1378,138.67735470941884,0.15131458454531344,167528350.17838997
shabani_noskin,1379,139.17835671342687,0.15155394003142905,168053094.33321077
shabani_noskin,1380,139.67935871743487,0.15179416068776472,168577485.00402632
shabani_noskin,1381,140.18036072144287,0.15203523700505395,169101522.61115709
shabani_noskin,1382,140.6813627254509,0.15227715960352572,169625207.56823632
shabani_noskin,1383,141.18236472945893,0.15251991923069319,170148540.28234875
shabani_noskin,1384,141.68336673346693,0.15276350675918757,170671521.15416679
shabani_noskin,1385,142.18436873747495,0.1530079131846365,171194150.5780825
shabani_noskin,1386,142.68537074148298,0.15325312962358481,171716428.94233716
shabani_noskin,1387,143.18637274549098,0.15349914731145781,172238356.6291472
shabani_noskin,1388,143.68737474949899,0.15374595760056475,172759934.01482782
shabani_noskin,1389,144.18837675350701,0.15399355195814404,173281161.4699131
shabani_noskin,1390,144.68937875751504,0.15424192196444528,173802039.35927361
shabani_noskin,1391,145.19038076152304,0.15449105931085164,174322568.04223102
shabani_noskin,1392,145.69138276553105,0.15474095579803815,174842747.8726705
shabani_noskin,1393,146.19238476953907,0.15499160333416717,175362579.19915035
shabani_noskin,1394,146.6933867735471,0.15524299393311911,175882062.3650085
shabani_noskin,1395,147.1943887775551,0.15549511971275828,176401197.70846736
shabani_noskin,1396,147.69539078156311,0.15574797289323253,176919985.56273603
shabani_noskin,1397,148.19639278557116,0.15600154579530615,177438426.25611004
shabani_noskin,1398,148.69739478957916,0.15625583083872546,177956520.11206865
shabani_noskin,1399,149.19839679358716,0.15651082054061527,178474267.44937027
shabani_noskin,1400,149.69939879759519,0.15676650751390828,178991668.58214605
shabani_noskin,1401,150.20040080160322,0.15702288446580251,179508723.81999013
shabani_noskin,1402,150.70140280561122,0.15727994419625005,180025433.46804902
shabani_noskin,1403,151.20240480961922,0.15753767959647375,180541797.82710907
shabani_noskin,1404,151.70340681362725,0.15779608364751341,181057817.19368047
shabani_noskin,1405,152.20440881763528,0.1580551494187982,181573491.86008152
shabani_noskin,1406,152.70541082164328,0.15831487006674727,182088822.11451894
shabani_noskin,1407,153.20641282565128,0.15857523883339689,182603808.2411682
shabani_noskin,1408,153.70741482965931,0.1588362490450522,183118450.5202508
shabani_noskin,1409,154.20841683366734,0.15909789411096664,183632749.22811022
shabani_noskin,1410,154.70941883767534,0.15936016752204321,184146704.6372869
shabani_noskin,1411,155.21042084168337,0.15962306284956296,184660317.01659018
shabani_noskin,1412,155.7114228456914,0.15988657374393478,185173586.63117
shabani_noskin,1413,156.2124248496994,0.16015069393347023,185686513.74258628
shabani_noskin,1414,156.7134268537074,0.1604154172231792,186199098.60887727
shabani_noskin,1415,157.21442885771543,0.16068073749359002,186711341.48462582
shabani_noskin,1416,157.71543086172346,0.16094664869958963,187223242.62102476
shabani_noskin,1417,158.21643286573146,0.16082861166001139,187186060.33206704
shabani_noskin,1418,158.71743486973946,0.16073825494080232,187187587.3315765
shabani_noskin,1419,159.21843687374749,0.16064844758362398,187189100.42620149
shabani_noskin,1420,159.71943887775552,0.16055918459354132,187190599.78425515
shabani_noskin,1421,160.22044088176352,0.16047046103598989,187192085.5715116
shabani_noskin,1422,160.72144288577152,0.16038227203586636,187193557.9512518
shabani_noskin,1423,161.22244488977955,0.16029461277663598,187195017.08430833
shabani_noskin,1424,161.72344689378758,0.16020747849945527,187196463.12910941
shabani_noskin,1425,162.22444889779558,0.16012086450231122,187197896.24172181
shabani_noskin,1426,162.72545090180361,0.16003476613917475,187199316.57589293
shabani_noskin,1427,163.22645290581164,0.15994917881917101,187200724.28309229
shabani_noskin,1428,163.72745490981964,0.15986409800576251,187202119.51255158
shabani_noskin,1429,164.22845691382764,0.15977951921594818,187203502.41130447
shabani_noskin,1430,164.72945891783567,0.15969543801947536,187204873.12422517
shabani_noskin,1431,165.2304609218437,0.1596118500380668,187206231.79406649
shabani_noskin,1432,165.7314629258517,0.15952875094466026,187207578.561497
shabani_noskin,1433,166.2324649298597,0.15944613646266223,187208913.56513733
shabani_noskin,1434,166.73346693386773,0.15936400236521378,187210236.941596
shabani_noskin,1435,167.23446893787576,0.15928234447447007,187211548.82550427
shabani_noskin,1436,167.73547094188376,0.1592011586608918,187212849.3495504
shabani_noskin,1437,168.23647294589176,0.15912044084254923,187214138.64451331
shabani_noskin,1438,168.73747494989982,0.15904018698443775,187215416.839295
shabani_noskin,1439,169.23847695390782,0.15896039309780563,187216684.06095362
shabani_noskin,1440,169.73947895791582,0.15888105523949334,187217940.43473423
shabani_noskin,1441,170.24048096192385,0.15880216951128373,187219186.08410019
shabani_noskin,1442,170.74148296593188,0.15872373205926371,187220421.13076326
shabani_noskin,1443,171.24248496993988,0.15864573907319654,187221645.69471356
shabani_noskin,1444,171.74348697394788,0.15856818678590512,187222859.89424857
shabani_noskin,1445,172.24448897795591,0.15849107147266495,187224063.84600171
shabani_noskin,1446,172.74549098196394,0.15841438945060834,187225257.66497049
shabani_noskin,1447,173.24649298597194,0.15833813707813765,187226441.46454352
shabani_noskin,1448,173.74749498997994,0.15826231075434902,187227615.35652819
shabani_noskin,1449,174.24849699398797,0.15818690691846565,187228779.45117646
shabani_noskin,1450,174.749498997996,0.15811192204928001,187229933.85721081
shabani_noskin,1451,175.250501002004,0.1580373526646062,187231078.6818499
shabani_noskin,1452,175.75150300601203,0.15796319532074055,187232214.03083339
shabani_noskin,1453,176.25250501002006,0.15788944661193163,187233340.0084461
shabani_noskin,1454,176.75350701402806,0.15781610316985897,187234456.71754223
shabani_noskin,1455,177.25450901803606,0.15774316166311983,187235564.25956887
shabani_noskin,1456,177.75551102204409,0.15767061879672534,187236662.73458868
shabani_noskin,1457,178.25651302605209,0.15759847131160412,187237752.24130306
shabani_noskin,1458,178.75751503006012,0.15752671598411377,187238832.87707379
shabani_noskin,1459,179.25851703406815,0.15745534962556143,187239904.73794493
shabani_noskin,1460,179.75951903807615,0.15738436908173101,187240967.9186646
shabani_noskin,1461,180.26052104208418,0.15731377123241869,187242022.51270518
shabani_noskin,1462,180.76152304609218,0.1572435529909755,187243068.61228433
shabani_noskin,1463,181.26252505010021,0.15717371130385765,187244106.30838516
shabani_noskin,1464,181.76352705410821,0.15710424315018376,187245135.69077572
shabani_noskin,1465,182.26452905811624,0.15703514554129944,187246156.84802884
shabani_noskin,1466,182.76553106212424,0.15696641552034846,187247169.86754063
shabani_noskin,1467,183.26653306613227,0.15689805016185121,187248174.83554974
shabani_noskin,1468,183.76753507014027,0.15683004657128941,187249171.83715531
shabani_noskin,1469,184.2685370741483,0.15676240188469784,187250160.95633534
shabani_noskin,1470,184.7695390781563,0.15669511326826202,187251142.27596381
shabani_noskin,1471,185.27054108216433,0.15662817791792272,187252115.87782884
shabani_noskin,1472,185.77154308617236,0.15656159305898637,187253081.84264889
shabani_noskin,1473,186.27254509018036,0.15649535594574115,187254040.2500903
shabani_noskin,1474,186.77354709418839,0.15642946386108059,187254991.17878294
shabani_noskin,1475,187.27454909819639,0.15636391411613121,187255934.70633692
shabani_noskin,1476,187.77555110220442,0.15629870404988686,187256870.90935817
shabani_noskin,1477,188.27655310621242,0.15623383102884902,187257799.86346403
shabani_noskin,1478,188.77755511022045,0.15616929244667194,187258721.64329854
shabani_noskin,1479,189.27855711422845,0.15610508572381354,187259636.32254735
shabani_noskin,1480,189.77955911823648,0.15604120830719234,187260543.97395271
shabani_noskin,1481,190.28056112224448,0.155977657669848,187261444.66932741
shabani_noskin,1482,190.78156312625251,0.15591443131060909,187262338.4795697
shabani_noskin,1483,191.28256513026051,0.1558515267537644,187263225.47467655
shabani_noskin,1484,191.78356713426854,0.15578894154873987,187264105.72375786
shabani_noskin,1485,192.28456913827657,0.15572667326978046,187264979.29504949
shabani_noskin,1486,192.78557114228457,0.15566471951563696,187265846.255927
shabani_noskin,1487,193.2865731462926,0.15560307790925673,187266706.67291823
shabani_noskin,1488,193.7875751503006,0.15554174609748012,187267560.61171618
shabani_noskin,1489,194.28857715430863,0.15548072175074096,187268408.13719159
shabani_noskin,1490,194.78957915831663,0.15542000256277178,187269249.31340516
shabani_noskin,1491,195.29058116232466,0.15535958625031251,187270084.20361972
shabani_noskin,1492,195.79158316633266,0.15529947055282528,187270912.87031233
shabani_noskin,1493,196.29258517034069,0.155239653232212,187271735.37518561
shabani_noskin,1494,196.79358717434869,0.15518013207253653,187272551.77917948
shabani_noskin,1495,197.29458917835672,0.15512090487975108,187273362.14248219
shabani_noskin,1496,197.79559118236472,0.1550619694814267,187274166.52454168
shabani_noskin,1497,198.29659318637275,0.15500332372648781,187274964.98407641
shabani_noskin,1498,198.79759519038078,0.1549449654849501,187275757.57908607
shabani_noskin,1499,199.29859719438878,0.15488689264766314,187276544.36686203
shabani_noskin,1500,199.79959919839681,0.15482910312605563,187277325.40399775
shabani_noskin,1501,200.30060120240481,0.15477159485188563,187278100.74639896
shabani_noskin,1502,200.80160320641284,0.15471436577699368,187278870.44929376
shabani_noskin,1503,201.30260521042084,0.15465741387305934,187279634.56724221
shabani_noskin,1504,201.80360721442887,0.15460073713136191,187280393.15414637
shabani_noskin,1505,202.30460921843687,0.15454433356254418,187281146.26325926
shabani_noskin,1506,202.8056112224449,0.15448820119637927,187281893.94719496
shabani_noskin,1507,203.3066132264529,0.15443233808154208,187282636.25793684
shabani_noskin,1508,203.80761523046093,0.15437674228538198,187283373.24684775
shabani_noskin,1509,204.30861723446893,0.15432141189370124,187284104.96467769
shabani_noskin,1510,204.80961923847696,0.15426634501053443,187284831.46157354
shabani_noskin,1511,205.31062124248496,0.15421153975793192,187285552.78708708
shabani_noskin,1512,205.81162324649299,0.15415699427574706,187286268.99018371
shabani_noskin,1513,206.31262525050101,0.15410270672142473,187286980.11925054
shabani_noskin,1514,206.81362725450902,0.15404867526979493,187287686.22210482
shabani_noskin,1515,207.31462925851704,0.15399489811286726,187288387.34600168
shabani_noskin,1516,207.81563126252505,0.15394137345962997,187289083.53764239
shabani_noskin,1517,208.31663326653307,0.15388809953585059,187289774.84318179
shabani_noskin,1518,208.81763527054107,0.15383507458388035,187290461.30823615
shabani_noskin,1519,209.3186372745491,0.15378229686246062,187291142.97789076
shabani_noskin,1520,209.8196392785571,0.15372976464653226,187291819.89670694
shabani_noskin,1521,210.32064128256513,0.15367747622704789,187292492.10872978
shabani_noskin,1522,210.82164328657313,0.15362542991078651,187293159.65749532
shabani_noskin,1523,211.32264529058116,0.15357362402017022,187293822.58603692
shabani_noskin,1524,211.82364729458916,0.15352205689308501,187294480.93689317
shabani_noskin,1525,212.32464929859719,0.15347072688270169,187295134.75211379
shabani_noskin,1526,212.82565130260522,0.15341963235730188,187295784.07326707
shabani_noskin,1527,213.32665330661322,0.15336877170010416,187296428.94144619
shabani_noskin,1528,213.82765531062125,0.15331814330909402,187297069.39727554
shabani_noskin,1529,214.32865731462925,0.15326774559685535,187297705.4809173
shabani_noskin,1530,214.82965931863728,0.15321757699040484,187298337.23207796
shabani_noskin,1531,215.33066132264528,0.15316763593102825,187298964.69001389
shabani_noskin,1532,215.83166332665331,0.15311792087411874,187299587.89353836
shabani_noskin,1533,216.33266533066131,0.15306843028901762,187300206.88102657
shabani_noskin,1534,216.83366733466934,0.15301916265885782,187300821.69042218
shabani_noskin,1535,217.33466933867734,0.15297011648040823,187301432.35924295
shabani_noskin,1536,217.83567134268537,0.15292129026392129,187302038.92458642
shabani_noskin,1537,218.33667334669337,0.15287268253298184,187302641.42313579
shabani_noskin,1538,218.8376753507014,0.15282429182435844,187303239.89116484
shabani_noskin,1539,219.33867735470943,0.15277611668785646,187303834.36454418
shabani_noskin,1540,219.83967935871743,0.15272815568617362,187304424.87874627
shabani_noskin,1541,220.34068136272546,0.15268040739475613,187305011.46885031
shabani_noskin,1542,220.84168336673346,0.15263287040165877,187305594.16954836
shabani_noskin,1543,221.34268537074149,0.15258554330740487,187306173.01514962
shabani_noskin,1544,221.84368737474949,0.15253842472484924,187306748.0395858
shabani_noskin,1545,222.34468937875752,0.15249151327904295,187307319.27641633
shabani_noskin,1546,222.84569138276552,0.15244480760709905,187307886.75883272
shabani_noskin,1547,223.34669338677355,0.15239830635806093,187308450.51966411
shabani_noskin,1548,223.84769539078155,0.15235200819277198,187309010.5913811
shabani_noskin,1549,224.34869739478958,0.15230591178374692,187309567.00610137
shabani_noskin,1550,224.84969939879758,0.15226001581504534,187310119.79559353
shabani_noskin,1551,225.35070140280561,0.15221431898214591,187310668.99128222
shabani_noskin,1552,225.85170340681364,0.15216881999182311,187311214.62425205
shabani_noskin,1553,226.35270541082164,0.15212351756202505,187311756.72525251
shabani_noskin,1554,226.85370741482967,0.15207841042175352,187312295.32470182
shabani_noskin,1555,227.35470941883767,0.15203349731094437,187312830.45269173
shabani_noskin,1556,227.8557114228457,0.15198877698035071,187313362.13899121
shabani_noskin,1557,228.3567134268537,0.15194424819142727,187313890.41305086
shabani_noskin,1558,228.85771543086173,0.15189990971621506,187314415.30400699
shabani_noskin,1559,229.35871743486973,0.15185576033722983,187314936.84068561
shabani_noskin,1560,229.85971943887776,0.15181179884734963,187315455.05160615
shabani_noskin,1561,230.36072144288576,0.15176802404970516,187315969.96498588
shabani_noskin,1562,230.86172344689379,0.15172443475757125,187316481.60874331
shabani_noskin,1563,231.36272545090179,0.15168102979425929,187316990.01050201
shabani_noskin,1564,231.86372745490982,0.15163780799301183,187317495.19759467
shabani_noskin,1565,232.36472945891782,0.15159476819689749,187317997.19706628
shabani_noskin,1566,232.86573146292585,0.1515519092587081,187318496.03567824
shabani_noskin,1567,233.36673346693388,0.1515092300408567,187318991.73991159
shabani_noskin,1568,233.86773547094188,0.15146672941527667,187319484.33597046
shabani_noskin,1569,234.36873747494991,0.15142440626332287,187319973.8497861
shabani_noskin,1570,234.86973947895791,0.1513822594756728,187320460.30701968
shabani_noskin,1571,235.37074148296594,0.15134028795223012,187320943.73306575
shabani_noskin,1572,235.87174348697394,0.1512984906020291,187321424.15305597
shabani_noskin,1573,236.37274549098197,0.15125686634313937,187321901.59186172
shabani_noskin,1574,236.87374749498997,0.15121541410257361,187322376.07409811
shabani_noskin,1575,237.374749498998,0.15117413281619402,187322847.62412632
shabani_noskin,1576,237.875751503006,0.15113302142862262,187323316.26605737
shabani_noskin,1577,238.37675350701403,0.15109207889315057,187323782.02375498
shabani_noskin,1578,238.87775551102203,0.15105130417164939,187324244.92083833
shabani_noskin,1579,239.37875751503006,0.1510106962344831,187324704.98068574
shabani_noskin,1580,239.87975951903809,0.15097025406042208,187325162.22643682
shabani_noskin,1581,240.38076152304609,0.15092997663655713,187325616.68099591
shabani_noskin,1582,240.88176352705412,0.15088986295821444,187326068.36703476
shabani_noskin,1583,241.38276553106212,0.15084991202887305,187326517.30699554
shabani_noskin,1584,241.88376753507015,0.1508101228600815,187326963.52309322
shabani_noskin,1585,242.38476953907815,0.15077049447137666,187327407.03731874
shabani_noskin,1586,242.88577154308618,0.1507310258902031,187327847.8714416
shabani_noskin,1587,243.38677354709418,0.15069171615183366,187328286.04701248
shabani_noskin,1588,243.88777555110221,0.15065256429929069,187328721.58536568
shabani_noskin,1589,244.38877755511021,0.15061356938326842,187329154.50762221
shabani_noskin,1590,244.88977955911824,0.15057473046205624,187329584.83469188
shabani_noskin,1591,245.39078156312624,0.15053604660146314,187330012.58727604
shabani_noskin,1592,245.89178356713427,0.15049751687474228,187330437.78587005
shabani_noskin,1593,246.3927855711423,0.15045914036251734,187330860.45076579
shabani_noskin,1594,246.8937875751503,0.1504209161527095,187331280.60205382
shabani_noskin,1595,247.39478957915833,0.15038284334046503,187331698.25962624
shabani_noskin,1596,247.89579158316633,0.15034492102808364,187332113.44317853
shabani_noskin,1597,248.39679358717436,0.15030714832494846,187332526.17221224
shabani_noskin,1598,248.89779559118236,0.15026952434745591,187332936.46603698
shabani_noskin,1599,249.39879759519039,0.15023204821894662,187333344.34377313
shabani_noskin,1600,249.89979959919839,0.15019471906963813,187333749.82435346
shabani_noskin,1601,250.40080160320642,0.15015753603655674,187334152.92652589
shabani_noskin,1602,250.90180360721442,0.15012049826347157,187334553.66885528
shabani_noskin,1603,251.40280561122245,0.15008360490082856,187334952.06972584
shabani_noskin,1604,251.90380761523045,0.15004685510568552,187335348.14734292
shabani_noskin,1605,252.40480961923848,0.15001024804164817,187335741.91973552
shabani_noskin,1606,252.90581162324651,0.14997378287880639,187336133.4047578
shabani_noskin,1607,253.40681362725451,0.14993745879367168,187336522.62009159
shabani_noskin,1608,253.90781563126254,0.14990127496911498,187336909.58324817
shabani_noskin,1609,254.40881763527054,0.1498652305943057,187337294.31157026
shabani_noskin,1610,254.90981963927857,0.14982932486465111,187337676.82223397
shabani_noskin,1611,255.41082164328657,0.14979355698173602,187338057.13225064
shabani_noskin,1612,255.9118236472946,0.14975792615326422,187338435.25846884
shabani_noskin,1613,256.41282565130257,0.14972243159299953,187338811.21757641
shabani_noskin,1614,256.91382765531063,0.14968707252070801,187339185.02610177
shabani_noskin,1615,257.41482965931863,0.14965184816210139,187339556.70041615
shabani_noskin,1616,257.91583166332668,0.1496167577487795,187339926.2567355
shabani_noskin,1617,258.41683366733469,0.1495818005181753,187340293.7111218
shabani_noskin,1618,258.91783567134269,0.14954697571349918,187340659.07948518
shabani_noskin,1619,259.41883767535069,0.1495122825836846,187341022.3775855
shabani_noskin,1620,259.91983967935869,0.14947772038333385,187341383.62103412
shabani_noskin,1621,260.42084168336675,0.1494432883726648,187341742.82529542
shabani_noskin,1622,260.92184368737475,0.14940898581745801,187342100.00568861
shabani_noskin,1623,261.4228456913828,0.14937481198900493,187342455.17738929
shabani_noskin,1624,261.9238476953908,0.14934076616405564,187342808.35543114
shabani_noskin,1625,262.42484969939881,0.1493068476247684,187343159.5547075
shabani_noskin,1626,262.92585170340681,0.14927305565865895,187343508.78997272
shabani_noskin,1627,263.42685370741481,0.14923938955855054,187343856.07584408
shabani_noskin,1628,263.92785571142281,0.14920584862252489,187344201.42680302
shabani_noskin,1629,264.42885771543087,0.14917243215387313,187344544.85719669
shabani_noskin,1630,264.92985971943887,0.1491391394610477,187344886.38123965
shabani_noskin,1631,265.43086172344692,0.1491059698576146,187345226.01301527
shabani_noskin,1632,265.93186372745492,0.14907292266220623,187345563.76647684
shabani_noskin,1633,266.43286573146293,0.14903999719847449,187345899.65544942
shabani_noskin,1634,266.93386773547093,0.14900719279504526,187346233.69363108
shabani_noskin,1635,267.43486973947893,0.14897450878547208,187346565.8945944
shabani_noskin,1636,267.93587174348698,0.14894194450819156,187346896.27178779
shabani_noskin,1637,268.43687374749499,0.14890949930647823,187347224.83853662
shabani_noskin,1638,268.93787575150304,0.14887717252840091,187347551.60804495
shabani_noskin,1639,269.43887775551104,0.14884496352677853,187347876.59339669
shabani_noskin,1640,269.93987975951904,0.14881287165913759,187348199.80755687
shabani_noskin,1641,270.44088176352705,0.14878089628766861,187348521.26337299
shabani_noskin,1642,270.94188376753505,0.14874903677918455,187348840.97357613
shabani_noskin,1643,271.44288577154305,0.14871729250507879,187349158.95078257
shabani_noskin,1644,271.9438877755511,0.14868566284128393,187349475.20749456
shabani_noskin,1645,272.44488977955911,0.14865414716823031,187349789.75610226
shabani_noskin,1646,272.94589178356716,0.14862274487080646,187350102.60888389
shabani_noskin,1647,273.44689378757516,0.14859145533831825,187350413.77800804
shabani_noskin,1648,273.94789579158316,0.14856027796445009,187350723.27553412
shabani_noskin,1649,274.44889779559117,0.14852921214722481,187351031.11341378
shabani_noskin,1650,274.94989979959917,0.14849825728896587,187351337.30349213
shabani_noskin,1651,275.45090180360722,0.1484674127962585,187351641.85750872
shabani_noskin,1652,275.95190380761522,0.14843667807991184,187351944.78709874
shabani_noskin,1653,276.45290581162328,0.14840605255492129,187352246.10379416
shabani_noskin,1654,276.95390781563128,0.14837553564043204,187352545.81902471
shabani_noskin,1655,277.45490981963928,0.14834512675970138,187352843.94411924
shabani_noskin,1656,277.95591182364728,0.14831482534006332,187353140.49030647
shabani_noskin,1657,278.45691382765528,0.14828463081289167,187353435.46871611
shabani_noskin,1658,278.95791583166329,0.14825454261356549,187353728.89038017
shabani_noskin,1659,279.45891783567134,0.14822456018143329,187354020.76623356
shabani_noskin,1660,279.9599198396794,0.148194682959778,187354311.10711566
shabani_noskin,1661,280.4609218436874,0.14816491039578308,187354599.92377064
shabani_noskin,1662,280.9619238476954,0.14813524194049812,187354887.22684911
shabani_noskin,1663,281.4629258517034,0.14810567704880526,187355173.02690873
shabani_noskin,1664,281.9639278557114,0.14807621517938555,187355457.3344152
shabani_noskin,1665,282.4649298597194,0.14804685579468613,187355740.15974343
shabani_noskin,1666,282.96593186372746,0.14801759836088726,187356021.51317811
shabani_noskin,1667,283.46693386773546,0.14798844234787045,187356301.40491515
shabani_noskin,1668,283.96793587174352,0.14795938722918606,187356579.84506211
shabani_noskin,1669,284.46893787575152,0.14793043248202159,187356856.84363949
shabani_noskin,1670,284.96993987975952,0.1479015775871706,187357132.41058132
shabani_noskin,1671,285.47094188376752,0.14787282202900159,187357406.55573636
shabani_noskin,1672,285.97194388777552,0.14784416529542693,187357679.28886873
shabani_noskin,1673,286.47294589178352,0.14781560687787298,187357950.61965895
shabani_noskin,1674,286.97394789579158,0.14778714627124967,187358220.55770457
shabani_noskin,1675,287.47494989979964,0.14775878297392087,187358489.11252129
shabani_noskin,1676,287.97595190380764,0.14773051648767482,187358756.29354373
shabani_noskin,1677,288.47695390781564,0.14770234631769519,187359022.11012617
shabani_noskin,1678,288.97795591182364,0.14767427197253166,187359286.57154328
shabani_noskin,1679,289.47895791583164,0.14764629296407203,187359549.68699127
shabani_noskin,1680,289.97995991983964,0.14761840880751367,187359811.4655883
shabani_noskin,1681,290.4809619238477,0.14759061902133511,187360071.91637546
shabani_noskin,1682,290.9819639278557,0.14756292312726879,187360331.0483177
shabani_noskin,1683,291.48296593186376,0.14753532065027375,187360588.87030426
shabani_noskin,1684,291.98396793587176,0.14750781111850791,187360845.39114973
shabani_noskin,1685,292.48496993987976,0.14748039406330174,187361100.61959454
shabani_noskin,1686,292.98597194388776,0.14745306901913113,187361354.56430605
shabani_noskin,1687,293.48697394789576,0.14742583552359156,187361607.233879
shabani_noskin,1688,293.98797595190382,0.14739869311737169,187361858.63683617
shabani_noskin,1689,294.48897795591182,0.14737164134422759,187362108.7816295
shabani_noskin,1690,294.98997995991988,0.14734467975095711,187362357.67664033
shabani_noskin,1691,295.49098196392788,0.14731780788737497,187362605.33018053
shabani_noskin,1692,295.99198396793588,0.14729102530628702,187362851.75049287
shabani_noskin,1693,296.49298597194388,0.14726433156346599,187363096.94575173
shabani_noskin,1694,296.99398797595188,0.14723772621762679,187363340.92406404
shabani_noskin,1695,297.49498997995988,0.1472112088304022,187363583.69346979
shabani_noskin,1696,297.99599198396794,0.14718477896631835,187363825.26194248
shabani_noskin,1697,298.49699398797594,0.147158436192772,187364065.63739032
shabani_noskin,1698,298.997995991984,0.14713218008000531,187364304.82765609
shabani_noskin,1699,299.498997995992,0.14710601020108433,187364542.84051856
shabani_noskin,1700,300,0.14707992613187409,187364779.68369269
skin_iota0,1,0,NaN,NaN
skin_iota0,2,0.0050251256281407036,0.50717982126454653,142173.27090864175
skin_iota0,3,0.010050251256281407,0.50717982126454653,284346.54181728349
skin_iota0,4,0.01507537688442211,0.50717982126465655,426519.81272592599
skin_iota0,5,0.020100502512562814,0.50717982126454653,568693.08363456698
skin_iota0,6,0.025125628140703519,0.50717982126474448,710866.35454320931
skin_iota0,7,0.03015075376884422,0.50717982126465655,853039.62545185199
skin_iota0,8,0.035175879396984924,0.50717982126459349,995212.89636049233
skin_iota0,9,0.040201005025125629,0.50717982126454653,1137386.167269134
skin_iota0,10,0.045226130653266333,0.50717982126465644,1279559.4381777782
skin_iota0,11,0.050251256281407038,0.50717982126474448,1421732.7090864186
skin_iota0,12,0.055276381909547742,0.50717982126457639,1563905.9799950612
skin_iota0,13,0.06030150753768844,0.50717982126465655,1706079.250903704
skin_iota0,14,0.065326633165829151,0.50717982126462258,1848252.5218123458
skin_iota0,15,0.070351758793969849,0.50717982126459349,1990425.7927209847
skin_iota0,16,0.075376884422110546,0.50717982126456851,2132599.0636296282
skin_iota0,17,0.080402010050251257,0.50717982126454653,2274772.3345382679
skin_iota0,18,0.085427135678391955,0.50717982126468242,2416945.6054469137
skin_iota0,19,0.090452261306532666,0.50717982126465644,2559118.8763555563
skin_iota0,20,0.095477386934673364,0.50717982126477235,2701292.1472641989
skin_iota0,21,0.10050251256281408,0.50717982126474448,2843465.4181728372
skin_iota0,22,0.10552763819095477,0.5071798212645936,2985638.6890814751
skin_iota0,23,0.11055276381909548,0.50717982126457639,3127811.9599901224
skin_iota0,24,0.11557788944723618,0.50717982126467565,3269985.2308987696
skin_iota0,25,0.12060301507537688,0.50717982126465655,3412158.5018074079
skin_iota0,26,0.12562814070351758,0.50717982126453331,3554331.7727160444
skin_iota0,27,0.1306532663316583,0.50717982126462258,3696505.0436246917
skin_iota0,28,0.135678391959799,0.50717982126490102,3838678.31453333
skin_iota0,29,0.1407035175879397,0.50717982126459349,3980851.5854419693
skin_iota0,30,0.14572864321608039,0.50717982126467176,4123024.8563506105
skin_iota0,31,0.15075376884422109,0.50717982126456851,4265198.1272592563
skin_iota0,32,0.15577889447236182,0.50717982126464223,4407371.3981678979
skin_iota0,33,0.16080402010050251,0.50717982126454653,4549544.6690765359
skin_iota0,34,0.16582914572864321,0.50717982126461647,4691717.939985184
skin_iota0,35,0.17085427135678391,0.50717982126468242,4833891.2108938275
skin_iota0,36,0.17587939698492464,0.50717982126444272,4976064.4818024673
skin_iota0,37,0.18090452261306533,0.50717982126465644,5118237.7527111126
skin_iota0,38,0.18592964824120603,0.50717982126457328,5260411.0236197552
skin_iota0,39,0.19095477386934673,0.50717982126477235,5402584.2945283977
skin_iota0,40,0.19597989949748743,0.5071798212646903,5544757.5654370347
skin_iota0,41,0.20100502512562815,0.50717982126474448,5686930.8363456745
skin_iota0,42,0.20603015075376885,0.50717982126453831,5829104.107254317
skin_iota0,43,0.21105527638190955,0.5071798212645936,5971277.3781629503
skin_iota0,44,0.21608040201005024,0.50717982126464622,6113450.6490715994
skin_iota0,45,0.22110552763819097,0.50717982126457639,6255623.9199802447
skin_iota0,46,0.22613065326633167,0.50717982126462713,6397797.1908888938
skin_iota0,47,0.23115577889447236,0.50717982126467565,6539970.4617975391
skin_iota0,48,0.23618090452261306,0.50717982126449723,6682143.7327061817
skin_iota0,49,0.24120603015075376,0.50717982126465655,6824317.0036148159
skin_iota0,50,0.24623115577889448,0.50717982126480921,6966490.2745234612
skin_iota0,51,0.25125628140703515,0.50717982126453331,7108663.5454320889
skin_iota0,52,0.25628140703517588,0.50717982126447525,7250836.8163407315
skin_iota0,53,0.2613065326633166,0.50717982126462258,7393010.0872493833
skin_iota0,54,0.26633165829145727,0.50717982126476446,7535183.3581580166
skin_iota0,55,0.271356783919598,0.50717982126490102,7677356.6290666601
skin_iota0,56,0.27638190954773867,0.50717982126464856,7819529.8999753082
skin_iota0,57,0.28140703517587939,0.50717982126459349,7961703.1708839387
skin_iota0,58,0.28643216080402012,0.50717982126472605,8103876.4417925905
skin_iota0,59,0.29145728643216079,0.50717982126467176,8246049.712701221
skin_iota0,60,0.29648241206030151,0.50717982126479821,8388222.9836098608
skin_iota0,61,0.30150753768844218,0.50717982126456851,8530396.2545185126
skin_iota0,62,0.30653266331658291,0.50717982126469252,8672569.5254271682
skin_iota0,63,0.31155778894472363,0.50717982126464223,8814742.7963357959
skin_iota0,64,0.3165829145728643,0.5071798212645936,8956916.0672444347
skin_iota0,65,0.32160804020100503,0.50717982126454653,9099089.3381530717
skin_iota0,66,0.32663316582914576,0.50717982126466321,9241262.6090617329
skin_iota0,67,0.33165829145728642,0.50717982126461647,9383435.879970368
skin_iota0,68,0.33668341708542715,0.50717982126472871,9525609.1508790292
skin_iota0,69,0.34170854271356782,0.50717982126468242,9667782.421787655
skin_iota0,70,0.34673366834170855,0.50717982126463734,9809955.6926962845
skin_iota0,71,0.35175879396984927,0.50717982126444272,9952128.9636049345
skin_iota0,72,0.35678391959798994,0.50717982126484862,10094302.23451357
skin_iota0,73,0.36180904522613067,0.50717982126465644,10236475.505422225
skin_iota0,74,0.36683417085427134,0.50717982126475902,10378648.776330849
skin_iota0,75,0.37185929648241206,0.50717982126457328,10520822.04723951
skin_iota0,76,0.37688442211055279,0.5071798212645332,10662995.318148134
skin_iota0,77,0.38190954773869346,0.50717982126477235,10805168.589056795
skin_iota0,78,0.38693467336683418,0.5071798212645936,10947341.859965432
skin_iota0,79,0.39195979899497485,0.5071798212646903,11089515.130874069
skin_iota0,80,0.39698492462311558,0.50717982126451722,11231688.401782699
skin_iota0,81,0.4020100502512563,0.50717982126474448,11373861.672691349
skin_iota0,82,0.40703517587939697,0.50717982126457495,11516034.943600016
skin_iota0,83,0.4120603015075377,0.50717982126453831,11658208.214508634
skin_iota0,84,0.41708542713567837,0.50717982126475725,11800381.485417282
skin_iota0,85,0.42211055276381909,0.5071798212645936,11942554.756325901
skin_iota0,86,0.42713567839195982,0.50717982126468231,12084728.027234556
skin_iota0,87,0.43216080402010049,0.50717982126464622,12226901.298143199
skin_iota0,88,0.43718592964824121,0.50717982126461103,12369074.569051841
skin_iota0,89,0.44221105527638194,0.50717982126457639,12511247.839960489
skin_iota0,90,0.44723618090452261,0.50717982126454264,12653421.110869139
skin_iota0,91,0.45226130653266333,0.50717982126462713,12795594.381777788
skin_iota0,92,0.457286432160804,0.5071798212645936,12937767.652686417
skin_iota0,93,0.46231155778894473,0.50717982126467565,13079940.923595078
skin_iota0,94,0.46733668341708545,0.50717982126464223,13222114.194503697
skin_iota0,95,0.47236180904522612,0.50717982126449723,13364287.465412363
skin_iota0,96,0.47738693467336685,0.50717982126468886,13506460.736320982
skin_iota0,97,0.48241206030150752,0.50717982126465655,13648634.007229632
skin_iota0,98,0.48743718592964824,0.5071798212646248,13790807.278138274
skin_iota0,99,0.49246231155778897,0.50717982126480921,13932980.549046922
skin_iota0,100,0.49748743718592964,0.50717982126456307,14075153.819955571
skin_iota0,101,0.50251256281407031,0.50717982126453331,14217327.090864178
skin_iota0,102,0.50753768844221103,0.50717982126471328,14359500.361772845
skin_iota0,103,0.51256281407035176,0.50717982126447525,14501673.632681463
skin_iota0,104,0.51758793969849248,0.50717982126465222,14643846.903590124
skin_iota0,105,0.52261306532663321,0.50717982126462258,14786020.174498767
skin_iota0,106,0.52763819095477382,0.50717982126479488,14928193.445407398
skin_iota0,107,0.53266331658291455,0.50717982126476446,15070366.716316033
skin_iota0,108,0.53768844221105527,0.5071798212647346,15212539.987224683
skin_iota0,109,0.542713567839196,0.50717982126490102,15354713.25813332
skin_iota0,110,0.54773869346733672,0.5071798212644828,15496886.529041968
skin_iota0,111,0.55276381909547734,0.50717982126464856,15639059.799950616
skin_iota0,112,0.55778894472361806,0.5071798212646208,15781233.070859235
skin_iota0,113,0.56281407035175879,0.50717982126459349,15923406.341767877
skin_iota0,114,0.56783919597989951,0.50717982126456684,16065579.612676539
skin_iota0,115,0.57286432160804024,0.50717982126472605,16207752.883585181
skin_iota0,116,0.57788944723618085,0.50717982126469863,16349926.154493831
skin_iota0,117,0.58291457286432158,0.50717982126467176,16492099.425402442
skin_iota0,118,0.5879396984924623,0.50717982126464523,16634272.696311103
skin_iota0,119,0.59296482412060303,0.50717982126479821,16776445.967219722
skin_iota0,120,0.59798994974874375,0.50717982126441608,16918619.238128394
skin_iota0,121,0.60301507537688437,0.50717982126456851,17060792.509037025
skin_iota0,122,0.60804020100502509,0.50717982126471828,17202965.779945675
skin_iota0,123,0.61306532663316582,0.50717982126469252,17345139.050854336
skin_iota0,124,0.61809045226130654,0.50717982126466721,17487312.321762942
skin_iota0,125,0.62311557788944727,0.50717982126464223,17629485.592671592
skin_iota0,126,0.62814070351758799,0.50717982126478678,17771658.863580238
skin_iota0,127,0.63316582914572861,0.5071798212645936,17913832.134488869
skin_iota0,128,0.63819095477386933,0.50717982126473626,18056005.405397542
skin_iota0,129,0.64321608040201006,0.50717982126454653,18198178.676306143
skin_iota0,130,0.64824120603015079,0.50717982126452343,18340351.947214816
skin_iota0,131,0.65326633165829151,0.50717982126466321,18482525.218123466
skin_iota0,132,0.65829145728643212,0.50717982126463967,18624698.489032101
skin_iota0,133,0.66331658291457285,0.50717982126461647,18766871.759940736
skin_iota0,134,0.66834170854271358,0.50717982126475236,18909045.030849364
skin_iota0,135,0.6733668341708543,0.50717982126472871,19051218.301758058
skin_iota0,136,0.67839195979899503,0.50717982126470529,19193391.572666671
skin_iota0,137,0.68341708542713564,0.50717982126468242,19335564.84357531
skin_iota0,138,0.68844221105527637,0.50717982126465966,19477738.114483923
skin_iota0,139,0.69346733668341709,0.50717982126463734,19619911.385392569
skin_iota0,140,0.69849246231155782,0.50717982126461536,19762084.656301241
skin_iota0,141,0.70351758793969854,0.50717982126444272,19904257.927209869
skin_iota0,142,0.70854271356783916,0.50717982126472216,20046431.198118526
skin_iota0,143,0.71356783919597988,0.50717982126484862,20188604.469027139
skin_iota0,144,0.71859296482412061,0.50717982126453021,20330777.739935838
skin_iota0,145,0.72361809045226133,0.50717982126465644,20472951.01084445
skin_iota0,146,0.72864321608040206,0.50717982126478089,20615124.281753052
skin_iota0,147,0.73366834170854267,0.50717982126475902,20757297.552661698
skin_iota0,148,0.7386934673366834,0.50717982126444983,20899470.823570359
skin_iota0,149,0.74371859296482412,0.50717982126457328,21041644.094479021
skin_iota0,150,0.74874371859296485,0.50717982126469485,21183817.365387656
skin_iota0,151,0.75376884422110557,0.5071798212645332,21325990.636296269
skin_iota0,152,0.75879396984924619,0.50717982126451377,21468163.90720493
skin_iota0,153,0.76381909547738691,0.50717982126477235,21610337.178113591
skin_iota0,154,0.76884422110552764,0.50717982126475147,21752510.449022215
skin_iota0,155,0.77386934673366836,0.5071798212645936,21894683.719930865
skin_iota0,156,0.77889447236180909,0.5071798212647104,22036856.990839478
skin_iota0,157,0.7839195979899497,0.5071798212646903,22179030.261748139
skin_iota0,158,0.78894472361809043,0.50717982126453598,22321203.5326568
skin_iota0,159,0.79396984924623115,0.50717982126451722,22463376.803565398
skin_iota0,160,0.79899497487437188,0.50717982126476435,22605550.074474085
skin_iota0,161,0.8040201005025126,0.50717982126474448,22747723.345382698
skin_iota0,162,0.80904522613065322,0.5071798212645936,22889896.616291311
skin_iota0,163,0.81407035175879394,0.50717982126457495,23032069.887200031
skin_iota0,164,0.81909547738693467,0.50717982126468619,23174243.158108607
skin_iota0,165,0.82412060301507539,0.50717982126453831,23316416.429017268
skin_iota0,166,0.82914572864321612,0.50717982126477645,23458589.699925892
skin_iota0,167,0.83417085427135673,0.50717982126475725,23600762.970834564
skin_iota0,168,0.83919597989949746,0.5071798212646117,23742936.241743203
skin_iota0,169,0.84422110552763818,0.5071798212645936,23885109.512651801
skin_iota0,170,0.84924623115577891,0.50717982126470074,24027282.783560451
skin_iota0,171,0.85427135678391963,0.50717982126468231,24169456.054469112
skin_iota0,172,0.85929648241206025,0.50717982126466421,24311629.325377773
skin_iota0,173,0.86432160804020097,0.50717982126464622,24453802.596286397
skin_iota0,174,0.8693467336683417,0.50717982126475059,24595975.867195044
skin_iota0,175,0.87437185929648242,0.50717982126461103,24738149.138103683
skin_iota0,176,0.87939698492462315,0.50717982126471428,24880322.409012366
skin_iota0,177,0.88442211055276387,0.50717982126457639,25022495.679920979
skin_iota0,178,0.88944723618090449,0.50717982126455952,25164668.950829651
skin_iota0,179,0.89447236180904521,0.50717982126454264,25306842.221738279
skin_iota0,180,0.89949748743718594,0.50717982126452621,25449015.492646914
skin_iota0,181,0.90452261306532666,0.50717982126462713,25591188.763555575
skin_iota0,182,0.90954773869346739,0.50717982126449357,25733362.034464177
skin_iota0,183,0.914572864321608,0.5071798212645936,25875535.305372834
skin_iota0,184,0.91959798994974873,0.50717982126457717,26017708.576281425
skin_iota0,185,0.92462311557788945,0.50717982126467565,26159881.847190157
skin_iota0,186,0.92964824120603018,0.50717982126465877,26302055.118098721
skin_iota0,187,0.9346733668341709,0.50717982126464223,26444228.389007393
skin_iota0,188,0.93969849246231152,0.50717982126462591,26586401.659916006
skin_iota0,189,0.94472361809045224,0.50717982126449723,26728574.930824727
skin_iota0,190,0.94974874371859297,0.50717982126481709,26870748.20173334
skin_iota0,191,0.95477386934673369,0.50717982126468886,27012921.472641964
skin_iota0,192,0.95979899497487442,0.50717982126456196,27155094.743550591
skin_iota0,193,0.96482412060301503,0.50717982126465655,27297268.014459264
skin_iota0,194,0.96984924623115576,0.50717982126475003,27439441.285367899
skin_iota0,195,0.97487437185929648,0.5071798212646248,27581614.556276549
skin_iota0,196,0.97989949748743721,0.50717982126471739,27723787.827185173
skin_iota0,197,0.98492462311557794,0.50717982126480921,27865961.098093845
skin_iota0,198,0.98994974874371855,0.50717982126468564,28008134.369002435
skin_iota0,199,0.99497487437185927,0.50717982126456307,28150307.639911141
skin_iota0,200,1,0.50717982126465422,28292480.910819743
skin_iota0,201,1,0.50717982126449834,28309264.813910715
skin_iota0,202,1.002004008016032,0.50717893627649913,28365798.645209219
skin_iota0,203,1.0040080160320641,0.50717629539106091,28421938.114757597
skin_iota0,204,1.0060120240480961,0.50717191948428797,28477686.139725264
skin_iota0,205,1.0080160320641283,0.50716582910818453,28533045.601157472
skin_iota0,206,1.0100200400801602,0.50715804450367563,28588019.344990663
skin_iota0,207,1.0120240480961924,0.5071485855989315,28642610.182180569
skin_iota0,208,1.0140280561122244,0.50713747202161519,28696820.889663629
skin_iota0,209,1.0160320641282565,0.50712472310041168,28750654.210669216
skin_iota0,210,1.0180360721442885,0.50711035787225112,28804112.855369933
skin_iota0,211,1.0200400801603207,0.50709439508939969,28857199.501523044
skin_iota0,212,1.0220440881763526,0.5070768532210469,28909916.794771805
skin_iota0,213,1.0240480961923848,0.5070577504622632,28962267.349392492
skin_iota0,214,1.0260521042084167,0.50703710473674501,29014253.748659115
skin_iota0,215,1.0280561122244489,0.50701493370174666,29065878.545337975
skin_iota0,216,1.0300601202404809,0.50699125475521689,29117144.26231382
skin_iota0,217,1.0320641282565131,0.50696608503801666,29168053.392912194
skin_iota0,218,1.034068136272545,0.50693944144053016,29218608.401486591
skin_iota0,219,1.0360721442885772,0.50691134060550869,29268811.723773271
skin_iota0,220,1.0380761523046091,0.50688179893386631,29318665.767421406
skin_iota0,221,1.0400801603206413,0.50685083258848251,29368172.912401184
skin_iota0,222,1.0420841683366733,0.5068184574983855,29417335.511429846
skin_iota0,223,1.0440881763527055,0.50678468936327803,29466155.890416928
skin_iota0,224,1.0460921843687374,0.50674954365757563,29514636.34887708
skin_iota0,225,1.0480961923847696,0.506713035633922,29562779.160306878
skin_iota0,226,1.0501002004008015,0.50667518032767389,29610586.572619479
skin_iota0,227,1.0521042084168337,0.50663599256037395,29658060.808514372
skin_iota0,228,1.0541082164328657,0.50659548694405632,29705204.065895967
skin_iota0,229,1.0561122244488979,0.5065536778838029,29752018.518180288
skin_iota0,230,1.0581162324649298,0.50651057958262979,29798506.314745348
skin_iota0,231,1.060120240480962,0.50646620604422821,29844669.581245512
skin_iota0,232,1.0621242484969939,0.50642057107651028,29890510.419972528
skin_iota0,233,1.0641282565130261,0.50637368829508489,29936030.910210811
skin_iota0,234,1.0661322645290581,0.50632557112664378,29981233.108585387
skin_iota0,235,1.0681362725450902,0.50627623281180123,30026119.049372211
skin_iota0,236,1.0701402805611222,0.50622568640878107,30070690.744860768
skin_iota0,237,1.0721442885771544,0.50617394479638067,30114950.185668413
skin_iota0,238,1.0741482965931863,0.50612102067644105,30158899.341021564
skin_iota0,239,1.0761523046092185,0.50606692657770003,30202540.159122799
skin_iota0,240,1.0781563126252505,0.50601167485818854,30245874.567423385
skin_iota0,241,1.0801603206412826,0.50595527770815873,30288904.472927976
skin_iota0,242,1.0821643286573146,0.50589774715286162,30331631.762487497
skin_iota0,243,1.0841683366733468,0.50583909505535873,30374058.303093083
skin_iota0,244,1.0861723446893787,0.50577933311917533,30416185.942157276
skin_iota0,245,1.0881763527054109,0.50571847289111727,30458016.5078048
skin_iota0,246,1.0901803607214429,0.50565652576340392,30499551.809117395
skin_iota0,247,1.092184368737475,0.50559350297661931,30540793.636429816
skin_iota0,248,1.094188376753507,0.50552941562206799,30581743.761585418
skin_iota0,249,1.0961923847695392,0.50546427464404509,30622403.938185621
skin_iota0,250,1.0981963927855711,0.50539809084249299,30662775.901861675
skin_iota0,251,1.1002004008016033,0.50533087487511141,30702861.370510329
skin_iota0,252,1.1022044088176353,0.50526263725979448,30742662.044549335
skin_iota0,253,1.1042084168336674,0.50519338837681116,30782179.607154105
skin_iota0,254,1.1062124248496994,0.50512313847092893,30821415.724490028
skin_iota0,255,1.1082164328657313,0.50505189765376113,30860372.045957673
skin_iota0,256,1.1102204408817635,0.50497967590573212,30899050.204411745
skin_iota0,257,1.1122244488977957,0.50490648307824915,30937451.816392068
skin_iota0,258,1.1142284569138277,0.50483232889555585,30975578.482333109
skin_iota0,259,1.1162324649298596,0.50475722295711056,31013431.786805496
skin_iota0,260,1.1182364729458918,0.50468117473908902,31051013.298700307
skin_iota0,261,1.1202404809619237,0.50460419359668018,31088324.571462568
skin_iota0,262,1.1222444889779559,0.50452628876576011,31125367.14328457
skin_iota0,263,1.1242484969939879,0.50444746936478546,31162142.537310325
skin_iota0,264,1.1262525050100201,0.50436774439669096,31198652.261841483
skin_iota0,265,1.128256513026052,0.50428712275058329,31234897.810526762
skin_iota0,266,1.1302605210420842,0.5042056132035373,31270880.662557952
skin_iota0,267,1.1322645290581161,0.50412322442229918,31306602.282858536
skin_iota0,268,1.1342685370741483,0.50403996496499626,31342064.122271914
skin_iota0,269,1.1362725450901803,0.50395584328276011,31377267.617742449
skin_iota0,270,1.1382765531062125,0.50387086772135126,31412214.192495763
skin_iota0,271,1.1402805611222444,0.50378504652282252,31446905.256220575
skin_iota0,272,1.1422845691382766,0.50369838782697662,31481342.205236573
skin_iota0,273,1.1442885771543085,0.50361089967299411,31515526.42267105
skin_iota0,274,1.1462925851703407,0.50352259000090516,31549459.278625842
skin_iota0,275,1.1482965931863727,0.50343346665309974,31583142.130345158
skin_iota0,276,1.1503006012024048,0.50334353737568949,31616576.322372578
skin_iota0,277,1.1523046092184368,0.50325280982011478,31649763.186723925
skin_iota0,278,1.154308617234469,0.50316129154436984,31682704.043032914
skin_iota0,279,1.1563126252505009,0.50306899001448846,31715400.198714495
skin_iota0,280,1.1583166332665331,0.50297591260585128,31747852.949114893
skin_iota0,281,1.1603206412825651,0.50288206660459533,31780063.57766692
skin_iota0,282,1.1623246492985972,0.50278745920876922,31812033.356028944
skin_iota0,283,1.1643286573146292,0.50269209752975919,31843763.544239901
skin_iota0,284,1.1663326653306614,0.50259598859351506,31875255.390860792
skin_iota0,285,1.1683366733466933,0.50249913934174706,31906510.133113299
skin_iota0,286,1.1703406813627255,0.50240155663319686,31937528.997022439
skin_iota0,287,1.1723446893787575,0.50230324724480813,31968313.197552107
skin_iota0,288,1.1743486973947896,0.50220421787289182,31998863.938739184
skin_iota0,289,1.1763527054108216,0.50210447513432777,32029182.413829152
skin_iota0,290,1.1783567134268538,0.50200402556763457,32059269.805403147
skin_iota0,291,1.1803607214428857,0.50190287563412683,32089127.285508893
skin_iota0,292,1.1823647294589179,0.50180103171904844,32118756.015790366
skin_iota0,293,1.1843687374749499,0.50169850013255102,32148157.147605635
skin_iota0,294,1.186372745490982,0.50159528711085855,32177331.822157089
skin_iota0,295,1.188376753507014,0.50149139881724647,32206281.170608312
skin_iota0,296,1.1903807615230462,0.50138684134310485,32235006.314205758
skin_iota0,297,1.1923847695390781,0.50128162070888582,32263508.364392553
skin_iota0,298,1.1943887775551103,0.50117574286517219,32291788.422929145
skin_iota0,299,1.1963927855711423,0.50106921369360546,32319847.58200445
skin_iota0,300,1.1983967935871744,0.5009620390078291,32347686.924347099
skin_iota0,301,1.2004008016032064,0.50085422455448525,32375307.523339745
skin_iota0,302,1.2024048096192386,0.50074577601409109,32402710.443124998
skin_iota0,303,1.2044088176352705,0.50063669900195984,32429896.738712922
skin_iota0,304,1.2064128256513027,0.50052699906912257,32456867.456089143
skin_iota0,305,1.2084168336673347,0.500416681703166,32483623.63231593
skin_iota0,306,1.2104208416833666,0.50030575232912988,32510166.295636803
skin_iota0,307,1.2124248496993988,0.50019421631037098,32536496.465579193
skin_iota0,308,1.214428857715431,0.5000820789493462,32562615.153049767
skin_iota0,309,1.2164328657314629,0.49996934548849942,32588523.36043708
skin_iota0,310,1.2184368737474949,0.49985602111102045,32614222.081705172
skin_iota0,311,1.2204408817635271,0.49974211094170129,32639712.302492876
skin_iota0,312,1.2224448897795592,0.49962762004766076,32664995.000203621
skin_iota0,313,1.2244488977955912,0.49951255343915291,32690071.144100714
skin_iota0,314,1.2264529058116231,0.49939691607030356,32714941.695397042
skin_iota0,315,1.2284569138276553,0.49928071283991715,32739607.607349891
skin_iota0,316,1.2304609218436875,0.49916394859210317,32764069.825341009
skin_iota0,317,1.2324649298597194,0.49904662811710682,32788329.286972564
skin_iota0,318,1.2344689378757514,0.49892875615198673,32812386.922150776
skin_iota0,319,1.2364729458917836,0.49881033738127362,32836243.65316771
skin_iota0,320,1.2384769539078155,0.49869137643771516,32859900.394789606
skin_iota0,321,1.2404809619238477,0.49857187790294566,32883358.054338448
skin_iota0,322,1.2424849699398797,0.49845184630812039,32906617.531771261
skin_iota0,323,1.2444889779559118,0.49833128613462102,32929679.719763976
skin_iota0,324,1.2464929859719438,0.49821020181466874,32952545.503788423
skin_iota0,325,1.248496993987976,0.49808859773197628,32975215.762191091
skin_iota0,326,1.2505010020040079,0.49796647822236617,32997691.36627033
skin_iota0,327,1.2525050100200401,0.49784384757442196,33019973.180354103
skin_iota0,328,1.2545090180360721,0.49772071003002588,33042062.061870299
skin_iota0,329,1.2565130260521042,0.49759706978504858,33063958.861427132
skin_iota0,330,1.2585170340681362,0.49747293098987233,33085664.4228817
skin_iota0,331,1.2605210420841684,0.49734829774999034,33107179.58341299
skin_iota0,332,1.2625250501002003,0.49722317412657513,33128505.1735925
skin_iota0,333,1.2645290581162325,0.49709756413706707,33149642.017456524
skin_iota0,334,1.2665330661322645,0.49697147175569395,33170590.932572436
skin_iota0,335,1.2685370741482966,0.49684490091403788,33191352.730109029
skin_iota0,336,1.2705410821643286,0.49671785550156178,33211928.21490198
skin_iota0,337,1.2725450901803608,0.49659033936615493,33232318.185522106
skin_iota0,338,1.2745490981963927,0.49646235631464031,33252523.434339497
skin_iota0,339,1.2765531062124249,0.49633391011329497,33272544.747588899
skin_iota0,340,1.2785571142284569,0.49620500448834726,33292382.905432552
skin_iota0,341,1.280561122244489,0.49607564312649488,33312038.682024453
skin_iota0,342,1.282565130260521,0.49594582967536632,33331512.845570885
skin_iota0,343,1.2845691382765532,0.495815567744048,33350806.158394061
skin_iota0,344,1.2865731462925851,0.49568486090351144,33369919.376989316
skin_iota0,345,1.2885771543086173,0.49555371268711829,33388853.252087791
skin_iota0,346,1.2905811623246493,0.49542212659106405,33407608.528713167
skin_iota0,347,1.2925851703406814,0.49529010607485208,33426185.946241889
skin_iota0,348,1.2945891783567134,0.49515765456172517,33444586.238458581
skin_iota0,349,1.2965931863727456,0.49502477543910917,33462810.133613374
skin_iota0,350,1.2985971943887775,0.49489147205906586,33480858.354478508
skin_iota0,351,1.3006012024048097,0.49475774773871162,33498731.618403543
skin_iota0,352,1.3026052104208417,0.49462360576062614,33516430.637367263
skin_iota0,353,1.3046092184368738,0.49448904937330523,33533956.118036013
skin_iota0,354,1.3066132264529058,0.49435408179153378,33551308.761812165
skin_iota0,355,1.308617234468938,0.49421870619681763,33568489.264889821
skin_iota0,356,1.3106212424849699,0.49408292573776691,33585498.318304524
skin_iota0,357,1.3126252505010019,0.49394674353051665,33602336.607987024
skin_iota0,358,1.314629258517034,0.49381016265907451,33619004.814810157
skin_iota0,359,1.3166332665330662,0.49367318617572731,33635503.614640698
skin_iota0,360,1.3186372745490982,0.4935358171014233,33651833.678389251
skin_iota0,361,1.3206412825651301,0.49339805842613371,33667995.672057338
skin_iota0,362,1.3226452905811623,0.49325991310920747,33683990.256785326
skin_iota0,363,1.3246492985971945,0.49312138407976441,33699818.088901423
skin_iota0,364,1.3266533066132264,0.49298247423702207,33715479.819967069
skin_iota0,365,1.3286573146292584,0.49284318645066016,33730976.096823342
skin_iota0,366,1.3306613226452906,0.49270352356116937,33746307.561637409
skin_iota0,367,1.3326653306613228,0.49256348838017422,33761474.851945974
skin_iota0,368,1.3346693386773547,0.49242308369079996,33776478.600701928
skin_iota0,369,1.3366733466933867,0.49228231224797248,33791319.436316244
skin_iota0,370,1.3386773547094188,0.49214117677876607,33805997.98270265
skin_iota0,371,1.340681362725451,0.49199967998272465,33820514.859320767
skin_iota0,372,1.342685370741483,0.49185782453217064,33834870.681217544
skin_iota0,373,1.3446893787575149,0.49171561307251843,33849066.05906903
skin_iota0,374,1.3466933867735471,0.49157304822260156,33863101.599223226
skin_iota0,375,1.3486973947895793,0.49143013257495677,33876977.903739594
skin_iota0,376,1.3507014028056112,0.49128686869613325,33890695.570429482
skin_iota0,377,1.3527054108216432,0.49114325912698847,33904255.192896448
skin_iota0,378,1.3547094188376754,0.49099930638298761,33917657.360575952
skin_iota0,379,1.3567134268537075,0.49085501295448664,33930902.658773683
skin_iota0,380,1.3587174348697395,0.49071038130700917,33943991.668703772
skin_iota0,381,1.3607214428857715,0.49056541388154401,33956924.967527963
skin_iota0,382,1.3627254509018036,0.49042011309480926,33969703.128392085
skin_iota0,383,1.3647294589178356,0.49027448133952811,33982326.720463164
skin_iota0,384,1.3667334669338678,0.49012852098470544,33994796.308967292
skin_iota0,385,1.3687374749498997,0.48998223437589267,34007112.455225006
skin_iota0,386,1.3707414829659319,0.48983562383543461,34019275.716686323
skin_iota0,387,1.3727454909819639,0.48968869166275053,34031286.646967858
skin_iota0,388,1.374749498997996,0.48954144013456929,34043145.795886144
skin_iota0,389,1.376753507014028,0.48939387150520752,34054853.709494054
skin_iota0,390,1.3787575150300602,0.4892459880067862,34066410.930112883
skin_iota0,391,1.3807615230460921,0.48909779184950064,34077817.996367753
skin_iota0,392,1.3827655310621243,0.48894928522184766,34089075.443219692
skin_iota0,393,1.3847695390781563,0.48880047029088164,34100183.802000448
skin_iota0,394,1.3867735470941884,0.48865134920243131,34111143.600443162
skin_iota0,395,1.3887775551102204,0.48850192408134113,34121955.362715729
skin_iota0,396,1.3907815631262526,0.48835219703170363,34132619.609452233
skin_iota0,397,1.3927855711422845,0.48820217013708012,34143136.85778486
skin_iota0,398,1.3947895791583167,0.48805184546073044,34153507.621374689
skin_iota0,399,1.3967935871743486,0.48790122504582756,34163732.41044271
skin_iota0,400,1.3987975951903808,0.48775031091567755,34173811.731799804
skin_iota0,401,1.4008016032064128,0.48759910507393717,34183746.08887773
skin_iota0,402,1.402805611222445,0.48744760950482557,34193535.981758118
skin_iota0,403,1.4048096192384769,0.48729582617332434,34203181.907201685
skin_iota0,404,1.4068136272545091,0.48714375702540097,34212684.358678505
skin_iota0,405,1.408817635270541,0.48699140398819929,34222043.826395757
skin_iota0,406,1.4108216432865732,0.48683876897024436,34231260.7973262
skin_iota0,407,1.4128256513026052,0.48668585386164637,34240335.755236641
skin_iota0,408,1.4148296593186374,0.48653266053429184,34249269.180716462
skin_iota0,409,1.4168336673346693,0.48637919084203307,34258061.5512027
skin_iota0,410,1.4188376753507015,0.48622544662089462,34266713.3410106
skin_iota0,411,1.4208416833667334,0.48607142968924405,34275225.021357484
skin_iota0,412,1.4228456913827654,0.48591714184798979,34283597.060391113
skin_iota0,413,1.4248496993987976,0.48576258488076479,34291829.923215874
skin_iota0,414,1.4268537074148298,0.48560776055410032,34299924.071917735
skin_iota0,415,1.4288577154308617,0.48545267061761688,34307879.965591431
skin_iota0,416,1.4308617234468937,0.48529731680418697,34315698.060364313
skin_iota0,417,1.4328657314629258,0.48514170083012448,34323378.809422918
skin_iota0,418,1.434869739478958,0.48498582439534932,34330922.663037315
skin_iota0,419,1.43687374749499,0.48482968918356284,34338330.068585746
skin_iota0,420,1.4388777555110219,0.48467329686240884,34345601.470578663
skin_iota0,421,1.4408817635270541,0.48451664908364572,34352737.310683332
skin_iota0,422,1.4428857715430863,0.48435974748330801,34359738.027747296
skin_iota0,423,1.4448897795591182,0.48420259368187202,34366604.057822429
skin_iota0,424,1.4468937875751502,0.4840451892844172,34373335.834187798
skin_iota0,425,1.4488977955911824,0.48388753588077227,34379933.787372731
skin_iota0,426,1.4509018036072145,0.48372963504569044,34386398.345180266
skin_iota0,427,1.4529058116232465,0.48357148833898222,34392729.932708405
skin_iota0,428,1.4549098196392785,0.48341309730569065,34398928.972374223
skin_iota0,429,1.4569138276553106,0.48325446347622447,34404995.883934759
skin_iota0,430,1.4589178356713428,0.48309558836651068,34410931.084508955
skin_iota0,431,1.4609218436873748,0.48293647347814811,34416734.988599844
skin_iota0,432,1.4629258517034067,0.48277712029854586,34422408.008115619
skin_iota0,433,1.4649298597194389,0.48261753030106619,34427950.552390501
skin_iota0,434,1.4669338677354711,0.48245770494517343,34433363.028206594
skin_iota0,435,1.468937875751503,0.48229764567656486,34438645.839813635
skin_iota0,436,1.470941883767535,0.48213735392731216,34443799.388950109
skin_iota0,437,1.4729458917835672,0.48197683111600337,34448824.074863531
skin_iota0,438,1.4749498997995991,0.48181607864786458,34453720.294330083
skin_iota0,439,1.4769539078156313,0.48165509791491373,34458488.441675678
skin_iota0,440,1.4789579158316633,0.48149389029606382,34463128.908793464
skin_iota0,441,1.4809619238476954,0.48133245715728801,34467642.085166305
skin_iota0,442,1.4829659318637274,0.48117079985171046,34472028.35788285
skin_iota0,443,1.4849699398797596,0.48100891971975912,34476288.111658856
skin_iota0,444,1.4869739478957915,0.48084681808928886,34480421.728855506
skin_iota0,445,1.4889779559118237,0.48068449627569299,34484429.589497931
skin_iota0,446,1.4909819639278556,0.48052195558203326,34488312.071293287
skin_iota0,447,1.4929859719438878,0.48035919729916382,34492069.549649991
skin_iota0,448,1.4949899799599198,0.48019622270584816,34495702.397695355
skin_iota0,449,1.496993987975952,0.4800330330688678,34499210.986293025
skin_iota0,450,1.4989979959919839,0.47986962964315777,34502595.684061877
skin_iota0,451,1.5010020040080159,0.47970601367190518,34505856.857392564
skin_iota0,452,1.503006012024048,0.47954218638666979,34508994.870465159
skin_iota0,453,1.5050100200400802,0.47937814900750109,34512010.085267104
skin_iota0,454,1.5070140280561122,0.47921390274303916,34514902.861609004
skin_iota0,455,1.5090180360721441,0.4790494487906346,34517673.557142645
skin_iota0,456,1.5110220440881763,0.47888478833645176,34520322.527377054
skin_iota0,457,1.5130260521042085,0.47871992255557694,34522850.125695087
skin_iota0,458,1.5150300601202404,0.47855485261212211,34525256.703369662
skin_iota0,459,1.5170340681362724,0.47838957965933865,34527542.609580897
skin_iota0,460,1.5190380761523046,0.47822410483971145,34529708.191430919
skin_iota0,461,1.5210420841683367,0.47805842928506498,34531753.793960512
skin_iota0,462,1.5230460921843687,0.4778925541166652,34533679.760164395
skin_iota0,463,1.5250501002004007,0.47772648044532018,34535486.431007408
skin_iota0,464,1.5270541082164328,0.47756020937147775,34537174.145439193
skin_iota0,465,1.529058116232465,0.47739374198532225,34538743.240410134
skin_iota0,466,1.531062124248497,0.47722707936687642,34540194.050885998
skin_iota0,467,1.5330661322645289,0.47706022258608949,34541526.909863129
skin_iota0,468,1.5350701402805611,0.47689317270293574,34542742.148382969
skin_iota0,469,1.5370741482965933,0.47672593076750874,34543840.095547281
skin_iota0,470,1.5390781563126252,0.47655849782011545,34544821.078532346
skin_iota0,471,1.5410821643286572,0.47639087489136162,34545685.422603264
skin_iota0,472,1.5430861723446894,0.47622306300224676,34546433.451128677
skin_iota0,473,1.5450901803607215,0.47605506316424462,34547065.48559349
skin_iota0,474,1.5470941883767535,0.47588687637941413,34547581.845615484
skin_iota0,475,1.5490981963927855,0.47571850364045504,34547982.848956116
skin_iota0,476,1.5511022044088176,0.47554994593082006,34548268.811536528
skin_iota0,477,1.5531062124248498,0.47538120422478569,34548440.04744985
skin_iota0,478,1.5551102204408818,0.47521227948754385,34548496.868975446
skin_iota0,479,1.5571142284569137,0.4750431726752794,34548439.586591326
skin_iota0,480,1.5591182364729459,0.47487388473526226,34548268.5089885
skin_iota0,481,1.5611222444889781,0.47470441660591139,34547983.943082623
skin_iota0,482,1.56312625250501,0.47453476921689819,34547586.194028594
skin_iota0,483,1.565130260521042,0.47436494348920349,34547075.565231554
skin_iota0,484,1.5671342685370742,0.47419494033521981,34546452.358361594
skin_iota0,485,1.5691382765531063,0.47402476065880161,34545716.873364083
skin_iota0,486,1.5711422845691383,0.4738544053553691,34544869.408474073
skin_iota0,487,1.5731462925851702,0.47368387531196693,34543910.260227591
skin_iota0,488,1.5751503006012024,0.47351317140734783,34542839.723474175
skin_iota0,489,1.5771543086172346,0.47334229451204146,34541658.091388784
skin_iota0,490,1.5791583166332666,0.4731712454884327,34540365.655483842
skin_iota0,491,1.5811623246492985,0.47300002519083501,34538962.705621682
skin_iota0,492,1.5831663326653307,0.47282863446555562,34537449.530025095
skin_iota0,493,1.5851703406813629,0.47265707415097608,34535826.4152904
skin_iota0,494,1.5871743486973948,0.47248534507761747,34534093.646397986
skin_iota0,495,1.5891783567134268,0.47231344806820769,34532251.506723896
skin_iota0,496,1.591182364729459,0.47214138393775523,34530300.278051682
skin_iota0,497,1.5931863727454911,0.47196915349361585,34528240.240583055
skin_iota0,498,1.5951903807615231,0.47179675753556438,34526071.67294962
skin_iota0,499,1.597194388777555,0.47162419685584983,34523794.852223076
skin_iota0,500,1.5991983967935872,0.47145147223927042,34521410.053926781
skin_iota0,501,1.6012024048096194,0.47127858446323706,34518917.55204618
skin_iota0,502,1.6032064128256514,0.47110553429784008,34516317.619040251
skin_iota0,503,1.6052104208416833,0.47093232250590483,34513610.525850765
skin_iota0,504,1.6072144288577155,0.47075894984307076,34510796.541914754
skin_iota0,505,1.6092184368737477,0.47058541705782986,34507875.935172543
skin_iota0,506,1.6112224448897794,0.47041172489161309,34504848.972080342
skin_iota0,507,1.6132264529058116,0.47023787407884016,34501715.917619355
skin_iota0,508,1.6152304609218437,0.47006386534697325,34498477.035305619
skin_iota0,509,1.6172344689378757,0.46988969941659303,34495132.587201126
skin_iota0,510,1.6192384769539077,0.46971537700143962,34491682.833922423
skin_iota0,511,1.6212424849699398,0.46954089880848848,34488128.034652092
skin_iota0,512,1.623246492985972,0.46936626553799754,34484468.447147228
skin_iota0,513,1.625250501002004,0.46919147788356752,34480704.327749737
skin_iota0,514,1.6272545090180359,0.46901653653219577,34476835.931395508
skin_iota0,515,1.6292585170340681,0.46884144216433599,34472863.511624388
skin_iota0,516,1.6312625250501003,0.46866619545395655,34468787.320589788
skin_iota0,517,1.6332665330661322,0.46849079706858615,34464607.609067321
skin_iota0,518,1.6352705410821642,0.46831524766937682,34460324.626464486
skin_iota0,519,1.6372745490981964,0.46813954791115142,34455938.62082985
skin_iota0,520,1.6392785571142285,0.46796369844246105,34451449.838862218
skin_iota0,521,1.6412825651302605,0.46778769990563751,34446858.52591949
skin_iota0,522,1.6432865731462925,0.46761155293683954,34442164.926027544
skin_iota0,523,1.6452905811623246,0.46743525816611387,34437369.281889454
skin_iota0,524,1.6472945891783568,0.46725881621743465,34432471.834893666
skin_iota0,525,1.6492985971943888,0.46708222770877145,34427472.825123876
skin_iota0,526,1.6513026052104207,0.46690549325211361,34422372.491365887
skin_iota0,527,1.6533066132264529,0.46672861345354588,34417171.071117945
skin_iota0,528,1.6553106212424851,0.46655158891327575,34411868.800597683
skin_iota0,529,1.657314629258517,0.46637442022569803,34406465.914751939
skin_iota0,530,1.659318637274549,0.46619710797943187,34400962.647263885
skin_iota0,531,1.6613226452905812,0.46601965275737545,34395359.230562352
skin_iota0,532,1.6633266533066133,0.46584205513674404,34389655.895828851
skin_iota0,533,1.6653306613226453,0.46566431568912781,34383852.873006761
skin_iota0,534,1.6673346693386772,0.46548643498052783,34377950.390808851
skin_iota0,535,1.6693386773547094,0.46530841357140357,34371948.676724933
skin_iota0,536,1.6713426853707416,0.46513025201672481,34365847.957030848
skin_iota0,537,1.6733466933867736,0.46495195086600527,34359648.456795014
skin_iota0,538,1.6753507014028055,0.46477351066335204,34353350.399886832
skin_iota0,539,1.6773547094188377,0.46459493194751361,34346954.008984804
skin_iota0,540,1.6793587174348699,0.46441621525191529,34340459.505583353
skin_iota0,541,1.6813627254509018,0.46423736110470348,34333867.110000826
skin_iota0,542,1.6833667334669338,0.46405837002879052,34327177.041386858
skin_iota0,543,1.685370741482966,0.46387924254189422,34320389.517729782
skin_iota0,544,1.6873747494989981,0.46369997915658029,34313504.755864367
skin_iota0,545,1.6893787575150301,0.46352058038030569,34306522.971478924
skin_iota0,546,1.691382765531062,0.46334104671545118,34299444.379122026
skin_iota0,547,1.6933867735470942,0.46316137865936824,34292269.192210428
skin_iota0,548,1.6953907815631264,0.46298157670442047,34284997.623036258
skin_iota0,549,1.6973947895791583,0.46280164133801444,34277629.882773124
skin_iota0,550,1.6993987975951903,0.4626215730426449,34270166.181484133
skin_iota0,551,1.7014028056112225,0.46244137229593274,34262606.728128403
skin_iota0,552,1.7034068136272547,0.46226103957066023,34254951.73056794
skin_iota0,553,1.7054108216432866,0.46208057533481217,34247201.3955746
skin_iota0,554,1.7074148296593186,0.46189998005160998,34239355.92883683
skin_iota0,555,1.7094188376753507,0.46171925417955101,34231415.53496632
skin_iota0,556,1.7114228456913829,0.46153839817244235,34223380.417504564
skin_iota0,557,1.7134268537074149,0.46135741247943868,34215250.778929681
skin_iota0,558,1.7154308617234468,0.46117629754508088,34207026.820663042
skin_iota0,559,1.717434869739479,0.46099505380932593,34198708.743075326
skin_iota0,560,1.7194388777555112,0.46081368170758341,34190296.745493189
skin_iota0,561,1.7214428857715431,0.46063218167075237,34181791.026205897
skin_iota0,562,1.7234468937875751,0.46045055412525554,34173191.782471359
skin_iota0,563,1.7254509018036073,0.46026879949307326,34164499.210522555
skin_iota0,564,1.7274549098196392,0.46008691819177405,34155713.50557369
skin_iota0,565,1.7294589178356712,0.45990491063454914,34146834.861826226
skin_iota0,566,1.7314629258517034,0.45972277723024746,34137863.472475044
skin_iota0,567,1.7334669338677355,0.45954051838340937,34128799.529715098
skin_iota0,568,1.7354709418837675,0.45935813449429508,34119643.224746585
skin_iota0,569,1.7374749498997994,0.4591756259589187,34110394.747781664
skin_iota0,570,1.7394789579158316,0.45899299316907699,34101054.288049445
skin_iota0,571,1.7414829659318638,0.45881023651238706,34091622.033802778
skin_iota0,572,1.7434869739478958,0.45862735637231078,34082098.172323748
skin_iota0,573,1.7454909819639277,0.45844435312819048,34072482.88992954
skin_iota0,574,1.7474949899799599,0.45826122715527706,34062776.371977888
skin_iota0,575,1.7494989979959921,0.45807797882475731,34052978.802872904
skin_iota0,576,1.751503006012024,0.45789460850378838,34043090.366070703
skin_iota0,577,1.753507014028056,0.45771111655552876,34033111.244085573
skin_iota0,578,1.7555110220440882,0.45752750333915748,34023041.618494153
skin_iota0,579,1.7575150300601203,0.45734376920991693,34012881.669942468
skin_iota0,580,1.7595190380761523,0.45715991451912846,34002631.578150295
skin_iota0,581,1.7615230460921842,0.45697593961422905,33992291.521917067
skin_iota0,582,1.7635270541082164,0.45679184483880025,33981861.679127499
skin_iota0,583,1.7655310621242486,0.45660763053258691,33971342.226755947
skin_iota0,584,1.7675350701402806,0.45642329703153395,33960733.340872757
skin_iota0,585,1.7695390781563125,0.45623884466780751,33950035.196648598
skin_iota0,586,1.7715430861723447,0.45605427376982793,33939247.9683607
skin_iota0,587,1.7735470941883769,0.45586958466229105,33928371.82939703
skin_iota0,588,1.7755511022044088,0.45568477766619475,33917406.952261627
skin_iota0,589,1.7775551102204408,0.45549985309887248,33906353.508580461
skin_iota0,590,1.7795591182364729,0.45531481127400497,33895211.669104949
skin_iota0,591,1.7815631262525051,0.45512965250166432,33883981.60371872
skin_iota0,592,1.7835671342685371,0.45494437708832125,33872663.481441066
skin_iota0,593,1.785571142284569,0.45475898533688419,33861257.470432788
skin_iota0,594,1.7875751503006012,0.45457347754671501,33849763.738000445
skin_iota0,595,1.7895791583166334,0.45438785401365983,33838182.450601719
skin_iota0,596,1.7915831663326653,0.4542021150300698,33826513.773850173
skin_iota0,597,1.7935871743486973,0.45401626088482566,33814757.872519284
skin_iota0,598,1.7955911823647295,0.45383029186336166,33802914.910547964
skin_iota0,599,1.7975951903807617,0.4536442082476923,33790985.051045068
skin_iota0,600,1.7995991983967936,0.45345801031643412,33778968.456293948
skin_iota0,601,1.8016032064128256,0.45327169834482217,33766865.287756652
skin_iota0,602,1.8036072144288577,0.45308527260474535,33754675.706079282
skin_iota0,603,1.8056112224448899,0.45289873336476005,33742399.87109606
skin_iota0,604,1.8076152304609219,0.45271208089011433,33730037.94183369
skin_iota0,605,1.8096192384769538,0.45252531544277314,33717590.076516107
skin_iota0,606,1.811623246492986,0.45233843728143919,33705056.432569154
skin_iota0,607,1.8136272545090182,0.45215144666157331,33692437.166624233
skin_iota0,608,1.8156312625250501,0.45196434383541656,33679732.434523232
skin_iota0,609,1.8176352705410821,0.45177712905201195,33666942.391322568
skin_iota0,610,1.8196392785571143,0.45158980255722697,33654067.191297859
skin_iota0,611,1.8216432865731464,0.45140236459377525,33641106.987947881
skin_iota0,612,1.8236472945891784,0.45121481540123148,33628061.933998518
skin_iota0,613,1.8256513026052104,0.45102715521605891,33614932.181407474
skin_iota0,614,1.8276553106212425,0.45083938427162568,33601717.881368227
skin_iota0,615,1.8296593186372747,0.45065150279822902,33588419.184314176
skin_iota0,616,1.8316633266533067,0.4504635110231105,33575036.239922695
skin_iota0,617,1.8336673346693386,0.45027540917047831,33561569.197119109
skin_iota0,618,1.8356713426853708,0.45008719746152626,33548018.204080831
skin_iota0,619,1.8376753507014028,0.449898876114456,33534383.40824151
skin_iota0,620,1.8396793587174347,0.44971044534449078,33520664.956294611
skin_iota0,621,1.8416833667334669,0.44952190536389819,33506862.994197603
skin_iota0,622,1.8436873747494991,0.44933325638200988,33492977.667176016
skin_iota0,623,1.845691382765531,0.44914449860523703,33479009.119726896
skin_iota0,624,1.847695390781563,0.44895563223709239,33464957.495623015
skin_iota0,625,1.8496993987975952,0.44876665747820488,33450822.9379167
skin_iota0,626,1.8517034068136273,0.44857757452634012,33436605.588942964
skin_iota0,627,1.8537074148296593,0.44838838357641869,33422305.590324413
skin_iota0,628,1.8557114228456912,0.44819908482053206,33407923.082973942
skin_iota0,629,1.8577154308617234,0.44800967844795953,33393458.20709879
skin_iota0,630,1.8597194388777556,0.4478201646451932,33378911.102204487
skin_iota0,631,1.8617234468937875,0.44763054359594234,33364281.907098167
skin_iota0,632,1.8637274549098195,0.44744081548116127,33349570.759892173
skin_iota0,633,1.8657314629258517,0.44725098047906137,33334777.798007715
skin_iota0,634,1.8677354709418839,0.44706103876512993,33319903.158178642
skin_iota0,635,1.8697394789579158,0.44687099051214424,33304946.976454541
skin_iota0,636,1.8717434869739478,0.44668083589019025,33289909.388204772
skin_iota0,637,1.8737474949899799,0.44649057506667833,33274790.528121334
skin_iota0,638,1.8757515030060121,0.44630020820635968,33259590.530222975
skin_iota0,639,1.8777555110220441,0.44610973547133859,33244309.527857844
skin_iota0,640,1.879759519038076,0.4459191570210958,33228947.653707802
skin_iota0,641,1.8817635270541082,0.44572847301249652,33213505.03979104
skin_iota0,642,1.8837675350701404,0.44553768359980894,33197981.817465674
skin_iota0,643,1.8857715430861723,0.44534678893472285,33182378.11743325
skin_iota0,644,1.8877755511022043,0.44515578916635662,33166694.069741771
skin_iota0,645,1.8897795591182365,0.44496468444128112,33150929.803789105
skin_iota0,646,1.8917835671342687,0.44477347490352859,33135085.448326148
skin_iota0,647,1.8937875751503006,0.44458216069461121,33119161.131460268
skin_iota0,648,1.8957915831663326,0.4443907419535319,33103156.980658274
skin_iota0,649,1.8977955911823647,0.44419921881680252,33087073.122749466
skin_iota0,650,1.8997995991983969,0.44400759141845347,33070909.683929138
skin_iota0,651,1.9018036072144289,0.44381585989005429,33054666.789761662
skin_iota0,652,1.9038076152304608,0.44362402436072129,33038344.565183066
skin_iota0,653,1.905811623246493,0.44343208495713615,33021943.134505071
skin_iota0,654,1.9078156312625252,0.4432400418035562,33005462.621416919
skin_iota0,655,1.9098196392785571,0.44304789502183001,32988903.148989562
skin_iota0,656,1.9118236472945891,0.4428556447314107,32972264.839678068
skin_iota0,657,1.9138276553106213,0.4426632910493683,32955547.815324552
skin_iota0,658,1.9158316633266534,0.44247083409040316,32938752.197161458
skin_iota0,659,1.9178356713426854,0.44227827396685898,32921878.105814144
skin_iota0,660,1.9198396793587174,0.44208561078873848,32904925.661304291
skin_iota0,661,1.9218436873747495,0.44189284466371131,32887894.983052265
skin_iota0,662,1.9238476953907817,0.44169997569713082,32870786.189880393
skin_iota0,663,1.9258517034068137,0.44150700399204235,32853599.400015414
skin_iota0,664,1.9278557114228456,0.4413139296492008,32836334.731091809
skin_iota0,665,1.9298597194388778,0.44112075276707913,32818992.300154243
skin_iota0,666,1.93186372745491,0.44092747344188254,32801572.223660439
skin_iota0,667,1.9338677354709419,0.44073409176755879,32784074.617484
skin_iota0,668,1.9358717434869739,0.44054060783581173,32766499.596917175
skin_iota0,669,1.9378757515030061,0.44034702173611057,32748847.276673336
skin_iota0,670,1.9398797595190382,0.44015333355570563,32731117.770890217
skin_iota0,671,1.9418837675350702,0.43995954337963689,32713311.193131987
skin_iota0,672,1.9438877755511021,0.43976565129074502,32695427.656392343
skin_iota0,673,1.9458917835671343,0.43957165736968407,32677467.273096889
skin_iota0,674,1.9478957915831663,0.43937756169493403,32659430.155106038
skin_iota0,675,1.9498997995991982,0.43918336434280753,32641316.413717248
skin_iota0,676,1.9519038076152304,0.43898906538746579,32623126.159668088
skin_iota0,677,1.9539078156312626,0.43879466490092711,32604859.503138367
skin_iota0,678,1.9559118236472945,0.43860016295307519,32586516.553752806
skin_iota0,679,1.9579158316633265,0.43840555961167471,32568097.42058377
skin_iota0,680,1.9599198396793587,0.43821085494237866,32549602.212153561
skin_iota0,681,1.9619238476953909,0.43801604900874141,32531031.036436994
skin_iota0,682,1.9639278557114228,0.43782114187222265,32512384.000863723
skin_iota0,683,1.9659318637274548,0.43762613359220687,32493661.21232114
skin_iota0,684,1.9679358717434869,0.43743102422600449,32474862.777155969
skin_iota0,685,1.9699398797595191,0.43723581382886928,32455988.801177643
skin_iota0,686,1.9719438877755511,0.43704050245400272,32437039.389660131
skin_iota0,687,1.973947895791583,0.43684509015256756,32418014.64734444
skin_iota0,688,1.9759519038076152,0.43664957697369544,32398914.678441115
skin_iota0,689,1.9779559118236474,0.43645396296449529,32379739.586632188
skin_iota0,690,1.9799599198396793,0.43625824817006759,32360489.475074034
skin_iota0,691,1.9819639278557113,0.4360624326335083,32341164.446399245
skin_iota0,692,1.9839679358717435,0.43586651639592144,32321764.602719452
skin_iota0,693,1.9859719438877756,0.43567049949642628,32302290.045626737
skin_iota0,694,1.9879759519038076,0.43547438197216776,32282740.876196869
skin_iota0,695,1.9899799599198396,0.43527816385832557,32263117.194990773
skin_iota0,696,1.9919839679358717,0.43508184518812409,32243419.102057371
skin_iota0,697,1.9939879759519039,0.43488542599283536,32223646.69693527
skin_iota0,698,1.9959919839679359,0.43468890630179546,32203800.078655209
skin_iota0,699,1.9979959919839678,0.43449228614240953,32183879.345742375
skin_iota0,700,2,0.43429556554015863,32163884.596218191
skin_iota0,701,2,0.43429556554015858,32163884.59621818
skin_iota0,702,2.0961923847695392,0.42514420367516942,31251745.452945154
skin_iota0,703,2.1923847695390783,0.41654555763834422,30430749.75575912
skin_iota0,704,2.2885771543086171,0.40845220077335359,29690664.827577122
skin_iota0,705,2.3847695390781563,0.40082194074351207,29022652.446675364
skin_iota0,706,2.4809619238476954,0.39361711837230257,28419047.156507388
skin_iota0,707,2.5771543086172346,0.38680401619129012,27873174.59690826
skin_iota0,708,2.6733466933867733,0.3803523571798571,27379201.811901271
skin_iota0,709,2.7695390781563125,0.37423487805039202,26932013.263243534
skin_iota0,710,2.8657314629258517,0.36842696445961504,26527107.628663532
skin_iota0,711,2.9619238476953909,0.3629063379104866,26160511.498364475
skin_iota0,712,3.05811623246493,0.3576527859980127,25828706.881883349
skin_iota0,713,3.1543086172344692,0.35264792915782173,25528570.057745218
skin_iota0,714,3.2505010020040079,0.34787501828316791,25257319.783293355
skin_iota0,715,3.3466933867735471,0.34331875854846894,25012473.263422716
skin_iota0,716,3.4428857715430863,0.33896515556510964,24791808.578522544
skin_iota0,717,3.539078156312625,0.33480138063625015,24593332.511717808
skin_iota0,718,3.6352705410821642,0.3308156524014994,24415252.907134879
skin_iota0,719,3.7314629258517034,0.32699713259274316,24255954.844824478
skin_iota0,720,3.8276553106212425,0.32333583397740695,24113980.042167913
skin_iota0,721,3.9238476953907817,0.31982253885940315,23988008.992258303
skin_iota0,722,4.0200400801603209,0.31644872675238639,23876845.431698531
skin_iota0,723,4.1162324649298601,0.31320651004385225,23779402.797247414
skin_iota0,724,4.2124248496993992,0.31008857663936484,23694692.385725006
skin_iota0,725,4.3086172344689384,0.30708813871969481,23621812.976885088
skin_iota0,726,4.4048096192384776,0.30419888686460433,23559941.716415655
skin_iota0,727,4.5010020040080159,0.30141494889933873,23508326.087310936
skin_iota0,728,4.597194388777555,0.29873085290667128,23466276.823738132
skin_iota0,729,4.6933867735470942,0.2961414939212127,23433161.643142268
skin_iota0,730,4.7895791583166334,0.2936421038857055,23408399.690452278
skin_iota0,731,4.8857715430861726,0.29122822450295754,23391456.603483189
skin_iota0,732,4.9819639278557108,0.28889568266332666,23381840.121470831
skin_iota0,733,5.07815631262525,0.28664056816746453,23379096.169534542
skin_iota0,734,5.1743486973947892,0.28445921349834047,23382805.361069459
skin_iota0,735,5.2705410821643284,0.28234817542622898,23392579.867897429
skin_iota0,736,5.3667334669338675,0.28030421825603352,23408060.614675809
skin_iota0,737,5.4629258517034067,0.27832429854864155,23428914.759764735
skin_iota0,738,5.5591182364729459,0.27640555116741694,23454833.429635748
skin_iota0,739,5.6553106212424851,0.27454527651787108,23485529.67809692
skin_iota0,740,5.7515030060120242,0.27274092886335294,23520736.645216979
skin_iota0,741,5.8476953907815634,0.27099010561255438,23560205.893942777
skin_iota0,742,5.9438877755511026,0.26929053748599291,23603705.905092783
skin_iota0,743,6.0400801603206409,0.26764007947863105,23651020.713739522
skin_iota0,744,6.1362725450901801,0.26603670254457956,23701948.672013707
skin_iota0,745,6.2324649298597192,0.26447848593760442,23756301.325122207
skin_iota0,746,6.3286573146292584,0.26296361014800568,23813902.38890205
skin_iota0,747,6.4248496993987976,0.26149035038251239,23874586.818570327
skin_iota0,748,6.5210420841683367,0.26005707053921684,23938199.959498547
skin_iota0,749,6.6172344689378759,0.25866221763435093,24004596.77186368
skin_iota0,750,6.7134268537074151,0.2573043166419578,24073641.12192766
skin_iota0,751,6.8096192384769543,0.25598196571129794,24145205.133485831
skin_iota0,752,6.9058116232464926,0.25469383173020355,24219168.59372142
skin_iota0,753,7.0020040080160317,0.25343864620561424,24295418.408315282
skin_iota0,754,7.0981963927855709,0.25221520143522513,24373848.101203181
skin_iota0,755,7.1943887775551101,0.25102234694659376,24454357.354850505
skin_iota0,756,7.2905811623246493,0.24985898618221988,24536851.587339908
skin_iota0,757,7.3867735470941884,0.24872407341106439,24621241.562943403
skin_iota0,758,7.4829659318637276,0.24761661084871725,24707443.033185046
skin_iota0,759,7.5791583166332668,0.24653564597000655,24795376.405697957
skin_iota0,760,7.675350701402806,0.24548026899925851,24884966.438444573
skin_iota0,761,7.7715430861723451,0.24444961056470427,24976141.957105495
skin_iota0,762,7.8677354709418834,0.24344283950468321,25068835.59365337
skin_iota0,763,7.9639278557114226,0.24245916081434604,25162983.544317432
skin_iota0,764,8.0601202404809627,0.2414978137225067,25258525.345312942
skin_iota0,765,8.1563126252505,0.24055806988915471,25355403.664861951
skin_iota0,766,8.252505010020041,0.23963923171491999,25453564.110167574
skin_iota0,767,8.3486973947895784,0.23874063075448923,25552955.048125908
skin_iota0,768,8.4448897795591193,0.23786162622662374,25653527.438670319
skin_iota0,769,8.5410821643286567,0.23700160361401076,25755234.679741524
skin_iota0,770,8.6372745490981977,0.23615997334671673,25858032.462966178
skin_iota0,771,8.7334669338677351,0.23533616956349998,25961878.639207035
skin_iota0,772,8.8296593186372743,0.23452964894568651,26066733.093221262
skin_iota0,773,8.9258517034068134,0.23373988961871567,26172557.626728479
skin_iota0,774,9.0220440881763526,0.23296639011683948,26279315.849249922
skin_iota0,775,9.1182364729458918,0.23220866840679777,26386973.076134834
skin_iota0,776,9.214428857715431,0.23146626096660153,26495496.233237717
skin_iota0,777,9.3106212424849701,0.2307387219158484,26604853.767756119
skin_iota0,778,9.4068136272545093,0.23002562219425035,26715015.564777736
skin_iota0,779,9.5030060120240485,0.22932654878529968,26825952.869123284
skin_iota0,780,9.5991983967935859,0.22864110398221843,26937638.212104324
skin_iota0,781,9.6953907815631268,0.22796890469354164,27050045.342846137
skin_iota0,782,9.7915831663326642,0.22730958178587088,27163149.163853519
skin_iota0,783,9.8877755511022052,0.22666277946150867,27276925.67052231
skin_iota0,784,9.9839679358717426,0.22602815466884427,27391351.894323226
skin_iota0,785,10.080160320641282,0.22540537654350559,27506405.849405263
skin_iota0,786,10.176352705410821,0.22479412587843139,27622066.482385468
skin_iota0,787,10.27254509018036,0.22419409462113904,27738313.625109546
skin_iota0,788,10.368737474949899,0.22360498539658405,27855127.950184472
skin_iota0,789,10.464929859719438,0.22302651105411028,27972490.929098208
skin_iota0,790,10.561122244488978,0.2224583942370906,28090384.792756278
skin_iota0,791,10.657314629258517,0.22190036697395144,28208792.494277034
skin_iota0,792,10.753507014028056,0.22135217028935661,28327697.673898946
skin_iota0,793,10.849699398797595,0.22081355383440726,28447084.625863988
skin_iota0,794,10.945891783567134,0.22028427553478797,28566938.267151125
skin_iota0,795,11.042084168336673,0.21976410125585535,28687244.107942417
skin_iota0,796,11.138276553106213,0.21925280448373002,28807988.223712999
skin_iota0,797,11.234468937875752,0.21875016602151362,28929157.228843696
skin_iota0,798,11.330661322645291,0.21825597369980199,29050738.251661897
skin_iota0,799,11.42685370741483,0.21777002210072186,29172718.910823058
skin_iota0,800,11.523046092184369,0.21729211229476486,29295087.292951327
skin_iota0,801,11.619238476953909,0.21682205158973175,29417831.931462616
skin_iota0,802,11.715430861723448,0.21635965329115009,29540941.786499783
skin_iota0,803,11.811623246492985,0.21590473647355718,29664406.22591313
skin_iota0,804,11.907815631262524,0.21545712576208501,29788215.00722478
skin_iota0,805,12.004008016032063,0.21501665112380852,29912358.260518741
skin_iota0,806,12.100200400801603,0.21458314766836009,30036826.472203366
skin_iota0,807,12.196392785571142,0.21415645545733053,30161610.469594855
skin_iota0,808,12.292585170340681,0.21373641932201534,30286701.40627547
skin_iota0,809,12.38877755511022,0.21332288868908356,30412090.748181809
skin_iota0,810,12.484969939879759,0.21291571741377227,30537770.260381773
skin_iota0,811,12.581162324649299,0.21251476362023311,30663731.994501766
skin_iota0,812,12.677354709418838,0.21211988954867916,30789968.276767679
skin_iota0,813,12.773547094188377,0.21173096140899569,30916471.696625512
skin_iota0,814,12.869739478957916,0.21134784924050165,31043235.095909923
skin_iota0,815,12.965931863727455,0.21097042677756522,31170251.558530536
skin_iota0,816,13.062124248496994,0.21059857132079021,31297514.400648069
skin_iota0,817,13.158316633266534,0.21023216361350769,31425017.161313709
skin_iota0,818,13.254509018036073,0.20987108772332261,31552753.593546975
skin_iota0,819,13.350701402805612,0.2095152309284746,31680717.655828658
skin_iota0,820,13.446893787575151,0.2091644836087907,31808903.503987093
skin_iota0,821,13.54308617234469,0.20881873914101315,31937305.483456708
skin_iota0,822,13.639278557114228,0.20847789379830287,32065918.121889882
skin_iota0,823,13.735470941883767,0.20814184665372407,32194736.122103401
skin_iota0,824,13.831663326653306,0.20781049948753139,32323754.355342615
skin_iota0,825,13.927855711422845,0.2074837566980833,32452967.854846656
skin_iota0,826,14.024048096192384,0.20716152521622208,32582371.809699766
skin_iota0,827,14.120240480961924,0.20684371442296248,32711961.558954064
skin_iota0,828,14.216432865731463,0.20653023607034252,32841732.586010169
skin_iota0,829,14.312625250501002,0.20622100420529677,32971680.513242837
skin_iota0,830,14.408817635270541,0.20591593509641878,33101801.096859444
skin_iota0,831,14.50501002004008,0.20561494716348655,33232090.221979808
skin_iota0,832,14.601202404809619,0.20531796090963036,33362543.897926547
skin_iota0,833,14.697394789579159,0.20502489885603001,33493158.253715787
skin_iota0,834,14.793587174348698,0.20473568547903159,33623929.53373833
skin_iota0,835,14.889779559118237,0.20445024714958099,33754854.093622319
skin_iota0,836,14.985971943887776,0.20416851207487571,33885928.396268629
skin_iota0,837,15.082164328657315,0.20389041024214177,34017149.008050837
skin_iota0,838,15.178356713426854,0.20361587336444598,34148512.595171921
skin_iota0,839,15.274549098196394,0.20334483482845828,34280015.920170307
skin_iota0,840,15.370741482965931,0.20307722964408523,34411655.838568494
skin_iota0,841,15.46693386773547,0.2028129943958942,34543429.295657285
skin_iota0,842,15.563126252505009,0.20255206719625862,34675333.323409878
skin_iota0,843,15.659318637274549,0.20229438764015051,34807365.037519239
skin_iota0,844,15.755511022044088,0.20203989676151621,34939521.634553611
skin_iota0,845,15.851703406813627,0.20178853699116966,35071800.389224716
skin_iota0,846,15.947895791583166,0.20154025211614379,35204198.651763313
skin_iota0,847,16.044088176352705,0.20129498724044043,35336713.845397696
skin_iota0,848,16.140280561122246,0.20105268874712406,35469343.4639301
skin_iota0,849,16.236472945891784,0.20081330426170668,35602085.069407113
skin_iota0,850,16.332665330661321,0.20057678261677242,35734936.289879583
skin_iota0,851,16.428857715430862,0.20034307381779345,35867894.817248382
skin_iota0,852,16.525050100200403,0.20011212901009209,36000958.40519207
skin_iota0,853,16.62124248496994,0.19988390044690288,36134124.867172994
skin_iota0,854,16.717434869739478,0.19965834145849456,36267392.074518509
skin_iota0,855,16.813627254509019,0.19943540642230978,36400757.954573981
skin_iota0,856,16.90981963927856,0.19921505073408427,36534220.488924474
skin_iota0,857,17.006012024048097,0.1989972307799093,36667777.711682498
skin_iota0,858,17.102204408817634,0.1987819039092002,36801427.707838587
skin_iota0,859,17.198396793587172,0.19856902840853935,36935168.611672528
skin_iota0,860,17.294589178356713,0.19835856347635838,37068998.605222255
skin_iota0,861,17.390781563126254,0.19815046919843082,37202915.916808411
skin_iota0,862,17.486973947895791,0.19794470652414398,37336918.819612056
skin_iota0,863,17.583166332665328,0.19774123724352188,37471005.630303338
skin_iota0,864,17.679358717434869,0.19754002396497194,37605174.707719199
skin_iota0,865,17.77555110220441,0.19734103009372922,37739424.451587938
skin_iota0,866,17.871743486973948,0.19714421981097155,37873753.301298752
skin_iota0,867,17.967935871743485,0.19694955805358483,38008159.734714724
skin_iota0,868,18.064128256513026,0.1967570104945508,38142642.267027006
skin_iota0,869,18.160320641282564,0.19656654352393907,38277199.449649036
skin_iota0,870,18.256513026052104,0.19637812423047915,38411829.869149007
skin_iota0,871,18.352705410821642,0.1961917203836942,38546532.146218956
skin_iota0,872,18.448897795591183,0.19600730041657488,38681304.9346793
skin_iota0,873,18.54509018036072,0.19582483340877591,38816146.920517251
skin_iota0,874,18.641282565130261,0.19564428907031636,38951056.820957728
skin_iota0,875,18.737474949899799,0.19546563772576617,39086033.383565769
skin_iota0,876,18.83366733466934,0.19528885029890347,39221075.385379046
skin_iota0,877,18.929859719438877,0.19511389829782419,39356181.632069282
skin_iota0,878,19.026052104208418,0.194940753800491,39491350.95713158
skin_iota0,879,19.122244488977955,0.1947693894407051,39626582.221100695
skin_iota0,880,19.218436873747496,0.19459977839448672,39761874.310792863
skin_iota0,881,19.314629258517034,0.1944318943668519,39897226.138572708
skin_iota0,882,19.410821643286575,0.19426571157897002,40032636.641643979
skin_iota0,883,19.507014028056112,0.19410120475569148,40168104.781363182
skin_iota0,884,19.603206412825653,0.19393834911343238,40303629.542575575
skin_iota0,885,19.69939879759519,0.19377712034840394,40439209.932972446
skin_iota0,886,19.795591182364728,0.19361749462517616,40574844.982468776
skin_iota0,887,19.891783567134269,0.1934594485655646,40710533.742601037
skin_iota0,888,19.987975951903806,0.19330295923782917,40846275.285943784
skin_iota0,889,20.084168336673347,0.19314800414617572,40982068.705544941
skin_iota0,890,20.180360721442884,0.19299456122054975,41117913.114378445
skin_iota0,891,20.276553106212425,0.19284260880671342,41253807.644814461
skin_iota0,892,20.372745490981963,0.19269212565659655,41389751.448105544
skin_iota0,893,20.468937875751504,0.19254309091891331,41525743.693889283
skin_iota0,894,20.565130260521041,0.19239548413003513,41661783.569705874
skin_iota0,895,20.661322645290582,0.19224928520511331,41797870.280530624
skin_iota0,896,20.757515030060119,0.19210447442944159,41934003.048320748
skin_iota0,897,20.85370741482966,0.19196103245005289,42070181.111575983
skin_iota0,898,20.949899799599198,0.19181894026754209,42206403.724912472
skin_iota0,899,21.046092184368739,0.19167817922810754,42342670.158649437
skin_iota0,900,21.142284569138276,0.19153873101580496,42478979.69840835
skin_iota0,901,21.238476953907817,0.19140057764500776,42615331.644724034
skin_iota0,902,21.334669338677354,0.19126370145306631,42751725.312667362
skin_iota0,903,21.430861723446895,0.19112808509316009,42888160.031479135
skin_iota0,904,21.527054108216433,0.19099371152733888,43024635.144214593
skin_iota0,905,21.62324649298597,0.19086056401974402,43161150.00739871
skin_iota0,906,21.719438877755511,0.19072862613000729,43297703.990691163
skin_iota0,907,21.815631262525049,0.19059788170682013,43434296.47656139
skin_iota0,908,21.91182364729459,0.19046831488166943,43570926.859972887
skin_iota0,909,22.008016032064127,0.19033991006273326,43707594.548076563
skin_iota0,910,22.104208416833668,0.19021265192893405,43844298.959913149
skin_iota0,911,22.200400801603205,0.1900865254241427,43981039.526123844
skin_iota0,912,22.296593186372746,0.18996151575152959,44117815.688669421
skin_iota0,913,22.392785571142284,0.18983760836805907,44254626.900557153
skin_iota0,914,22.488977955911825,0.18971478897912192,44391472.625575505
skin_iota0,915,22.585170340681362,0.18959304353330297,44528352.338036351
skin_iota0,916,22.681362725450903,0.18947235821727945,44665265.522524409
skin_iota0,917,22.77755511022044,0.18935271945084553,44802211.673653476
skin_iota0,918,22.873747494989981,0.18923411388206096,44939190.295829676
skin_iota0,919,22.969939879759519,0.18911652838251952,45076200.903021194
skin_iota0,920,23.06613226452906,0.18899995004273296,45213243.01853428
skin_iota0,921,23.162324649298597,0.18888436616762894,45350316.174795434
skin_iota0,922,23.258517034068138,0.18876976427215811,45487419.913139656
skin_iota0,923,23.354709418837675,0.18865613207700874,45624553.783604234
skin_iota0,924,23.450901803607213,0.18854345750442419,45761717.34472838
skin_iota0,925,23.547094188376754,0.18843172867412181,45898910.163358055
skin_iota0,926,23.643286573146291,0.18832093389930996,46036131.814456239
skin_iota0,927,23.739478957915832,0.18821106168279986,46173381.880918115
skin_iota0,928,23.835671342685369,0.18810210071321065,46310659.953391284
skin_iota0,929,23.93186372745491,0.18799403986126428,46447965.630100787
skin_iota0,930,24.028056112224448,0.18788686817616806,46585298.516678549
skin_iota0,931,24.124248496993989,0.18778057488208286,46722658.225997694
skin_iota0,932,24.220440881763526,0.18767514937467361,46860044.378010809
skin_iota0,933,24.316633266533067,0.18757058121774114,46997456.59959279
skin_iota0,934,24.412825651302605,0.18746686013993219,47134894.524387412
skin_iota0,935,24.509018036072145,0.18736397603152546,47272357.792658292
skin_iota0,936,24.605210420841683,0.18726191894129346,47409846.051143475
skin_iota0,937,24.701402805611224,0.18716067907343445,47547358.952913679
skin_iota0,938,24.797595190380761,0.18706024678457703,47684896.157234378
skin_iota0,939,24.893787575150302,0.18696061258085167,47822457.329431362
skin_iota0,940,24.98997995991984,0.1868617671150303,47960042.140759677
skin_iota0,941,25.086172344689381,0.18676370118372942,48097650.268275775
skin_iota0,942,25.182364729458918,0.18666640572467805,48235281.394713208
skin_iota0,943,25.278557114228455,0.18656987181404627,48372935.208361126
skin_iota0,944,25.374749498997996,0.186474090663834,48510611.402946092
skin_iota0,945,25.470941883767534,0.18637905361931897,48648309.677516654
skin_iota0,946,25.567134268537075,0.18628475215655985,48786029.736330777
skin_iota0,947,25.663326653306612,0.18619117787995715,48923771.288746342
skin_iota0,948,25.759519038076153,0.18609832251986652,49061534.049113952
skin_iota0,949,25.85571142284569,0.1860061779302655,49199317.736672804
skin_iota0,950,25.951903807615231,0.18591473608647127,49337122.075448722
skin_iota0,951,26.048096192384769,0.18582398908290831,49474946.794154957
skin_iota0,952,26.14428857715431,0.18573392913092557,49612791.626095228
skin_iota0,953,26.240480961923847,0.1856445485566601,49750656.309069306
skin_iota0,954,26.336673346693388,0.18555583979894788,49888540.58528062
skin_iota0,955,26.432865731462925,0.18546779540727931,50026444.201246396
skin_iota0,956,26.529058116232466,0.18538040803979927,50164366.907709718
skin_iota0,957,26.625250501002004,0.18529367046134909,50302308.459553704
skin_iota0,958,26.721442885771545,0.18520757554155162,50440268.615717955
skin_iota0,959,26.817635270541082,0.1851221162529367,50578247.139116615
skin_iota0,960,26.913827655310619,0.18503728566910596,50716243.796558805
skin_iota0,961,27.01002004008016,0.18495307696293709,50854258.358670563
skin_iota0,962,27.106212424849698,0.18486948340482581,50992290.599818833
skin_iota0,963,27.202404809619239,0.18478649836096481,51130340.298037097
skin_iota0,964,27.298597194388776,0.18470411529165875,51268407.234952837
skin_iota0,965,27.394789579158317,0.18462232774967452,51406491.195716761
skin_iota0,966,27.490981963927855,0.18454112937862593,51544591.968933389
skin_iota0,967,27.587174348697395,0.18446051391139179,51682709.346593596
skin_iota0,968,27.683366733466933,0.18438047516856645,51820843.124008365
skin_iota0,969,27.779559118236474,0.18430100705694319,51958993.099744365
skin_iota0,970,27.875751503006011,0.18422210356802768,52097159.075560749
skin_iota0,971,27.971943887775552,0.18414375877658251,52235340.856347553
skin_iota0,972,28.06813627254509,0.18406596683920165,52373538.25006552
skin_iota0,973,28.164328657314631,0.18398872199291288,52511751.06768705
skin_iota0,974,28.260521042084168,0.18391201855381017,52649979.123138763
skin_iota0,975,28.356713426853709,0.18383585091571197,52788222.233245164
skin_iota0,976,28.452905811623246,0.18376021354884792,52926480.217673652
skin_iota0,977,28.549098196392787,0.18368510099857119,53064752.898880757
skin_iota0,978,28.645290581162325,0.18361050788409686,53203040.102059558
skin_iota0,979,28.741482965931862,0.18353642889726554,53341341.655088231
skin_iota0,980,28.837675350701403,0.18346285880133117,53479657.388479777
skin_iota0,981,28.93386773547094,0.18338979242977366,53617987.135332853
skin_iota0,982,29.030060120240481,0.18331722468513384,53756330.731283657
skin_iota0,983,29.126252505010019,0.18324515053787277,53894688.014458925
skin_iota0,984,29.22244488977956,0.18317356502525234,54033058.825429879
skin_iota0,985,29.318637274549097,0.18310246325023813,54171443.007167168
skin_iota0,986,29.414829659318638,0.18303184038042389,54309840.404996909
skin_iota0,987,29.511022044088175,0.18296169164697676,54448250.866557531
skin_iota0,988,29.607214428857716,0.18289201234360319,54586674.241757713
skin_iota0,989,29.703406813627254,0.18282279782553412,54725110.382734887
skin_iota0,990,29.799599198396795,0.18275404350853089,54863559.143815145
skin_iota0,991,29.895791583166332,0.18268574486790934,55002020.381473541
skin_iota0,992,29.991983967935873,0.18261789743758269,55140493.954295412
skin_iota0,993,30.08817635270541,0.1825504968091235,55278979.722938627
skin_iota0,994,30.184368737474951,0.18248353863084224,55417477.55009646
skin_iota0,995,30.280561122244489,0.18241701860688458,55555987.30046127
skin_iota0,996,30.37675350701403,0.18235093249634496,55694508.840689063
skin_iota0,997,30.472945891783567,0.18228527611239689,55833042.039364636
skin_iota0,998,30.569138276553105,0.1822200453214404,55971586.76696758
skin_iota0,999,30.665330661322646,0.18215523604226463,56110142.895838931
skin_iota0,1000,30.761523046092183,0.18209084424522642,56248710.300148472
skin_iota0,1001,30.857715430861724,0.18202686595144421,56387288.855862804
skin_iota0,1002,30.953907815631261,0.18196329723200677,56525878.440714017
skin_iota0,1003,31.050100200400802,0.18190013420719706,56664478.934168935
skin_iota0,1004,31.14629258517034,0.18183737304572961,56803090.21739915
skin_iota0,1005,31.242484969939881,0.18177500996400311,56941712.173251607
skin_iota0,1006,31.338677354709418,0.18171304122536522,57080344.686219625
skin_iota0,1007,31.434869739478959,0.18165146313939251,57218987.642414793
skin_iota0,1008,31.531062124248496,0.1815902720611822,57357640.929539189
skin_iota0,1009,31.627254509018037,0.1815294643906574,57496304.436858334
skin_iota0,1010,31.723446893787575,0.18146903657188518,57634978.055174462
skin_iota0,1011,31.819639278557116,0.18140898509240605,57773661.676800661
skin_iota0,1012,31.915831663326653,0.18134930648257702,57912355.195535183
skin_iota0,1013,32.012024048096194,0.18128999731492504,58051058.506636493
skin_iota0,1014,32.108216432865731,0.18123105420351282,58189771.506798811
skin_iota0,1015,32.204408817635269,0.18117247380331578,58328494.094127879
skin_iota0,1016,32.300601202404806,0.18111425280961027,58467226.168117568
skin_iota0,1017,32.396793587174344,0.18105638795737244,58605967.629626729
skin_iota0,1018,32.492985971943888,0.18099887602068818,58744718.380856536
skin_iota0,1019,32.589178356713425,0.18094171381217272,58883478.325328216
skin_iota0,1020,32.68537074148297,0.18088489818240144,59022247.367861383
skin_iota0,1021,32.781563126252507,0.18082842601934981,59161025.414552562
skin_iota0,1022,32.877755511022045,0.180772294247844,59299812.37275441
skin_iota0,1023,32.973947895791582,0.18071649982902036,59438608.151055053
skin_iota0,1024,33.07014028056112,0.18066103975979469,59577412.659257963
skin_iota0,1025,33.166332665330657,0.1806059110723407,59716225.80836226
skin_iota0,1026,33.262525050100201,0.18055111083357761,59855047.510543346
skin_iota0,1027,33.358717434869739,0.18049663614466607,59993877.679133713
skin_iota0,1028,33.454909819639283,0.18044248414051392,60132716.228604682
skin_iota0,1029,33.551102204408821,0.18038865198928894,60271563.074547626
skin_iota0,1030,33.647294589178358,0.18033513689194147,60410418.133656509
skin_iota0,1031,33.743486973947896,0.18028193608173393,60549281.323709942
skin_iota0,1032,33.839679358717433,0.18022904682377919,60688152.563554063
skin_iota0,1033,33.93587174348697,0.18017646641458651,60827031.773085572
skin_iota0,1034,34.032064128256515,0.18012419218161502,60965918.873235002
skin_iota0,1035,34.128256513026052,0.18007222148283511,61104813.785950594
skin_iota0,1036,34.22444889779559,0.18002055170629694,61243716.434182055
skin_iota0,1037,34.320641282565127,0.17996918026970626,61382626.741865024
skin_iota0,1038,34.416833667334672,0.17991810462000762,61521544.633905567
skin_iota0,1039,34.513026052104209,0.17986732223297397,61660470.036164969
skin_iota0,1040,34.609218436873746,0.17981683061280376,61799402.875445016
skin_iota0,1041,34.705410821643284,0.17976662729172438,61938343.079473235
skin_iota0,1042,34.801603206412828,0.17971670982960233,62077290.57688874
skin_iota0,1043,34.897795591182366,0.17966707581355931,62216245.297227979
skin_iota0,1044,34.993987975951903,0.17961772285759589,62355207.170911111
skin_iota0,1045,35.09018036072144,0.17956864860222002,62494176.129228316
skin_iota0,1046,35.186372745490985,0.17951985071408247,62633152.104326561
skin_iota0,1047,35.282565130260522,0.17947132688561779,62772135.029196426
skin_iota0,1048,35.37875751503006,0.17942307483469164,62911124.837659404
skin_iota0,1049,35.474949899799597,0.17937509230425341,63050121.464355201
skin_iota0,1050,35.571142284569142,0.17932737706199442,63189124.844729371
skin_iota0,1051,35.667334669338679,0.1792799269000124,63328134.915021136
skin_iota0,1052,35.763527054108216,0.17923273963448041,63467151.612251513
skin_iota0,1053,35.859719438877754,0.17918581310532192,63606174.87421155
skin_iota0,1054,35.955911823647291,0.17913914517589039,63745204.639450729
skin_iota0,1055,36.052104208416836,0.17909273373265483,63884240.84726572
skin_iota0,1056,36.148296593186373,0.17904657668488955,64023283.437689282
skin_iota0,1057,36.244488977955911,0.17900067196436931,64162332.35147918
skin_iota0,1058,36.340681362725448,0.17895501752506937,64301387.530107722
skin_iota0,1059,36.436873747494992,0.17890961134287039,64440448.91575098
skin_iota0,1060,36.53306613226453,0.17886445141526722,64579516.451278463
skin_iota0,1061,36.629258517034067,0.17881953576108331,64718590.080243036
skin_iota0,1062,36.725450901803605,0.17877486242018914,64857669.746870816
skin_iota0,1063,36.821643286573149,0.17873042945322501,64996755.396051399
skin_iota0,1064,36.917835671342687,0.17868623494132849,65135846.973328114
skin_iota0,1065,37.014028056112224,0.17864227698586541,65274944.424888603
skin_iota0,1066,37.110220440881761,0.1785985537081663,65414047.697555423
skin_iota0,1067,37.206412825651306,0.17855506324926562,65553156.738777027
skin_iota0,1068,37.302605210420843,0.17851180376964582,65692271.496618435
skin_iota0,1069,37.398797595190381,0.17846877344898526,65831391.919752687
skin_iota0,1070,37.494989979959918,0.17842597048590969,65970517.957451932
skin_iota0,1071,37.591182364729455,0.17838339309774784,66109649.559578925
skin_iota0,1072,37.687374749499,0.17834103952029098,66248786.676578671
skin_iota0,1073,37.783567134268537,0.17829890800755552,66387929.259469941
skin_iota0,1074,37.879759519038075,0.17825699683154977,66527077.259837329
skin_iota0,1075,37.975951903807612,0.17821530428204421,66666230.629823186
skin_iota0,1076,38.072144288577157,0.17817382866634493,66805389.322119735
skin_iota0,1077,38.168336673346694,0.17813256830907101,66944553.289961256
skin_iota0,1078,38.264529058116231,0.17809152155193475,67083722.487116635
skin_iota0,1079,38.360721442885769,0.17805068675352542,67222896.86788173
skin_iota0,1080,38.456913827655313,0.17801006228909674,67362076.387072071
skin_iota0,1081,38.553106212424851,0.17796964655035641,67501261.000015646
skin_iota0,1082,38.649298597194388,0.17792943794526028,67640450.662545711
skin_iota0,1083,38.745490981963925,0.17788943489780812,67779645.330993816
skin_iota0,1084,38.84168336673347,0.17784963584784366,67918844.962182924
skin_iota0,1085,38.937875751503007,0.177810039250857,68058049.513420671
skin_iota0,1086,39.034068136272545,0.17777064357778963,68197258.942492515
skin_iota0,1087,39.130260521042082,0.17773144731484342,68336473.207655519
skin_iota0,1088,39.226452905811627,0.17769244896329106,68475692.267631501
skin_iota0,1089,39.322645290581164,0.17765364703929068,68614916.081600949
skin_iota0,1090,39.418837675350701,0.1776150400737021,68754144.609196737
skin_iota0,1091,39.515030060120239,0.1775766266119061,68893377.810497865
skin_iota0,1092,39.611222444889776,0.17753840521362671,69032615.646023497
skin_iota0,1093,39.707414829659321,0.17750037445275579,69171858.076727122
skin_iota0,1094,39.803607214428858,0.1774625329171802,69311105.063990414
skin_iota0,1095,39.899799599198396,0.17742487920861119,69450356.569617704
skin_iota0,1096,39.995991983967933,0.17738741194241675,69589612.555830225
skin_iota0,1097,40.092184368737477,0.17735012974745626,69728872.985260591
skin_iota0,1098,40.188376753507015,0.17731303126591749,69868137.82094717
skin_iota0,1099,40.284569138276552,0.17727611515315539,70007407.026328877
skin_iota0,1100,40.38076152304609,0.17723938007753459,70146680.565239608
skin_iota0,1101,40.476953907815634,0.17720282472027241,70285958.401903242
skin_iota0,1102,40.573146292585172,0.17716644777528556,70425240.500928313
skin_iota0,1103,40.669338677354709,0.17713024794903809,70564526.827302992
skin_iota0,1104,40.765531062124246,0.17709422396039232,70703817.346390203
skin_iota0,1105,40.861723446893791,0.17705837454046083,70843112.023922503
skin_iota0,1106,40.957915831663328,0.17702269843246171,70982410.825997323
skin_iota0,1107,41.054108216432866,0.17698719439157476,71121713.719072238
skin_iota0,1108,41.150300601202403,0.17695186118480097,71261020.66996038
skin_iota0,1109,41.24649298597194,0.17691669759082246,71400331.645825446
skin_iota0,1110,41.342685370741485,0.17688170239986567,71539646.614177614
skin_iota0,1111,41.438877755511022,0.17684687441356586,71678965.542868629
skin_iota0,1112,41.53507014028056,0.17681221244483378,71818288.400087789
skin_iota0,1113,41.631262525050097,0.17677771531772374,71957615.154357314
skin_iota0,1114,41.727454909819642,0.17674338186730421,72096945.77452819
skin_iota0,1115,41.823647294589179,0.17670921093952927,72236280.229775906
skin_iota0,1116,41.919839679358716,0.17667520139111317,72375618.489596352
skin_iota0,1117,42.016032064128254,0.17664135208940501,72514960.523801699
skin_iota0,1118,42.112224448897798,0.17660766191226671,72654306.302516386
skin_iota0,1119,42.208416833667336,0.17657412974795159,72793655.79617317
skin_iota0,1120,42.304609218436873,0.17654075449498488,72933008.975509137
skin_iota0,1121,42.400801603206411,0.17650753506204614,73072365.811561987
skin_iota0,1122,42.496993987975955,0.17647447036785319,73211726.275666207
skin_iota0,1123,42.593186372745492,0.17644155934104724,73351090.339449167
skin_iota0,1124,42.68937875751503,0.1764088009200801,73490457.974827766
skin_iota0,1125,42.785571142284567,0.17637619405310259,73629829.15400444
skin_iota0,1126,42.881763527054112,0.17634373769785464,73769203.849463999
skin_iota0,1127,42.977955911823649,0.1763114308215567,73908582.033969671
skin_iota0,1128,43.074148296593187,0.17627927240080299,74047963.680560037
skin_iota0,1129,43.170340681362724,0.17624726142145547,74187348.762545273
skin_iota0,1130,43.266533066132261,0.17621539687854001,74326737.253504127
skin_iota0,1131,43.362725450901806,0.17618367777614366,74466129.127280295
skin_iota0,1132,43.458917835671343,0.17615210312731303,74605524.357979327
skin_iota0,1133,43.555110220440881,0.17612067195395423,74744922.919965416
skin_iota0,1134,43.651302605210418,0.17608938328673457,74884324.787858129
skin_iota0,1135,43.747494989979963,0.17605823616498473,75023729.936529383
skin_iota0,1136,43.8436873747495,0.17602722963660264,75163138.341100201
skin_iota0,1137,43.939879759519037,0.17599636275795905,75302549.976937905
skin_iota0,1138,44.036072144288575,0.17596563459380365,75441964.819653004
skin_iota0,1139,44.132264529058119,0.17593504421717268,75581382.845096245
skin_iota0,1140,44.228456913827657,0.1759045907092979,75720804.029355571
skin_iota0,1141,44.324649298597194,0.17587427315951662,75860228.348753557
skin_iota0,1142,44.420841683366731,0.17584409066518306,75999655.779844448
skin_iota0,1143,44.517034068136276,0.17581404233158052,76139086.299411163
skin_iota0,1144,44.613226452905813,0.17578412727183498,76278519.884462923
skin_iota0,1145,44.709418837675351,0.17575434460682993,76417956.512232229
skin_iota0,1146,44.805611222444888,0.17572469346512187,76557396.160172433
skin_iota0,1147,44.901803607214426,0.17569517298285739,76696838.805954948
skin_iota0,1148,44.99799599198397,0.17566578230369104,76836284.427466661
skin_iota0,1149,45.094188376753507,0.17563652057870419,76975733.002807543
skin_iota0,1150,45.190380761523045,0.17560738696632516,77115184.510287881
skin_iota0,1151,45.286573146292582,0.17557838063225054,77254638.928425983
skin_iota0,1152,45.382765531062127,0.17554950074936654,77394096.235945687
skin_iota0,1153,45.478957915831664,0.17552074649767313,77533556.411773875
skin_iota0,1154,45.575150300601202,0.17549211706420692,77673019.435038164
skin_iota0,1155,45.671342685370739,0.17546361164296703,77812485.285064533
skin_iota0,1156,45.767535070140283,0.17543522943484083,77951953.941375032
skin_iota0,1157,45.863727454909821,0.1754069696475305,78091425.383685365
skin_iota0,1158,45.959919839679358,0.17537883149548156,78230899.591902897
skin_iota0,1159,46.056112224448896,0.17535081419981069,78370376.54612416
skin_iota0,1160,46.15230460921844,0.17532291698823632,78509856.226632744
skin_iota0,1161,46.248496993987978,0.17529513909500863,78649338.613897353
skin_iota0,1162,46.344689378757515,0.17526747976084092,78788823.688569307
skin_iota0,1163,46.440881763527052,0.17523993823284198,78928311.431480631
skin_iota0,1164,46.53707414829659,0.17521251376444949,79067801.82364209
skin_iota0,1165,46.633266533066134,0.1751852056153633,79207294.846240938
skin_iota0,1166,46.729458917835672,0.17515801305148082,79346790.480638981
skin_iota0,1167,46.825651302605209,0.17513093534483232,79486288.708370596
skin_iota0,1168,46.921843687374746,0.17510397177351725,79625789.511140779
skin_iota0,1169,47.018036072144291,0.17507712162164143,79765292.8708231
skin_iota0,1170,47.114228456913828,0.17505038417925528,79904798.769458055
skin_iota0,1171,47.210420841683366,0.17502375874229206,80044307.189250827
skin_iota0,1172,47.306613226452903,0.17499724461250751,80183818.112569675
skin_iota0,1173,47.402805611222448,0.17497084109742034,80323331.521943986
skin_iota0,1174,47.498997995991985,0.17494454751025246,80462847.400062576
skin_iota0,1175,47.595190380761522,0.17491836316987167,80602365.729771718
skin_iota0,1176,47.69138276553106,0.17489228740073287,80741886.494073614
skin_iota0,1177,47.787575150300604,0.17486631953282195,80881409.676124409
skin_iota0,1178,47.883767535070142,0.17484045890159927,81020935.259232625
skin_iota0,1179,47.979959919839679,0.17481470484794415,81160463.226857483
skin_iota0,1180,48.076152304609217,0.1747890567180998,81299993.56260711
skin_iota0,1181,48.172344689378761,0.17476351386361941,81439526.250237033
skin_iota0,1182,48.268537074148298,0.17473807564131236,81579061.273648366
skin_iota0,1183,48.364729458917836,0.17471274141319132,81718598.616886511
skin_iota0,1184,48.460921843687373,0.17468751054642009,81858138.264139086
skin_iota0,1185,48.557114228456911,0.17466238241326182,81997680.199734911
skin_iota0,1186,48.653306613226455,0.17463735639102784,82137224.40814206
skin_iota0,1187,48.749498997995993,0.17461243186202768,82276770.8739665
skin_iota0,1188,48.84569138276553,0.17458760821351865,82416319.58195056
skin_iota0,1189,48.941883767535067,0.17456288483765706,82555870.51697138
skin_iota0,1190,49.038076152304612,0.17453826113144938,82695423.664039716
skin_iota0,1191,49.134268537074149,0.17451373649670407,82834979.00829801
skin_iota0,1192,49.230460921843687,0.17448931033998438,82974536.535019442
skin_iota0,1193,49.326653306613224,0.17446498207256103,83114096.229606181
skin_iota0,1194,49.422845691382769,0.17444075111036597,83253658.077588186
skin_iota0,1195,49.519038076152306,0.17441661687394677,83393222.064621806
skin_iota0,1196,49.615230460921843,0.17439257878842079,83532788.17648825
skin_iota0,1197,49.711422845691381,0.17436863628343091,83672356.39909251
skin_iota0,1198,49.807615230460925,0.17434478879310097,83811926.718461841
skin_iota0,1199,49.903807615230463,0.17432103575599209,83951499.120744541
skin_iota0,1200,50,0.17429737661505951,84091073.592208564
skin_iota0,1201,50,0.17429737661505948,84091073.592208564
skin_iota0,1202,50.501002004008015,0.17417564869694052,84818056.893892348
skin_iota0,1203,51.00200400801603,0.17405637690191689,85545094.090231001
skin_iota0,1204,51.503006012024045,0.17393948801074871,86272183.389763683
skin_iota0,1205,52.004008016032067,0.17382491167327052,86999323.07833676
skin_iota0,1206,52.505010020040082,0.17371258026975206,87726511.515029132
skin_iota0,1207,53.006012024048097,0.17360242878019422,88453747.128329992
skin_iota0,1208,53.507014028056112,0.17349439466103866,89181028.412551329
skin_iota0,1209,54.008016032064127,0.17340184711348613,89907591.268629819
skin_iota0,1210,54.509018036072142,0.17332075666045685,90633685.928860098
skin_iota0,1211,55.010020040080164,0.17325244277126681,91359254.956427962
skin_iota0,1212,55.511022044088179,0.17319658876072613,92084334.120882228
skin_iota0,1213,56.012024048096194,0.17315288823989156,92808957.753148213
skin_iota0,1214,56.513026052104209,0.17312104470071132,93533158.814152613
skin_iota0,1215,57.014028056112224,0.17310077112061678,94256968.959648281
skin_iota0,1216,57.515030060120239,0.17309178958594948,94980418.601475537
skin_iota0,1217,58.016032064128254,0.17309383093318503,95703536.965484083
skin_iota0,1218,58.517034068136269,0.17310663440698276,96426352.146321818
skin_iota0,1219,59.018036072144291,0.17312994733414391,97148891.159282818
skin_iota0,1220,59.519038076152306,0.17316352481262481,97871179.989394277
skin_iota0,1221,60.020040080160321,0.17320712941479829,98593243.63790907
skin_iota0,1222,60.521042084168336,0.17326053090420879,99315106.166360244
skin_iota0,1223,61.022044088176351,0.17332350596510937,100036790.738322
skin_iota0,1224,61.523046092184373,0.17339583794411365,100758319.65901385
skin_iota0,1225,62.024048096192388,0.17347731660333343,101479714.41287309
skin_iota0,1226,62.525050100200403,0.17356773788441274,102200995.69921595
skin_iota0,1227,63.026052104208418,0.17366690368289731,102922183.46609625
skin_iota0,1228,63.527054108216433,0.1737746216324195,103643296.9424658
skin_iota0,1229,64.028056112224448,0.1738907048982011,104364354.66873379
skin_iota0,1230,64.529058116232463,0.17401497197940988,105085374.52581514
skin_iota0,1231,65.030060120240478,0.1741472465199283,105806373.76275273
skin_iota0,1232,65.531062124248493,0.17428735712712121,106527369.0229938
skin_iota0,1233,66.032064128256508,0.17443513719821022,107248376.36939426
skin_iota0,1234,66.533066132264537,0.17459042475388475,107969411.30802174
skin_iota0,1235,67.034068136272538,0.17475306227880055,108690488.81082214
skin_iota0,1236,67.535070140280567,0.17492289656863466,109411623.33721232
skin_iota0,1237,68.036072144288582,0.17509977858338555,110132828.85465576
skin_iota0,1238,68.537074148296597,0.17528356330662265,110854118.85827689
skin_iota0,1239,69.038076152304612,0.17547410961040472,111575506.38956387
skin_iota0,1240,69.539078156312627,0.17567128012560368,112297004.05420928
skin_iota0,1241,70.040080160320642,0.17587494111738311,113018624.03913271
skin_iota0,1242,70.541082164328657,0.17608496236559201,113740378.12872903
skin_iota0,1243,71.042084168336672,0.17630121704985283,114462277.72038162
skin_iota0,1244,71.543086172344687,0.17652358163912593,115184333.83927871
skin_iota0,1245,72.044088176352702,0.17675193578555112,115906557.1525685
skin_iota0,1246,72.545090180360717,0.17698616222237343,116628957.98288649
skin_iota0,1247,73.046092184368746,0.17722614666577058,117351546.32128684
skin_iota0,1248,73.547094188376747,0.1774717777204102,118074331.83960742
skin_iota0,1249,74.048096192384776,0.17772294678857123,118797323.90229705
skin_iota0,1250,74.549098196392791,0.17797954798267485,119520531.57773131
skin_iota0,1251,75.050100200400806,0.1782414780410759,120243963.64904232
skin_iota0,1252,75.551102204408821,0.17850863624697383,120967628.62448615
skin_iota0,1253,76.052104208416836,0.17878092435030959,121691534.74737005
skin_iota0,1254,76.553106212424851,0.1790582464925205,122415690.00556144
skin_iota0,1255,77.054108216432866,0.17934050913403246,123140102.14059758
skin_iota0,1256,77.555110220440881,0.17962762098437293,123864778.65641683
skin_iota0,1257,78.056112224448896,0.1799194929347965,124589726.82772732
skin_iota0,1258,78.557114228456911,0.18021603799331626,125314953.70803152
skin_iota0,1259,79.058116232464926,0.18051717122204339,126040466.13732266
skin_iota0,1260,79.559118236472941,0.18082280967673769,126766270.74946749
skin_iota0,1261,80.060120240480956,0.18113287234848113,127492373.97929125
skin_iota0,1262,80.561122244488985,0.18144728010738539,128218782.06937723
skin_iota0,1263,81.062124248496986,0.18176595564825254,128945501.07659449
skin_iota0,1264,81.563126252505015,0.18208882343811011,129672536.87836683
skin_iota0,1265,82.064128256513015,0.18241580966554563,130399895.17869328
skin_iota0,1266,82.565130260521045,0.18274684219176862,131127581.51393297
skin_iota0,1267,83.06613226452906,0.18308185050333114,131855601.25836271
skin_iota0,1268,83.567134268537075,0.18342076566644389,132583959.62952019
skin_iota0,1269,84.06813627254509,0.18376352028282275,133312661.69333977
skin_iota0,1270,84.569138276553105,0.18411004844700804,134041712.36909147
skin_iota0,1271,85.07014028056112,0.1844602857050989,134771116.43413097
skin_iota0,1272,85.571142284569135,0.18481416901484821,135500878.52846977
skin_iota0,1273,86.072144288577164,0.18517163670706585,136231003.15917197
skin_iota0,1274,86.573146292585164,0.18553262844828217,136961494.7045863
skin_iota0,1275,87.074148296593194,0.18589708520462062,137692357.41842005
skin_iota0,1276,87.575150300601194,0.18626494920683781,138423595.43366137
skin_iota0,1277,88.076152304609224,0.18663616391648477,139155212.76635665
skin_iota0,1278,88.577154308617224,0.18701067399314794,139887213.31924891
skin_iota0,1279,89.078156312625254,0.18738842526273156,140619600.88528359
skin_iota0,1280,89.579158316633269,0.18776936468674085,141352379.15098599
skin_iota0,1281,90.080160320641284,0.18815344033253031,142085551.69971725
skin_iota0,1282,90.581162324649299,0.18854060134448289,142819122.01481265
skin_iota0,1283,91.082164328657313,0.18893079791608425,143553093.4826076
skin_iota0,1284,91.583166332665328,0.18932398126286171,144287469.395356
skin_iota0,1285,92.084168336673343,0.18972010359615524,145022252.95404497
skin_iota0,1286,92.585170340681373,0.19011911809769166,145757447.27111012
skin_iota0,1287,93.086172344689373,0.19052097889493497,146493055.37305605
skin_iota0,1288,93.587174348697403,0.19092564103718068,147229080.20298535
skin_iota0,1289,94.088176352705403,0.19133306047237386,147965524.62303874
skin_iota0,1290,94.589178356713433,0.1917431940246215,148702391.41675246
skin_iota0,1291,95.090180360721433,0.19215599937237643,149439683.29133347
skin_iota0,1292,95.591182364729463,0.19257143502726926,150177402.87985688
skin_iota0,1293,96.092184368737477,0.19298946031356609,150915552.74338925
skin_iota0,1294,96.593186372745492,0.19341003534823109,151654135.37303907
skin_iota0,1295,97.094188376753507,0.19383312102157188,152393153.19193906
skin_iota0,1296,97.595190380761522,0.19425867897844917,153132608.55716082
skin_iota0,1297,98.096192384769537,0.19468667160003059,153872503.76156643
skin_iota0,1298,98.597194388777552,0.1951170619860724,154612841.03559852
skin_iota0,1299,99.098196392785582,0.19554981393770743,155353622.54901016
skin_iota0,1300,99.599198396793582,0.19598489194072793,156094850.41253918
skin_iota0,1301,100.10020040080161,0.196422261149341,156836526.67952678
skin_iota0,1302,100.60120240480961,0.19686188737038535,157578653.34748298
skin_iota0,1303,101.10220440881764,0.19730373704799334,158321232.35960296
skin_iota0,1304,101.60320641282564,0.19774777724868042,159064265.60623202
skin_iota0,1305,102.10420841683367,0.19819397564685481,159807754.92628571
skin_iota0,1306,102.60521042084169,0.19864230051072504,160551702.10862276
skin_iota0,1307,103.1062124248497,0.19909272068860157,161296108.89337569
skin_iota0,1308,103.60721442885772,0.19954520559557229,162040976.97323796
skin_iota0,1309,104.10821643286573,0.19999972520054449,162786307.9947111
skin_iota0,1310,104.60921843687375,0.20045625001364084,163532103.55931309
skin_iota0,1311,105.11022044088176,0.20091475107393569,164278365.22474808
skin_iota0,1312,105.61122244488978,0.20137519993752478,165025094.50603992
skin_iota0,1313,106.11222444889779,0.20183756866591493,165772292.87663102
skin_iota0,1314,106.61322645290582,0.20230182981472464,166519961.7694467
skin_iota0,1315,107.11422845691382,0.20276795642268713,167268102.57792714
skin_iota0,1316,107.61523046092185,0.20323592200094415,168016716.6570276
skin_iota0,1317,108.11623246492985,0.20370570052262291,168765805.32418832
skin_iota0,1318,108.61723446893788,0.20417726641268827,169515369.86027488
skin_iota0,1319,109.11823647294588,0.20465059453805984,170265411.51049009
skin_iota0,1320,109.61923847695391,0.20512566019798745,171015931.48525879
skin_iota0,1321,110.12024048096193,0.20560243911467585,171766930.96108553
skin_iota0,1322,110.62124248496994,0.20608090742415344,172518411.08138761
skin_iota0,1323,111.12224448897796,0.20656104166737446,173270372.95730227
skin_iota0,1324,111.62324649298597,0.20704281878154998,174022817.6684708
skin_iota0,1325,112.12424849699399,0.20752621609170083,174775746.26379958
skin_iota0,1326,112.625250501002,0.20801121130242406,175529159.76219773
skin_iota0,1327,113.12625250501003,0.20849778248986922,176283059.15329534
skin_iota0,1328,113.62725450901803,0.20898590809391554,177037445.39813831
skin_iota0,1329,114.12825651302605,0.20947556691054656,177792319.42986485
skin_iota0,1330,114.62925851703407,0.20996673808441532,178547682.15436199
skin_iota0,1331,115.13026052104209,0.21045940110159339,179303534.45090261
skin_iota0,1332,115.6312625250501,0.21095353578250137,180059877.17276517
skin_iota0,1333,116.13226452905812,0.21144912227501289,180816711.14783534
skin_iota0,1334,116.63326653306613,0.21194614104772896,181574037.17919037
skin_iota0,1335,117.13426853707415,0.21244457288341539,182331856.04566738
skin_iota0,1336,117.63527054108216,0.21294439887260264,183090168.50241518
skin_iota0,1337,118.13627254509018,0.21344560040733879,183848975.28143096
skin_iota0,1338,118.63727454909819,0.21394815917509571,184608277.09208184
skin_iota0,1339,119.13827655310621,0.21445205715282056,185368074.62161222
skin_iota0,1340,119.63927855711422,0.21495727660113004,186128368.53563604
skin_iota0,1341,120.14028056112224,0.21546380005864499,186889159.47861692
skin_iota0,1342,120.64128256513025,0.21597161033645793,187650448.074334
skin_iota0,1343,121.14228456913828,0.21648069051273344,188412234.92633554
skin_iota0,1344,121.6432865731463,0.21699102392743411,189174520.61837962
skin_iota0,1345,122.14428857715431,0.21750259417717288,189937305.71486342
skin_iota0,1346,122.64529058116233,0.21801538511018423,190700590.76124084
skin_iota0,1347,123.14629258517034,0.21852938082141365,191464376.28442806
skin_iota0,1348,123.64729458917836,0.21904456564772085,192228662.79319942
skin_iota0,1349,124.14829659318637,0.21956092416319434,192993450.77857137
skin_iota0,1350,124.64929859719439,0.22007844117457406,193758740.71417758
skin_iota0,1351,125.1503006012024,0.22059710171677921,194524533.0566327
skin_iota0,1352,125.65130260521042,0.22111689104853813,195290828.24588719
skin_iota0,1353,126.15230460921843,0.22163779464811853,196057626.70557308
skin_iota0,1354,126.65330661322645,0.22215979820915421,196824928.84333953
skin_iota0,1355,127.15430861723446,0.22268288763656643,197592735.05118117
skin_iota0,1356,127.65531062124248,0.22320704904257746,198361045.70575637
skin_iota0,1357,128.15631262525051,0.22373226874281288,199129861.16869771
skin_iota0,1358,128.65731462925851,0.22425853325249218,199899181.78691515
skin_iota0,1359,129.15831663326654,0.22478582928270407,200669007.89289024
skin_iota0,1360,129.65931863727457,0.22531414373676345,201439339.80496302
skin_iota0,1361,130.16032064128257,0.22584346370665045,202210177.82761255
skin_iota0,1362,130.66132264529057,0.22637377646952755,202981522.25172856
skin_iota0,1363,131.1623246492986,0.22690506948433251,203753373.35487783
skin_iota0,1364,131.66332665330663,0.2274373303884468,204525731.40156233
skin_iota0,1365,132.16432865731463,0.2279705469944362,205298596.64347222
skin_iota0,1366,132.66533066132263,0.22850470728686256,206071969.31973135
skin_iota0,1367,133.16633266533066,0.22903979941916405,206845849.65713701
skin_iota0,1368,133.66733466933869,0.22957581171060334,207620237.87039372
skin_iota0,1369,134.16833667334669,0.23011273264328086,208395134.16234112
skin_iota0,1370,134.66933867735472,0.23065055085921266,209170538.72417629
skin_iota0,1371,135.17034068136275,0.2311892551574698,209946451.73567006
skin_iota0,1372,135.67134268537075,0.23172883449137888,210722873.36537862
skin_iota0,1373,136.17234468937875,0.23226927796578303,211499803.77084944
skin_iota0,1374,136.67334669338678,0.2328105748343588,212277243.09882259
skin_iota0,1375,137.17434869739481,0.23335271449699035,213055191.48542607
skin_iota0,1376,137.67535070140281,0.23389568649719961,213833649.05636793
skin_iota0,1377,138.17635270541081,0.23443948051962871,214612615.92712268
skin_iota0,1378,138.67735470941884,0.23498408638757542,215392092.20311272
skin_iota0,1379,139.17835671342687,0.23552949406058041,216172077.97988689
skin_iota0,1380,139.67935871743487,0.23607569363206279,216952573.34329337
skin_iota0,1381,140.18036072144287,0.23662267532700551,217733578.36964855
skin_iota0,1382,140.6813627254509,0.23717042949968958,218515093.12590331
skin_iota0,1383,141.18236472945893,0.23771894663147053,219297117.66980267
skin_iota0,1384,141.68336673346693,0.23826821732860526,220079652.05004421
skin_iota0,1385,142.18436873747495,0.23881823232011906,220862696.30643126
skin_iota0,1386,142.68537074148298,0.23936898245571867,221646250.47002271
skin_iota0,1387,143.18637274549098,0.23992045870374504,222430314.56327942
skin_iota0,1388,143.68737474949899,0.24047265214916941,223214888.60020754
skin_iota0,1389,144.18837675350701,0.24102555399162834,223999972.58649763
skin_iota0,1390,144.68937875751504,0.24157915554349796,224785566.51966077
skin_iota0,1391,145.19038076152304,0.24213344822800742,225571670.38916209
skin_iota0,1392,145.69138276553105,0.24268842357738926,226358284.17655045
skin_iota0,1393,146.19238476953907,0.24324407323106575,227145407.85558575
skin_iota0,1394,146.6933867735471,0.24380038893387254,227933041.39236227
skin_iota0,1395,147.1943887775551,0.24435736253431573,228721184.74543023
skin_iota0,1396,147.69539078156311,0.2449149859828636,229509837.86591417
skin_iota0,1397,148.19639278557116,0.24547325133027281,230299000.69762853
skin_iota0,1398,148.69739478957916,0.24603215072594461,231088673.17718992
skin_iota0,1399,149.19839679358716,0.24659167641631555,231878855.23412839
skin_iota0,1400,149.69939879759519,0.24715182074327799,232669546.79099485
skin_iota0,1401,150.20040080160322,0.24771257614263101,233460747.76346621
skin_iota0,1402,150.70140280561122,0.24827393514256177,234252458.06044859
skin_iota0,1403,151.20240480961922,0.24883589036215509,235044677.58417785
skin_iota0,1404,151.70340681362725,0.24939843450993246,235837406.23031807
skin_iota0,1405,152.20440881763528,0.24996156038241768,236630643.88805747
skin_iota0,1406,152.70541082164328,0.25052526086273064,237424390.44020227
skin_iota0,1407,153.20641282565128,0.25108952891920777,238218645.7632688
skin_iota0,1408,153.70741482965931,0.25165435760404742,239013409.72757328
skin_iota0,1409,154.20841683366734,0.25221974005198156,239808682.19731906
skin_iota0,1410,154.70941883767534,0.25278566947897246,240604463.03068313
skin_iota0,1411,155.21042084168337,0.25335213918093297,241400752.07989919
skin_iota0,1412,155.7114228456914,0.25391914253247161,242197549.19134066
skin_iota0,1413,156.2124248496994,0.25448667298565941,242994854.20560002
skin_iota0,1414,156.7134268537074,0.25505472406882157,243792666.95756745
skin_iota0,1415,157.21442885771543,0.25562328938534956,244590987.27650788
skin_iota0,1416,157.71543086172346,0.25619236261253647,245389814.98613518
skin_iota0,1417,158.21643286573146,0.25676193750043225,246189149.90468651
skin_iota0,1418,158.71743486973946,0.25733200787072152,246988991.84499323
skin_iota0,1419,159.21843687374749,0.25790256761562025,247789340.61455145
skin_iota0,1420,159.71943887775552,0.25847361069679364,248590196.01559046
skin_iota0,1421,160.22044088176352,0.25904513114429312,249391557.8451398
skin_iota0,1422,160.72144288577152,0.25961712305551193,250193425.89509496
skin_iota0,1423,161.22244488977955,0.26018958059416092,250995799.95228204
skin_iota0,1424,161.72344689378758,0.26031224479474452,251074529.59865767
skin_iota0,1425,162.22444889779558,0.2605461012229307,251331784.92502201
skin_iota0,1426,162.72545090180361,0.26078047540847776,251589585.27661982
skin_iota0,1427,163.22645290581164,0.26101536274160569,251847930.85695538
skin_iota0,1428,163.72745490981964,0.26125075866709613,252106821.86667547
skin_iota0,1429,164.22845691382764,0.26148665868348681,252366258.50361848
skin_iota0,1430,164.72945891783567,0.26172305834228182,252626240.96286207
skin_iota0,1431,165.2304609218437,0.26195995324717447,252886769.43677032
skin_iota0,1432,165.7314629258517,0.26219733905328363,253147844.11503872
skin_iota0,1433,166.2324649298597,0.26243521146640508,253409465.18474004
skin_iota0,1434,166.73346693386773,0.26267356624227406,253671632.83036825
skin_iota0,1435,167.23446893787576,0.26291239918584153,253934347.23388106
skin_iota0,1436,167.73547094188376,0.26315170615056288,254197608.57474336
skin_iota0,1437,168.23647294589176,0.26339148303769938,254461417.02996787
skin_iota0,1438,168.73747494989982,0.26363172579563021,254725772.77415606
skin_iota0,1439,169.23847695390782,0.26387243041917841,254990675.9795385
skin_iota0,1440,169.73947895791582,0.26411359294894665,255256126.81601349
skin_iota0,1441,170.24048096192385,0.26435520947066526,255522125.45118582
skin_iota0,1442,170.74148296593188,0.26459727611455064,255788672.05040386
skin_iota0,1443,171.24248496993988,0.26483978905467598,256055766.77679715
skin_iota0,1444,171.74348697394788,0.26508274450835095,256323409.79131249
skin_iota0,1445,172.24448897795591,0.26532613873551308,256591601.25274891
skin_iota0,1446,172.74549098196394,0.26556996803812849,256860341.31779304
skin_iota0,1447,173.24649298597194,0.26581422875960398,257129630.14105332
skin_iota0,1448,173.74749498997994,0.26605891728420705,257399467.87509295
skin_iota0,1449,174.24849699398797,0.26630403003649811,257669854.67046368
skin_iota0,1450,174.749498997996,0.26654956348076925,257940790.6757372
skin_iota0,1451,175.250501002004,0.26679551412049518,258212276.03753698
skin_iota0,1452,175.75150300601203,0.26704187849779143,258484310.90057009
skin_iota0,1453,176.25250501002006,0.26728865319288153,258756895.40765646
skin_iota0,1454,176.75350701402806,0.26753583482357468,259030029.69976026
skin_iota0,1455,177.25450901803606,0.26778342004474959,259303713.91601741
skin_iota0,1456,177.75551102204409,0.26803140554784871,259577948.19376644
skin_iota0,1457,178.25651302605209,0.26827978806038,259852732.66857517
skin_iota0,1458,178.75751503006012,0.26852856434542627,260128067.47426903
skin_iota0,1459,179.25851703406815,0.26877773120116388,260403952.7429584
skin_iota0,1460,179.75951903807615,0.26902728546038779,260680388.60506546
skin_iota0,1461,180.26052104208418,0.26927722399004533,260957375.18935007
skin_iota0,1462,180.76152304609218,0.26952754369077697,261234912.62293556
skin_iota0,1463,181.26252505010021,0.26977824149646434,261513001.03133473
skin_iota0,1464,181.76352705410821,0.27002931437378658,261791640.53847361
skin_iota0,1465,182.26452905811624,0.2702807593217818,262070831.26671639
skin_iota0,1466,182.76553106212424,0.27053257337141795,262350573.3368901
skin_iota0,1467,183.26653306613227,0.27078475358516829,262630866.86830664
skin_iota0,1468,183.76753507014027,0.27103729705659491,262911711.97878677
skin_iota0,1469,184.2685370741483,0.27129020090993938,263193108.78468311
skin_iota0,1470,184.7695390781563,0.27154346229971726,263475057.4009015
skin_iota0,1471,185.27054108216433,0.27179707841032263,263757557.94092378
skin_iota0,1472,185.77154308617236,0.27205104645563577,264040610.51682854
skin_iota0,1473,186.27254509018036,0.27230536367863817,264324215.23931265
skin_iota0,1474,186.77354709418839,0.27256002735103446,264608372.21771187
skin_iota0,1475,187.27454909819639,0.27281503477287844,264893081.56002143
skin_iota0,1476,187.77555110220442,0.27307038327220629,265178343.37291571
skin_iota0,1477,188.27655310621242,0.27332607020467481,265464157.76176822
skin_iota0,1478,188.77755511022045,0.27358209295320535,265750524.83067039
skin_iota0,1479,189.27855711422845,0.27383844892763354,266037444.68245122
skin_iota0,1480,189.77955911823648,0.27409513556436427,266324917.41869575
skin_iota0,1481,190.28056112224448,0.27435215032603155,266612943.13976279
skin_iota0,1482,190.78156312625251,0.27460949070116419,266901521.94480401
skin_iota0,1483,191.28256513026051,0.27486715420385593,267190653.93178031
skin_iota0,1484,191.78356713426854,0.27512513837344166,267480339.19748059
skin_iota0,1485,192.28456913827657,0.27538344077417715,267770577.83753788
skin_iota0,1486,192.78557114228457,0.27564205899492472,268061369.94644633
skin_iota0,1487,193.2865731462926,0.27590099064884344,268352715.61757824
skin_iota0,1488,193.7875751503006,0.27616023337308337,268644614.9431994
skin_iota0,1489,194.28857715430863,0.27641978482848534,268937068.01448578
skin_iota0,1490,194.78957915831663,0.27667964269928474,269230074.92153925
skin_iota0,1491,195.29058116232466,0.2769398046928192,269523635.75340182
skin_iota0,1492,195.79158316633266,0.27720026853924207,269817750.59807277
skin_iota0,1493,196.29258517034069,0.27746103199123889,270112419.54252189
skin_iota0,1494,196.79358717434869,0.27772209282374843,270407642.67270482
skin_iota0,1495,197.29458917835672,0.27798344883368792,270703420.0735774
skin_iota0,1496,197.79559118236472,0.27824509783968238,270999751.82910973
skin_iota0,1497,198.29659318637275,0.2785070376817983,271296638.02230024
skin_iota0,1498,198.79759519038078,0.27876926622128029,271594078.73518938
skin_iota0,1499,199.29859719438878,0.27903178134029238,271892074.04887289
skin_iota0,1500,199.79959919839681,0.27929458094166276,272190624.04351515
skin_iota0,1501,200.30060120240481,0.27955766294863249,272489728.79836261
skin_iota0,1502,200.80160320641284,0.27982102530460801,272789388.39175582
skin_iota0,1503,201.30260521042084,0.28008466597291631,273089602.90114266
skin_iota0,1504,201.80360721442887,0.28034858293656489,273390372.40309066
skin_iota0,1505,202.30460921843687,0.28061277419800451,273691696.97329885
skin_iota0,1506,202.8056112224449,0.28087723777889484,273993576.68661016
skin_iota0,1507,203.3066132264529,0.28114197171987548,274296011.61702287
skin_iota0,1508,203.80761523046093,0.28140697408033732,274599001.83770275
skin_iota0,1509,204.30861723446893,0.28167224293819987,274902547.4209938
skin_iota0,1510,204.80961923847696,0.28193777638969031,275206648.43842983
skin_iota0,1511,205.31062124248496,0.2822035725491257,275511304.96074581
skin_iota0,1512,205.81162324649299,0.28246962954869947,275816517.05788833
skin_iota0,1513,206.31262525050101,0.28273594553826897,276122284.79902625
skin_iota0,1514,206.81362725450902,0.28300251868514809,276428608.25256175
skin_iota0,1515,207.31462925851704,0.28326934717390134,276735487.48613995
skin_iota0,1516,207.81563126252505,0.28353642920614147,277042922.56665981
skin_iota0,1517,208.31663326653307,0.28380376300033022,277350913.56028396
skin_iota0,1518,208.81763527054107,0.28407134679158064,277659460.53244841
skin_iota0,1519,209.3186372745491,0.28433917883146376,277968563.54787236
skin_iota0,1520,209.8196392785571,0.28460725738781673,278278222.67056769
skin_iota0,1521,210.32064128256513,0.28487558074455438,278588437.96384859
skin_iota0,1522,210.82164328657313,0.28514414720148307,278899209.49034095
skin_iota0,1523,211.32264529058116,0.2854129550741169,279210537.31199086
skin_iota0,1524,211.82364729458916,0.28568200269349719,279522421.49007422
skin_iota0,1525,212.32464929859719,0.28595128840601325,279834862.08520544
skin_iota0,1526,212.82565130260522,0.28622081057322751,280147859.15734601
skin_iota0,1527,213.32665330661322,0.28649056757170044,280461412.76581287
skin_iota0,1528,213.82765531062125,0.28676055779282078,280775522.96928769
skin_iota0,1529,214.32865731462925,0.28703077964263529,281090189.82582402
skin_iota0,1530,214.82965931863728,0.28730123154168352,281405413.39285672
skin_iota0,1531,215.33066132264528,0.28757191192483217,281721193.72720855
skin_iota0,1532,215.83166332665331,0.28784281924111416,282037530.88509989
skin_iota0,1533,216.33266533066131,0.28811395195356726,282354424.92215472
skin_iota0,1534,216.83366733466934,0.28838530853907818,282671875.89340949
skin_iota0,1535,217.33466933867734,0.28865688748822571,282989883.85332078
skin_iota0,1536,217.83567134268537,0.28892868730512739,283308448.85577166
skin_iota0,1537,218.33667334669337,0.28920070650728841,283627570.95408052
skin_iota0,1538,218.8376753507014,0.28947294362545178,283947250.20100689
skin_iota0,1539,219.33867735470943,0.28974539720345099,284267486.64875948
skin_iota0,1540,219.83967935871743,0.29001806579806511,284588280.3490032
skin_iota0,1541,220.34068136272546,0.29029094797887406,284909631.35286516
skin_iota0,1542,220.84168336673346,0.29056404232811833,285231539.71094275
skin_iota0,1543,221.34268537074149,0.29083734744055817,285554005.47330952
skin_iota0,1544,221.84368737474949,0.29111086192333629,285877028.68952179
skin_iota0,1545,222.34468937875752,0.29138458439584192,286200609.4086262
skin_iota0,1546,222.84569138276552,0.29165851348957561,286524747.67916405
skin_iota0,1547,223.34669338677355,0.2919326478480177,286849443.54918003
skin_iota0,1548,223.84769539078155,0.29220698612649693,287174697.06622654
skin_iota0,1549,224.34869739478958,0.29248152699206165,287500508.27737123
skin_iota0,1550,224.84969939879758,0.29275626912335234,287826877.22920173
skin_iota0,1551,225.35070140280561,0.29303121121047565,288153803.96783274
skin_iota0,1552,225.85170340681364,0.29330635195488086,288481288.53891134
skin_iota0,1553,226.35270541082164,0.2935816900692364,288809330.98762274
skin_iota0,1554,226.85370741482967,0.29385722427731031,289137931.35869628
skin_iota0,1555,227.35470941883767,0.2941329533138497,289467089.69641101
skin_iota0,1556,227.8557114228457,0.29440887592446313,289796806.04460067
skin_iota0,1557,228.3567134268537,0.29468499086550493,290127080.44665992
skin_iota0,1558,228.85771543086173,0.29496129690395984,290457912.94554931
skin_iota0,1559,229.35871743486973,0.29523779281732998,290789303.58380067
skin_iota0,1560,229.85971943887776,0.29551447739352216,291121252.40352201
skin_iota0,1561,230.36072144288576,0.29579134943073876,291453759.44640332
skin_iota0,1562,230.86172344689379,0.29606840773736781,291786824.75372136
skin_iota0,1563,231.36272545090179,0.29634565113187494,292120448.36634415
skin_iota0,1564,231.86372745490982,0.29662307844269814,292454630.32473677
skin_iota0,1565,232.36472945891782,0.29690068850814194,292789370.66896546
skin_iota0,1566,232.86573146292585,0.29717848017627396,293124669.43870294
skin_iota0,1567,233.36673346693388,0.29745645230482254,293460526.67323285
skin_iota0,1568,233.86773547094188,0.29773460376107608,293796942.41145468
skin_iota0,1569,234.36873747494991,0.29801293342178253,294133916.69188768
skin_iota0,1570,234.86973947895791,0.29829144017305165,294471449.55267674
skin_iota0,1571,235.37074148296594,0.29857012291025686,294809541.03159517
skin_iota0,1572,235.87174348697394,0.29884898053793962,295148191.1660502
skin_iota0,1573,236.37274549098197,0.29912801196971456,295487399.99308699
skin_iota0,1574,236.87374749498997,0.29940721612817567,295827167.54939348
skin_iota0,1575,237.374749498998,0.29968659194480324,296167493.87130326
skin_iota0,1576,237.875751503006,0.29996613835987301,296508378.99480093
skin_iota0,1577,238.37675350701403,0.30024585432236617,296849822.95552623
skin_iota0,1578,238.87775551102203,0.30052573878987898,297191825.78877681
skin_iota0,1579,239.37875751503006,0.30080579072853586,297534387.52951407
skin_iota0,1580,239.87975951903809,0.30108600911290162,297877508.21236551
skin_iota0,1581,240.38076152304609,0.30136639292589573,298221187.8716293
skin_iota0,1582,240.88176352705412,0.3016469411587076,298565426.541278
skin_iota0,1583,241.38276553106212,0.30192765281071232,298910224.25496286
skin_iota0,1584,241.88376753507015,0.30220852688938832,299255581.04601634
skin_iota0,1585,242.38476953907815,0.30248956241023456,299601496.94745678
skin_iota0,1586,242.88577154308618,0.30277075839669115,299947971.99199194
skin_iota0,1587,243.38677354709418,0.30305211388005798,300295006.21202207
skin_iota0,1588,243.88777555110221,0.3033336278994167,300642599.63964397
skin_iota0,1589,244.38877755511021,0.30361529950155214,300990752.3066541
skin_iota0,1590,244.88977955911824,0.30389712774087613,301339464.2445522
skin_iota0,1591,245.39078156312624,0.30417911167935036,301688735.48454434
skin_iota0,1592,245.89178356713427,0.30446125038641209,302038566.05754727
skin_iota0,1593,246.3927855711423,0.30474354293889877,302388955.9941901
skin_iota0,1594,246.8937875751503,0.30502598842097572,302739905.32481867
skin_iota0,1595,247.39478957915833,0.30530858592406313,303091414.07949924
skin_iota0,1596,247.89579158316633,0.3055913345467639,303443482.28801978
skin_iota0,1597,248.39679358717436,0.30587423339479397,303796109.97989511
skin_iota0,1598,248.89779559118236,0.30615728158091066,304149297.18436885
skin_iota0,1599,249.39879759519039,0.30644047822484494,304503043.93041646
skin_iota0,1600,249.89979959919839,0.30672382245323238,304857350.24674875
skin_iota0,1601,250.40080160320642,0.30700731339954584,305212216.16181493
skin_iota0,1602,250.90180360721442,0.30729095020402841,305567641.70380437
skin_iota0,1603,251.40280561122245,0.30757473201362756,305923626.90065116
skin_iota0,1604,251.90380761523045,0.30785865798193007,306280171.78003526
skin_iota0,1605,252.40480961923848,0.30814272726909708,306637276.36938685
skin_iota0,1606,252.90581162324651,0.30842693904180135,306994940.6958881
skin_iota0,1607,253.40681362725451,0.30871129247316331,307353164.78647643
skin_iota0,1608,253.90781563126254,0.30899578674268863,307711948.66784626
skin_iota0,1609,254.40881763527054,0.30928042103620801,308071292.36645323
skin_iota0,1610,254.90981963927857,0.30956519454581533,308431195.90851563
skin_iota0,1611,255.41082164328657,0.30985010646980771,308791659.32001728
skin_iota0,1612,255.9118236472946,0.31013515601262626,309152682.62671047
skin_iota0,1613,256.41282565130257,0.31042034238479704,309514265.85411793
skin_iota0,1614,256.91382765531063,0.31070566480287326,309876409.0275355
skin_iota0,1615,257.41482965931863,0.31099112248937816,310239112.17203498
skin_iota0,1616,257.91583166332668,0.31127671467274726,310602375.3124662
skin_iota0,1617,258.41683366733469,0.31156244058727334,310966198.47345889
skin_iota0,1618,258.91783567134269,0.31184829947305043,311330581.67942667
skin_iota0,1619,259.41883767535069,0.31213429057591918,311695524.95456767
skin_iota0,1620,259.91983967935869,0.31242041314741203,312061028.32286739
skin_iota0,1621,260.42084168336675,0.31270666644470091,312427091.80810201
skin_iota0,1622,260.92184368737475,0.31299304973054265,312793715.43383843
skin_iota0,1623,261.4228456913828,0.31327956227322801,313160899.2234394
skin_iota0,1624,261.9238476953908,0.31356620334652879,313528643.20006251
skin_iota0,1625,262.42484969939881,0.31385297222964709,313896947.38666517
skin_iota0,1626,262.92585170340681,0.31413986820716477,314265811.80600518
skin_iota0,1627,263.42685370741481,0.31442689056899287,314635236.48064297
skin_iota0,1628,263.92785571142281,0.31471403861032282,315005221.4329446
skin_iota0,1629,264.42885771543087,0.31500131163157669,315375766.68508232
skin_iota0,1630,264.92985971943887,0.31528870893835903,315746872.25903815
skin_iota0,1631,265.43086172344692,0.31557622984140932,316118538.17660517
skin_iota0,1632,265.93186372745492,0.31586387365655383,316490764.45938867
skin_iota0,1633,266.43286573146293,0.3161516397046597,316863551.12881029
skin_iota0,1634,266.93386773547093,0.31643952731158786,317236898.20610738
skin_iota0,1635,267.43486973947893,0.31672753580814761,317610805.71233737
skin_iota0,1636,267.93587174348698,0.31701566453005098,317985273.6683774
skin_iota0,1637,268.43687374749499,0.31730391281786857,318360302.09492779
skin_iota0,1638,268.93787575150304,0.31759228001698436,318735891.01251352
skin_iota0,1639,269.43887775551104,0.31788076547755201,319112040.44148493
skin_iota0,1640,269.93987975951904,0.31816936855445282,319488750.40202224
skin_iota0,1641,270.44088176352705,0.31845808860725028,319866020.91413349
skin_iota0,1642,270.94188376753505,0.31874692500015067,320243851.9976598
skin_iota0,1643,271.44288577154305,0.31903587710195802,320622243.67227489
skin_iota0,1644,271.9438877755511,0.31932494428603547,321001195.957488
skin_iota0,1645,272.44488977955911,0.31961412593026195,321380708.87264496
skin_iota0,1646,272.94589178356716,0.31990342141699302,321760782.43693006
skin_iota0,1647,273.44689378757516,0.32019283013301969,322141416.66936755
skin_iota0,1648,273.94789579158316,0.32048235146952964,322522611.5888238
skin_iota0,1649,274.44889779559117,0.32077198482206676,322904367.21400779
skin_iota0,1650,274.94989979959917,0.32106172959049317,323286683.5634743
skin_iota0,1651,275.45090180360722,0.32135158517895063,323669560.65562415
skin_iota0,1652,275.95190380761522,0.32164155099582203,324052998.50870609
skin_iota0,1653,276.45290581162328,0.32193162645369378,324436997.14081866
skin_iota0,1654,276.95390781563128,0.3222218109693189,324821556.56991136
skin_iota0,1655,277.45490981963928,0.32251210396357993,325206676.81378669
skin_iota0,1656,277.95591182364728,0.32280250486145234,325592357.8901006
skin_iota0,1657,278.45691382765528,0.32309301309196897,325978599.81636506
skin_iota0,1658,278.95791583166329,0.32338362808818327,326365402.60994905
skin_iota0,1659,279.45891783567134,0.32367434928713534,326752766.28807974
skin_iota0,1660,279.9599198396794,0.32396517612981535,327140690.8678441
skin_iota0,1661,280.4609218436874,0.32425610806113031,327529176.36619067
skin_iota0,1662,280.9619238476954,0.32454714452986944,327918222.79992998
skin_iota0,1663,281.4629258517034,0.3248382849886699,328307830.18573761
skin_iota0,1664,281.9639278557114,0.32512952889398378,328697998.54015326
skin_iota0,1665,282.4649298597194,0.32542087570604444,329088727.87958401
skin_iota0,1666,282.96593186372746,0.32571232488883411,329480018.22030485
skin_iota0,1667,283.46693386773546,0.32600387591005114,329871869.57845974
skin_iota0,1668,283.96793587174352,0.32629552824107816,330264281.97006351
skin_iota0,1669,284.46893787575152,0.32658728135694953,330657255.4110024
skin_iota0,1670,284.96993987975952,0.32687913473632074,331050789.91703624
skin_iota0,1671,285.47094188376752,0.32717108786143734,331444885.50379926
skin_iota0,1672,285.97194388777552,0.32746314021810247,331839542.1868003
skin_iota0,1673,286.47294589178352,0.32775529129564868,332234759.98142612
skin_iota0,1674,286.97394789579158,0.32804754058690544,332630538.90294051
skin_iota0,1675,287.47494989979964,0.3283398875881714,333026878.96648729
skin_iota0,1676,287.97595190380764,0.32863233179918283,333423780.18708992
skin_iota0,1677,288.47695390781564,0.32892487272308585,333821242.57965332
skin_iota0,1678,288.97795591182364,0.32921750986640647,334219266.15896553
skin_iota0,1679,289.47895791583164,0.32951024273902257,334617850.93969822
skin_iota0,1680,289.97995991983964,0.32980307085413479,335016996.93640739
skin_iota0,1681,290.4809619238477,0.33009599372823911,335416704.16353589
skin_iota0,1682,290.9819639278557,0.3303890108810984,335816972.63541269
skin_iota0,1683,291.48296593186376,0.33068212183571549,336217802.36625588
skin_iota0,1684,291.98396793587176,0.33097532611830516,336619193.37017202
skin_iota0,1685,292.48496993987976,0.33126862325826806,337021145.66115832
skin_iota0,1686,292.98597194388776,0.33156201278816305,337423659.25310314
skin_iota0,1687,293.48697394789576,0.33185549424368133,337826734.1597873
skin_iota0,1688,293.98797595190382,0.33214906716362036,338230370.39488512
skin_iota0,1689,294.48897795591182,0.33244273108985734,338634567.97196519
skin_iota0,1690,294.98997995991988,0.33273648556732388,339039326.90449136
skin_iota0,1691,295.49098196392788,0.3330303301439807,339444647.20582414
skin_iota0,1692,295.99198396793588,0.33332426437079221,339850528.88922089
skin_iota0,1693,296.49298597194388,0.33361828780170183,340256971.96783787
skin_iota0,1694,296.99398797595188,0.33391239999360756,340663976.45473039
skin_iota0,1695,297.49498997995988,0.33420660050633655,341071542.36285412
skin_iota0,1696,297.99599198396794,0.33450088890262208,341479669.70506555
skin_iota0,1697,298.49699398797594,0.33479526474807902,341888358.4941234
skin_iota0,1698,298.997995991984,0.33508972761118028,342297608.74268967
skin_iota0,1699,299.498997995992,0.33538427706323359,342707420.46332979
skin_iota0,1700,300,0.33567891267835742,343117793.66851431
skin_iota10,1,0,0,NaN
skin_iota10,2,0.0050251256281407036,0.50363858705650644,138264.37728933326
skin_iota10,3,0.010050251256281407,0.5036385870640987,276528.75457866251
skin_iota10,4,0.01507537688442211,0.50363858706679454,414793.1318679956
skin_iota10,5,0.020100502512562814,0.50363858706574915,553057.50915732724
skin_iota10,6,0.025125628140703519,0.50363858706578213,691321.88644665724
skin_iota10,7,0.03015075376884422,0.50363858706613429,829586.26373598899
skin_iota10,8,0.035175879396984924,0.50363858706581988,967850.64102532191
skin_iota10,9,0.040201005025125629,0.50363858706574915,1106115.0183146531
skin_iota10,10,0.045226130653266333,0.50363858706598763,1244379.3956039874
skin_iota10,11,0.050251256281407038,0.50363858706617837,1382643.7728933159
skin_iota10,12,0.055276381909547742,0.50363858706585418,1520908.1501826474
skin_iota10,13,0.06030150753768844,0.50363858706591436,1659172.527471981
skin_iota10,14,0.065326633165829151,0.50363858706596498,1797436.9047613109
skin_iota10,15,0.070351758793969849,0.5036385870660085,1935701.2820506454
skin_iota10,16,0.075376884422110546,0.50363858706587028,2073965.6593399723
skin_iota10,17,0.080402010050251257,0.50363858706574915,2212230.0366293052
skin_iota10,18,0.085427135678391955,0.50363858706626374,2350494.4139186419
skin_iota10,19,0.090452261306532666,0.50363858706584097,2488758.7912079734
skin_iota10,20,0.095477386934673364,0.50363858706601849,2627023.1684973035
skin_iota10,21,0.10050251256281408,0.50363858706591424,2765287.5457866346
skin_iota10,22,0.10552763819095477,0.50363858706581988,2903551.9230759647
skin_iota10,23,0.11055276381909548,0.50363858706585418,3041816.3003652976
skin_iota10,24,0.11557788944723618,0.50363858706611508,3180080.6776546319
skin_iota10,25,0.12060301507537688,0.50363858706613429,3318345.054943956
skin_iota10,26,0.12562814070351758,0.50363858706604636,3456609.4322332963
skin_iota10,27,0.1306532663316583,0.50363858706596498,3594873.8095226265
skin_iota10,28,0.135678391959799,0.50363858706608544,3733138.1868119547
skin_iota10,29,0.1407035175879397,0.5036385870660085,3871402.5641012909
skin_iota10,30,0.14572864321608039,0.503638587065937,4009666.9413906252
skin_iota10,31,0.15075376884422109,0.50363858706587028,4147931.3186799507
skin_iota10,32,0.15577889447236182,0.50363858706580777,4286195.6959692854
skin_iota10,33,0.16080402010050251,0.50363858706591424,4424460.0732586198
skin_iota10,34,0.16582914572864321,0.50363858706585429,4562724.4505479448
skin_iota10,35,0.17085427135678391,0.50363858706610842,4700988.8278372781
skin_iota10,36,0.17587939698492464,0.50363858706574438,4839253.2051266134
skin_iota10,37,0.18090452261306533,0.50363858706584097,4977517.5824159496
skin_iota10,38,0.18592964824120603,0.50363858706593212,5115781.9597052643
skin_iota10,39,0.19095477386934673,0.50363858706601849,5254046.3369946033
skin_iota10,40,0.19597989949748743,0.50363858706610054,5392310.7142839395
skin_iota10,41,0.20100502512562815,0.50363858706591424,5530575.0915732663
skin_iota10,42,0.20603015075376885,0.50363858706599463,5668839.4688625969
skin_iota10,43,0.21105527638190955,0.50363858706581988,5807103.8461519321
skin_iota10,44,0.21608040201005024,0.50363858706589892,5945368.223441259
skin_iota10,45,0.22110552763819097,0.50363858706585418,6083632.6007306017
skin_iota10,46,0.22613065326633167,0.50363858706604625,6221896.978019922
skin_iota10,47,0.23115577889447236,0.50363858706600029,6360161.3553092638
skin_iota10,48,0.23618090452261306,0.50363858706595643,6498425.7325986
skin_iota10,49,0.24120603015075376,0.50363858706591436,6636690.1098879268
skin_iota10,50,0.24623115577889448,0.50363858706598152,6774954.4871772481
skin_iota10,51,0.25125628140703515,0.50363858706583509,6913218.8644665927
skin_iota10,52,0.25628140703517588,0.50363858706590137,7051483.2417559139
skin_iota10,53,0.2613065326633166,0.50363858706596498,7189747.6190452436
skin_iota10,54,0.26633165829145727,0.50363858706602649,7328011.9963345798
skin_iota10,55,0.271356783919598,0.50363858706628106,7466276.3736239038
skin_iota10,56,0.27638190954773867,0.50363858706595033,7604540.7509132484
skin_iota10,57,0.28140703517587939,0.5036385870660085,7742805.1282025818
skin_iota10,58,0.28643216080402012,0.50363858706569409,7881069.5054919086
skin_iota10,59,0.29145728643216079,0.503638587065937,8019333.8827812504
skin_iota10,60,0.29648241206030151,0.50363858706599252,8157598.2600705652
skin_iota10,61,0.30150753768844218,0.50363858706587028,8295862.6373599041
skin_iota10,62,0.30653266331658291,0.50363858706592501,8434127.0146492515
skin_iota10,63,0.31155778894472363,0.50363858706597808,8572391.3919385634
skin_iota10,64,0.3165829145728643,0.50363858706602949,8710655.7692279126
skin_iota10,65,0.32160804020100503,0.50363858706574915,8848920.1465172339
skin_iota10,66,0.32663316582914576,0.50363858706596498,8987184.5238065533
skin_iota10,67,0.33165829145728642,0.50363858706601428,9125448.9010958951
skin_iota10,68,0.33668341708542715,0.50363858706606202,9263713.2783852387
skin_iota10,69,0.34170854271356782,0.50363858706610842,9401977.6556745507
skin_iota10,70,0.34673366834170855,0.5036385870658473,9540242.032963898
skin_iota10,71,0.35175879396984927,0.50363858706574438,9678506.4102532268
skin_iota10,72,0.35678391959798994,0.50363858706594222,9816770.7875425518
skin_iota10,73,0.36180904522613067,0.50363858706584097,9955035.1648318879
skin_iota10,74,0.36683417085427134,0.50363858706603182,10093299.54212123
skin_iota10,75,0.37185929648241206,0.50363858706578934,10231563.919410542
skin_iota10,76,0.37688442211055279,0.50363858706597575,10369828.296699878
skin_iota10,77,0.38190954773869346,0.50363858706601849,10508092.673989207
skin_iota10,78,0.38693467336683418,0.50363858706606002,10646357.051278543
skin_iota10,79,0.39195979899497485,0.50363858706610054,10784621.428567879
skin_iota10,80,0.39698492462311558,0.5036385870658725,10922885.805857204
skin_iota10,81,0.4020100502512563,0.50363858706591424,11061150.183146538
skin_iota10,82,0.40703517587939697,0.50363858706608544,11199414.560435869
skin_iota10,83,0.4120603015075377,0.50363858706599463,11337678.937725199
skin_iota10,84,0.41708542713567837,0.50363858706603359,11475943.315014528
skin_iota10,85,0.42211055276381909,0.50363858706581988,11614207.692303872
skin_iota10,86,0.42713567839195982,0.50363858706598419,11752472.069593225
skin_iota10,87,0.43216080402010049,0.50363858706602171,11890736.446882512
skin_iota10,88,0.43718592964824121,0.50363858706605846,12029000.824171854
skin_iota10,89,0.44221105527638194,0.5036385870659742,12167265.201461203
skin_iota10,90,0.44723618090452261,0.50363858706589204,12305529.578750521
skin_iota10,91,0.45226130653266333,0.50363858706581155,12443793.956039857
skin_iota10,92,0.457286432160804,0.50363858706596509,12582058.333329162
skin_iota10,93,0.46231155778894473,0.5036385870658856,12720322.710618528
skin_iota10,94,0.46733668341708545,0.50363858706603493,12858587.087907847
skin_iota10,95,0.47236180904522612,0.50363858706584397,12996851.465197206
skin_iota10,96,0.47738693467336685,0.50363858706599063,13135115.842486531
skin_iota10,97,0.48241206030150752,0.50363858706591436,13273380.219775843
skin_iota10,98,0.48743718592964824,0.50363858706605724,13411644.59706519
skin_iota10,99,0.49246231155778897,0.50363858706598152,13549908.974354491
skin_iota10,100,0.49748743718592964,0.50363858706590758,13688173.351643862
skin_iota10,101,0.50251256281407031,0.50363858706583509,13826437.728933156
skin_iota10,102,0.50753768844221103,0.50363858706597309,13964702.106222497
skin_iota10,103,0.51256281407035176,0.50363858706590137,14102966.483511839
skin_iota10,104,0.51758793969849248,0.50363858706583087,14241230.86080117
skin_iota10,105,0.52261306532663321,0.50363858706596498,14379495.2380905
skin_iota10,106,0.52763819095477382,0.50363858706589548,14517759.615379842
skin_iota10,107,0.53266331658291455,0.50363858706602649,14656023.99266916
skin_iota10,108,0.53768844221105527,0.50363858706595732,14794288.369958477
skin_iota10,109,0.542713567839196,0.50363858706608544,14932552.747247819
skin_iota10,110,0.54773869346733672,0.50363858706582332,15070817.124537155
skin_iota10,111,0.55276381909547734,0.50363858706595033,15209081.501826497
skin_iota10,112,0.55778894472361806,0.50363858706588449,15347345.879115809
skin_iota10,113,0.56281407035175879,0.5036385870660085,15485610.256405169
skin_iota10,114,0.56783919597989951,0.50363858706594344,15623874.633694481
skin_iota10,115,0.57286432160804024,0.50363858706587938,15762139.010983823
skin_iota10,116,0.57788944723618085,0.5036385870660004,15900403.388273178
skin_iota10,117,0.58291457286432158,0.503638587065937,16038667.76556249
skin_iota10,118,0.5879396984924623,0.50363858706605524,16176932.142851802
skin_iota10,119,0.59296482412060303,0.50363858706599252,16315196.520141136
skin_iota10,120,0.59798994974874375,0.5036385870659309,16453460.897430496
skin_iota10,121,0.60301507537688437,0.50363858706587028,16591725.274719797
skin_iota10,122,0.60804020100502509,0.50363858706598519,16729989.652009139
skin_iota10,123,0.61306532663316582,0.50363858706592501,16868254.029298492
skin_iota10,124,0.61809045226130654,0.50363858706586595,17006518.406587787
skin_iota10,125,0.62311557788944727,0.50363858706597808,17144782.783877142
skin_iota10,126,0.62814070351758799,0.50363858706591957,17283047.161166463
skin_iota10,127,0.63316582914572861,0.50363858706602949,17421311.538455825
skin_iota10,128,0.63819095477386933,0.50363858706597142,17559575.915745173
skin_iota10,129,0.64321608040201006,0.50363858706591424,17697840.293034453
skin_iota10,130,0.64824120603015079,0.50363858706585785,17836104.670323815
skin_iota10,131,0.65326633165829151,0.50363858706596498,17974369.047613122
skin_iota10,132,0.65829145728643212,0.50363858706590925,18112633.424902461
skin_iota10,133,0.66331658291457285,0.50363858706585429,18250897.80219179
skin_iota10,134,0.66834170854271358,0.50363858706595899,18389162.179481097
skin_iota10,135,0.6733668341708543,0.50363858706606202,18527426.556770463
skin_iota10,136,0.67839195979899503,0.50363858706600717,18665690.93405978
skin_iota10,137,0.68341708542713564,0.5036385870659531,18803955.311349113
skin_iota10,138,0.68844221105527637,0.50363858706605402,18942219.688638393
skin_iota10,139,0.69346733668341709,0.5036385870658473,19080484.065927796
skin_iota10,140,0.69849246231155782,0.50363858706594744,19218748.443217125
skin_iota10,141,0.70351758793969854,0.50363858706574438,19357012.820506442
skin_iota10,142,0.70854271356783916,0.50363858706599385,19495277.19779576
skin_iota10,143,0.71356783919597988,0.50363858706594222,19633541.575085066
skin_iota10,144,0.71859296482412061,0.50363858706603892,19771805.952374443
skin_iota10,145,0.72361809045226133,0.50363858706598763,19910070.329663798
skin_iota10,146,0.72864321608040206,0.50363858706608267,20048334.706953105
skin_iota10,147,0.73366834170854267,0.50363858706603182,20186599.084242459
skin_iota10,148,0.7386934673366834,0.50363858706598152,20324863.461531755
skin_iota10,149,0.74371859296482412,0.50363858706578934,20463127.838821106
skin_iota10,150,0.74874371859296485,0.50363858706602493,20601392.216110438
skin_iota10,151,0.75376884422110557,0.50363858706583498,20739656.593399778
skin_iota10,152,0.75879396984924619,0.50363858706592735,20877920.970689062
skin_iota10,153,0.76381909547738691,0.50363858706615749,21016185.347978439
skin_iota10,154,0.76884422110552764,0.50363858706597031,21154449.725267779
skin_iota10,155,0.77386934673366836,0.50363858706606002,21292714.102557063
skin_iota10,156,0.77889447236180909,0.50363858706601217,21430978.47984644
skin_iota10,157,0.7839195979899497,0.50363858706610054,21569242.857135758
skin_iota10,158,0.78894472361809043,0.50363858706591846,21707507.234425113
skin_iota10,159,0.79396984924623115,0.50363858706600617,21845771.611714371
skin_iota10,160,0.79899497487437188,0.50363858706595988,21984035.989003759
skin_iota10,161,0.8040201005025126,0.50363858706604625,22122300.366293054
skin_iota10,162,0.80904522613065322,0.5036385870660004,22260564.743582431
skin_iota10,163,0.81407035175879394,0.50363858706608544,22398829.120871726
skin_iota10,164,0.81909547738693467,0.50363858706591025,22537093.498161104
skin_iota10,165,0.82412060301507539,0.50363858706586584,22675357.875450399
skin_iota10,166,0.82914572864321612,0.50363858706607822,22813622.252739739
skin_iota10,167,0.83417085427135673,0.50363858706603359,22951886.630029056
skin_iota10,168,0.83919597989949746,0.50363858706598941,23090151.0073184
skin_iota10,169,0.84422110552763818,0.50363858706581988,23228415.384607743
skin_iota10,170,0.84924623115577891,0.50363858706602749,23366679.761897046
skin_iota10,171,0.85427135678391963,0.50363858706598419,23504944.139186438
skin_iota10,172,0.85929648241206025,0.50363858706594133,23643208.51647573
skin_iota10,173,0.86432160804020097,0.50363858706602171,23781472.893765014
skin_iota10,174,0.8693467336683417,0.50363858706597919,23919737.271054342
skin_iota10,175,0.87437185929648242,0.50363858706605846,24058001.648343697
skin_iota10,176,0.87939698492462315,0.50363858706589537,24196266.025633074
skin_iota10,177,0.88442211055276387,0.50363858706585418,24334530.402922407
skin_iota10,178,0.88944723618090449,0.50363858706593301,24472794.780211724
skin_iota10,179,0.89447236180904521,0.50363858706589204,24611059.157501064
skin_iota10,180,0.89949748743718594,0.50363858706585152,24749323.534790419
skin_iota10,181,0.90452261306532666,0.5036385870659289,24887587.912079725
skin_iota10,182,0.90954773869346739,0.50363858706600539,25025852.289369054
skin_iota10,183,0.914572864321608,0.50363858706596509,25164116.666658349
skin_iota10,184,0.91959798994974873,0.50363858706592501,25302381.043947667
skin_iota10,185,0.92462311557788945,0.50363858706600029,25440645.421237055
skin_iota10,186,0.92964824120603018,0.50363858706596065,25578909.798526362
skin_iota10,187,0.9346733668341709,0.50363858706603493,25717174.175815679
skin_iota10,188,0.93969849246231152,0.50363858706588249,25855438.553105023
skin_iota10,189,0.94472361809045224,0.50363858706595643,25993702.930394378
skin_iota10,190,0.94974874371859297,0.50363858706591769,26131967.307683744
skin_iota10,191,0.95477386934673369,0.50363858706599063,26270231.684973035
skin_iota10,192,0.95979899497487442,0.50363858706584164,26408496.06226239
skin_iota10,193,0.96482412060301503,0.50363858706591436,26546760.439551685
skin_iota10,194,0.96984924623115576,0.50363858706598608,26685024.816841003
skin_iota10,195,0.97487437185929648,0.50363858706605724,26823289.194130369
skin_iota10,196,0.97989949748743721,0.50363858706612763,26961553.571419675
skin_iota10,197,0.98492462311557794,0.50363858706598152,27099817.948708981
skin_iota10,198,0.98994974874371855,0.50363858706605158,27238082.325998321
skin_iota10,199,0.99497487437185927,0.50363858706612097,27376346.703287687
skin_iota10,200,1,0.50363858706597731,27514611.080577042
skin_iota10,201,1,0.50363858706603315,27514611.080580123
skin_iota10,202,1.002004008016032,0.50363768285975374,27569553.083851784
skin_iota10,203,1.0040080160320641,0.50363498462463174,27624102.054472733
skin_iota10,204,1.0060120240480961,0.50363051368828726,27678260.909914654
skin_iota10,205,1.0080160320641283,0.50362429104772333,27732032.531551588
skin_iota10,206,1.0100200400801602,0.50361633737724165,27785419.765352737
skin_iota10,207,1.0120240480961924,0.50360667303503148,27838425.422498576
skin_iota10,208,1.0140280561122244,0.50359531806792379,27891052.279888775
skin_iota10,209,1.0160320641282565,0.50358229221951012,27943303.08083497
skin_iota10,210,1.0180360721442885,0.5035676149320556,27995180.535399564
skin_iota10,211,1.0200400801603207,0.50355130535675241,28046687.321200788
skin_iota10,212,1.0220440881763526,0.50353338235507328,28097826.083711438
skin_iota10,213,1.0240480961923848,0.50351386450737179,28148599.436962944
skin_iota10,214,1.0260521042084167,0.50349277011600513,28199009.963935591
skin_iota10,215,1.0280561122244489,0.50347011721116453,28249060.217098508
skin_iota10,216,1.0300601202404809,0.50344592355652851,28298752.718936063
skin_iota10,217,1.0320641282565131,0.50342020665278364,28348089.962349243
skin_iota10,218,1.034068136272545,0.50339298374384389,28397074.411206748
skin_iota10,219,1.0360721442885772,0.50336427182059396,28445708.500752617
skin_iota10,220,1.0380761523046091,0.5033340876258644,28493994.638079196
skin_iota10,221,1.0400801603206413,0.50330244765880083,28541935.202564061
skin_iota10,222,1.0420841683366733,0.50326936817910684,28589532.546294827
skin_iota10,223,1.0440881763527055,0.50323486521169414,28636788.994515087
skin_iota10,224,1.0460921843687374,0.5031989545511274,28683706.846055802
skin_iota10,225,1.0480961923847696,0.50316165176419025,28730288.373654597
skin_iota10,226,1.0501002004008015,0.50312297219635116,28776535.82449767
skin_iota10,227,1.0521042084168337,0.50308293097301715,28822451.420457777
skin_iota10,228,1.0541082164328657,0.50304154300589032,28868037.358624842
skin_iota10,229,1.0561122244488979,0.50299882299484155,28913295.811573278
skin_iota10,230,1.0581162324649298,0.5029547854325922,28958228.927790601
skin_iota10,231,1.060120240480962,0.50290944460806164,29002838.832025584
skin_iota10,232,1.0621242484969939,0.50286281460978266,29047127.625637852
skin_iota10,233,1.0641282565130261,0.50281490932955497,29091097.3869581
skin_iota10,234,1.0661322645290581,0.50276574246564565,29134750.171621092
skin_iota10,235,1.0681362725450902,0.50271532752647652,29178088.012923673
skin_iota10,236,1.0701402805611222,0.50266367783322319,29221112.922116462
skin_iota10,237,1.0721442885771544,0.50261080652382051,29263826.888777062
skin_iota10,238,1.0741482965931863,0.50255672655514738,29306231.881072186
skin_iota10,239,1.0761523046092185,0.50250145070706564,29348329.846129328
skin_iota10,240,1.0781563126252505,0.50244499158441325,29390122.710282929
skin_iota10,241,1.0801603206412826,0.50238736162097253,29431612.37943757
skin_iota10,242,1.0821643286573146,0.50232857308137213,29472800.739305217
skin_iota10,243,1.0841683366733468,0.50226863806440469,29513689.655724913
skin_iota10,244,1.0861723446893787,0.50220756850603032,29554280.974962924
skin_iota10,245,1.0881763527054109,0.50214537618123056,29594576.523940545
skin_iota10,246,1.0901803607214429,0.50208207270759941,29634578.110565554
skin_iota10,247,1.092184368737475,0.50201766954730431,29674287.523963585
skin_iota10,248,1.094188376753507,0.5019521780099474,29713706.534761634
skin_iota10,249,1.0961923847695392,0.50188560925473891,29752836.895329013
skin_iota10,250,1.0981963927855711,0.50181797429349395,29791680.34006558
skin_iota10,251,1.1002004008016033,0.5017492839922979,29830238.585608765
skin_iota10,252,1.1022044088176353,0.50167954907457546,29868513.331123289
skin_iota10,253,1.1042084168336674,0.5016087801227922,29906506.258506186
skin_iota10,254,1.1062124248496994,0.50153698758116572,29944219.032652922
skin_iota10,255,1.1082164328657313,0.50146418175751439,29981653.301667947
skin_iota10,256,1.1102204408817635,0.50139037282572607,30018810.697112724
skin_iota10,257,1.1122244488977957,0.5013155708278253,30055692.834226992
skin_iota10,258,1.1142284569138277,0.50123978567578509,30092301.312134121
skin_iota10,259,1.1162324649298596,0.50116302715397643,30128637.714082547
skin_iota10,260,1.1182364729458918,0.50108530492084513,30164703.607640173
skin_iota10,261,1.1202404809619237,0.50100662851124989,30200500.54492661
skin_iota10,262,1.1222444889779559,0.50092700733792916,30236030.062791914
skin_iota10,263,1.1242484969939879,0.50084645069383893,30271293.68304605
skin_iota10,264,1.1262525050100201,0.50076496775366486,30306292.912638206
skin_iota10,265,1.128256513026052,0.50068256757600405,30341029.243874364
skin_iota10,266,1.1302605210420842,0.50059925910473857,30375504.154584978
skin_iota10,267,1.1322645290581161,0.50051505117124884,30409719.108342584
skin_iota10,268,1.1342685370741483,0.50042995249570632,30443675.554622151
skin_iota10,269,1.1362725450901803,0.50034397168912526,30477374.929006536
skin_iota10,270,1.1382765531062125,0.50025711725485089,30510818.653356284
skin_iota10,271,1.1402805611222444,0.50016939759014489,30544008.135984223
skin_iota10,272,1.1422845691382766,0.50008082098799433,30576944.7718435
skin_iota10,273,1.1442885771543085,0.49999139563841116,30609629.94268145
skin_iota10,274,1.1462925851703407,0.49990112963024813,30642065.017226215
skin_iota10,275,1.1482965931863727,0.49981003095253829,30674251.351341769
skin_iota10,276,1.1503006012024048,0.49971810749605711,30706190.288195722
skin_iota10,277,1.1523046092184368,0.49962536705475624,30737883.158419143
skin_iota10,278,1.154308617234469,0.49953181732727969,30769331.280269042
skin_iota10,279,1.1563126252505009,0.49943746591819804,30800535.959773872
skin_iota10,280,1.1583166332665331,0.49934232033964376,30831498.490902122
skin_iota10,281,1.1603206412825651,0.49924638801245469,30862220.155699316
skin_iota10,282,1.1623246492985972,0.49914967626764345,30892702.224445663
skin_iota10,283,1.1643286573146292,0.49905219234760473,30922945.955794431
skin_iota10,284,1.1663326653306614,0.49895394340755866,30952952.596926358
skin_iota10,285,1.1683366733466933,0.49885493651668761,30982723.383682411
skin_iota10,286,1.1703406813627255,0.49875517865941105,31012259.540705021
skin_iota10,287,1.1723446893787575,0.49865467673665564,31041562.281578854
skin_iota10,288,1.1743486973947896,0.49855343756699655,31070632.808961149
skin_iota10,289,1.1763527054108216,0.49845146788792993,31099472.314720787
skin_iota10,290,1.1783567134268538,0.49834877435692143,31128081.980062187
skin_iota10,291,1.1803607214428857,0.4982453635526306,31156462.975659218
skin_iota10,292,1.1823647294589179,0.49814124197599641,31184616.461780101
skin_iota10,293,1.1843687374749499,0.49803641605137611,31212543.58841433
skin_iota10,294,1.186372745490982,0.4979308921275723,31240245.495392427
skin_iota10,295,1.188376753507014,0.49782467647898038,31267723.312512424
skin_iota10,296,1.1903807615230462,0.49771777530654532,31294978.159653094
skin_iota10,297,1.1923847695390781,0.49761019473886209,31322011.146896329
skin_iota10,298,1.1943887775551103,0.49750194083316507,31348823.374641608
skin_iota10,299,1.1963927855711423,0.49739301957629944,31375415.933718078
skin_iota10,300,1.1983967935871744,0.49728343688576021,31401789.905501243
skin_iota10,301,1.2004008016032064,0.49717319861056469,31427946.362017494
skin_iota10,302,1.2024048096192386,0.49706231053231287,31453886.36606095
skin_iota10,303,1.2044088176352705,0.49695077836600737,31479610.971293297
skin_iota10,304,1.2064128256513027,0.49683860776106858,31505121.222356424
skin_iota10,305,1.2084168336673347,0.49672580430214475,31530418.154970564
skin_iota10,306,1.2104208416833666,0.49661237351006476,31555502.796041839
skin_iota10,307,1.2124248496993988,0.49649832084265988,31580376.163759984
skin_iota10,308,1.214428857715431,0.49638365169568899,31605039.267702725
skin_iota10,309,1.2164328657314629,0.49626837140358637,31629493.108927805
skin_iota10,310,1.2184368737474949,0.49615248524037253,31653738.680075791
skin_iota10,311,1.2204408817635271,0.49603599842044638,31677776.965463124
skin_iota10,312,1.2224448897795592,0.49591891609934141,31701608.941174105
skin_iota10,313,1.2244488977955912,0.49580124337460424,31725235.575159062
skin_iota10,314,1.2264529058116231,0.4956829852864767,31748657.827319663
skin_iota10,315,1.2284569138276553,0.49556414681874356,31771876.649604723
skin_iota10,316,1.2304609218436875,0.49544473289940499,31794892.986093652
skin_iota10,317,1.2324649298597194,0.49532474840149621,31817707.773089405
skin_iota10,318,1.2344689378757514,0.49520419814374844,31840321.93920067
skin_iota10,319,1.2364729458917836,0.49508308689135333,31862736.405429397
skin_iota10,320,1.2384769539078155,0.49496141935663024,31884952.085253369
skin_iota10,321,1.2404809619238477,0.49483920019976368,31906969.884710811
skin_iota10,322,1.2424849699398797,0.49471643402943011,31928790.702478945
skin_iota10,323,1.2444889779559118,0.49459312540352263,31950415.429957666
skin_iota10,324,1.2464929859719438,0.49446927882980057,31971844.951347955
skin_iota10,325,1.248496993987976,0.49434489876650206,31993080.143728074
skin_iota10,326,1.2505010020040079,0.4942199896230472,32014121.877134256
skin_iota10,327,1.2525050100200401,0.49409455576061245,32034971.01463341
skin_iota10,328,1.2545090180360721,0.49396860149279986,32055628.412401188
skin_iota10,329,1.2565130260521042,0.49384213108620617,32076094.9197932
skin_iota10,330,1.2585170340681362,0.4937151487610727,32096371.379421316
skin_iota10,331,1.2605210420841684,0.49358765869181731,32116458.627221614
skin_iota10,332,1.2625250501002003,0.49345966500768484,32136357.492529444
skin_iota10,333,1.2645290581162325,0.49333117179327252,32156068.798146915
skin_iota10,334,1.2665330661322645,0.49320218308913111,32175593.360413644
skin_iota10,335,1.2685370741482966,0.49307270289227745,32194931.989272613
skin_iota10,336,1.2705410821643286,0.49294273515679854,32214085.488340564
skin_iota10,337,1.2725450901803608,0.49281228379436964,32233054.654973242
skin_iota10,338,1.2745490981963927,0.49268135267476099,32251840.280328941
skin_iota10,339,1.2765531062124249,0.49254994562640741,32270443.14943615
skin_iota10,340,1.2785571142284569,0.49241806643687708,32288864.041254532
skin_iota10,341,1.280561122244489,0.49228571885344746,32307103.728741553
skin_iota10,342,1.282565130260521,0.49215290658352295,32325162.978909772
skin_iota10,343,1.2845691382765532,0.49201963329521037,32343042.552893165
skin_iota10,344,1.2865731462925851,0.49188590261773074,32360743.20600228
skin_iota10,345,1.2885771543086173,0.49175171814197144,32378265.687789802
skin_iota10,346,1.2905811623246493,0.49161708342089577,32395610.742104091
skin_iota10,347,1.2925851703406814,0.49148200197005365,32412779.107151262
skin_iota10,348,1.2945891783567134,0.49134647726801089,32429771.515550133
skin_iota10,349,1.2965931863727456,0.49121051275681504,32446588.694389764
skin_iota10,350,1.2985971943887775,0.49107411184243605,32463231.365285404
skin_iota10,351,1.3006012024048097,0.49093727789521346,32479700.244434256
skin_iota10,352,1.3026052104208417,0.49080001425027875,32495996.042668935
skin_iota10,353,1.3046092184368738,0.49066232420797323,32512119.46551092
skin_iota10,354,1.3066132264529058,0.49052421103429622,32528071.21322554
skin_iota10,355,1.308617234468938,0.49038567796128474,32543851.980872408
skin_iota10,356,1.3106212424849699,0.49024672818745602,32559462.458358917
skin_iota10,357,1.3126252505010019,0.49010736487816747,32574903.330489021
skin_iota10,358,1.314629258517034,0.48996759116606714,32590175.277017076
skin_iota10,359,1.3166332665330662,0.48982741015141729,32605278.972693466
skin_iota10,360,1.3186372745490982,0.48968682490254767,32620215.087318093
skin_iota10,361,1.3206412825651301,0.48954583845618066,32634984.285785321
skin_iota10,362,1.3226452905811623,0.48940445381784198,32649587.228134751
skin_iota10,363,1.3246492985971945,0.48926267396220313,32664024.569596559
skin_iota10,364,1.3266533066132264,0.48912050183345629,32678296.960638855
skin_iota10,365,1.3286573146292584,0.48897794034568537,32692405.047015395
skin_iota10,366,1.3306613226452906,0.48883499238318795,32706349.469808459
skin_iota10,367,1.3326653306613228,0.48869166080085624,32720130.865476269
skin_iota10,368,1.3346693386773547,0.48854794842449312,32733749.865896117
skin_iota10,369,1.3366733466933867,0.48840385805117764,32747207.098409493
skin_iota10,370,1.3386773547094188,0.48825939244956323,32760503.185863502
skin_iota10,371,1.340681362725451,0.48811455436025547,32773638.746657055
skin_iota10,372,1.342685370741483,0.48796934649608481,32786614.394779589
skin_iota10,373,1.3446893787575149,0.48782377154246187,32799430.739855208
skin_iota10,374,1.3466933867735471,0.48767783215767568,32812088.387183335
skin_iota10,375,1.3486973947895793,0.48753153097323021,32824587.937780611
skin_iota10,376,1.3507014028056112,0.48738487059410296,32836929.988418523
skin_iota10,377,1.3527054108216432,0.48723785359909788,32849115.131666463
skin_iota10,378,1.3547094188376754,0.48709048254111842,32861143.955929324
skin_iota10,379,1.3567134268537075,0.48694275994746555,32873017.045486744
skin_iota10,380,1.3587174348697395,0.48679468832013018,32884734.980531678
skin_iota10,381,1.3607214428857715,0.48664627013607598,32896298.337208267
skin_iota10,382,1.3627254509018036,0.48649750784753099,32907707.687649719
skin_iota10,383,1.3647294589178356,0.48634840388224732,32918963.600014351
skin_iota10,384,1.3667334669338678,0.48619896064381229,32930066.638524629
skin_iota10,385,1.3687374749498997,0.48604918051187096,32941017.363500137
skin_iota10,386,1.3707414829659319,0.48589906584244075,32951816.33139649
skin_iota10,387,1.3727454909819639,0.48574861896813609,32962464.094837975
skin_iota10,388,1.374749498997996,0.48559784219846092,32972961.202655047
skin_iota10,389,1.376753507014028,0.48544673782004183,32983308.199916799
skin_iota10,390,1.3787575150300602,0.4852953080969013,32993505.627966717
skin_iota10,391,1.3807615230460921,0.48514355527068626,33003554.024455011
skin_iota10,392,1.3827655310621243,0.48499148156093247,33013453.923373066
skin_iota10,393,1.3847695390781563,0.48483908916531437,33023205.855086826
skin_iota10,394,1.3867735470941884,0.48468638025984701,33032810.346367031
skin_iota10,395,1.3887775551102204,0.48453335699917421,33042267.920424614
skin_iota10,396,1.3907815631262526,0.48438002151676157,33051579.096939702
skin_iota10,397,1.3927855711422845,0.48422637592515566,33060744.392095562
skin_iota10,398,1.3947895791583167,0.48407242231619463,33069764.318607915
skin_iota10,399,1.3967935871743486,0.48391816276123661,33078639.385756489
skin_iota10,400,1.3987975951903808,0.48376359931138452,33087370.099415109
skin_iota10,401,1.4008016032064128,0.48360873399771243,33095956.96208287
skin_iota10,402,1.402805611222445,0.4834535688314599,33104400.472911727
skin_iota10,403,1.4048096192384769,0.48329810580427435,33112701.127738491
skin_iota10,404,1.4068136272545091,0.48314234688839308,33120859.419111498
skin_iota10,405,1.408817635270541,0.48298629403687493,33128875.836321313
skin_iota10,406,1.4108216432865732,0.48282994918379146,33136750.865427956
skin_iota10,407,1.4128256513026052,0.48267331424443122,33144484.989289075
skin_iota10,408,1.4148296593186374,0.4825163911155107,33152078.687589034
skin_iota10,409,1.4168336673346693,0.48235918167534991,33159532.436863907
skin_iota10,410,1.4188376753507015,0.482201687784092,33166846.710531369
skin_iota10,411,1.4208416833667334,0.48204391128387492,33174021.978915557
skin_iota10,412,1.4228456913827654,0.48188585399904449,33181058.709275313
skin_iota10,413,1.4248496993987976,0.48172751773631167,33187957.365828622
skin_iota10,414,1.4268537074148298,0.48156890428496635,33194718.409780234
skin_iota10,415,1.4288577154308617,0.48141001541704137,33201342.299346644
skin_iota10,416,1.4308617234468937,0.48125085288750202,33207829.489781365
skin_iota10,417,1.4328657314629258,0.48109141843442105,33214180.433400303
skin_iota10,418,1.434869739478958,0.480931713779159,33220395.579607174
skin_iota10,419,1.43687374749499,0.48077174062652894,33226475.374917097
skin_iota10,420,1.4388777555110219,0.48061150066497815,33232420.262981549
skin_iota10,421,1.4408817635270541,0.48045099556675086,33238230.684612557
skin_iota10,422,1.4428857715430863,0.48029022698805635,33243907.077805739
skin_iota10,423,1.4448897795591182,0.4801291965692393,33249449.877765112
skin_iota10,424,1.4468937875751502,0.4799679059349351,33254859.516925149
skin_iota10,425,1.4488977955911824,0.47980635669423738,33260136.424974609
skin_iota10,426,1.4509018036072145,0.47964455044085486,33265281.028879084
skin_iota10,427,1.4529058116232465,0.47948248875326793,33270293.752903618
skin_iota10,428,1.4549098196392785,0.47932017319488179,33275175.018634774
skin_iota10,429,1.4569138276553106,0.47915760531418966,33279925.245003555
skin_iota10,430,1.4589178356713428,0.47899478664490619,33284544.84830578
skin_iota10,431,1.4609218436873748,0.47883171870613772,33289034.242225379
skin_iota10,432,1.4629258517034067,0.47866840300251745,33293393.837854851
skin_iota10,433,1.4649298597194389,0.47850484102434726,33297624.043715905
skin_iota10,434,1.4669338677354711,0.47834103424775731,33301725.265781824
skin_iota10,435,1.468937875751503,0.47817698413483378,33305697.907496933
skin_iota10,436,1.470941883767535,0.4780126921337699,33309542.369798098
skin_iota10,437,1.4729458917835672,0.47784815967899791,33313259.051134005
skin_iota10,438,1.4749498997995991,0.47768338819132422,33316848.347485952
skin_iota10,439,1.4769539078156313,0.47751837907807843,33320310.652387574
skin_iota10,440,1.4789579158316633,0.47735313373323229,33323646.356944397
skin_iota10,441,1.4809619238476954,0.4771876535375425,33326855.849853527
skin_iota10,442,1.4829659318637274,0.47702193985867003,33329939.517422315
skin_iota10,443,1.4849699398797596,0.47685599405132106,33332897.743588202
skin_iota10,444,1.4869739478957915,0.47668981745736994,33335730.909936912
skin_iota10,445,1.4889779559118237,0.47652341140598614,33338439.395722006
skin_iota10,446,1.4909819639278556,0.47635677721375425,33341023.577881955
skin_iota10,447,1.4929859719438878,0.47618991618480255,33343483.831059925
skin_iota10,448,1.4949899799599198,0.47602282961092429,33345820.527620941
skin_iota10,449,1.496993987975952,0.4758555187716938,33348034.037670065
skin_iota10,450,1.4989979959919839,0.47568798493458597,33350124.729069769
skin_iota10,451,1.5010020040080159,0.47552022935510391,33352092.967458762
skin_iota10,452,1.503006012024048,0.47535225327687436,33353939.116267446
skin_iota10,453,1.5050100200400802,0.4751840579317862,33355663.536736898
skin_iota10,454,1.5070140280561122,0.47501564454008643,33357266.587934911
skin_iota10,455,1.5090180360721441,0.47484701431049292,33358748.626772624
skin_iota10,456,1.5110220440881763,0.47467816844031552,33360110.008022048
skin_iota10,457,1.5130260521042085,0.47450910811556124,33361351.084332354
skin_iota10,458,1.5150300601202404,0.47433983451103096,33362472.206245404
skin_iota10,459,1.5170340681362724,0.47417034879044556,33363473.722213186
skin_iota10,460,1.5190380761523046,0.47400065210654202,33364355.978613485
skin_iota10,461,1.5210420841683367,0.47383074560116806,33365119.319764789
skin_iota10,462,1.5230460921843687,0.47366063040540141,33365764.087942913
skin_iota10,463,1.5250501002004007,0.47349030763963867,33366290.62339643
skin_iota10,464,1.5270541082164328,0.47331977841371231,33366699.264362425
skin_iota10,465,1.529058116232465,0.47314904382696893,33366990.347080737
skin_iota10,466,1.531062124248497,0.47297810496838366,33367164.205809768
skin_iota10,467,1.5330661322645289,0.47280696291665675,33367221.172841877
skin_iota10,468,1.5350701402805611,0.47263561874029492,33367161.578516774
skin_iota10,469,1.5370741482965933,0.47246407349772168,33366985.751237378
skin_iota10,470,1.5390781563126252,0.47229232823737444,33366694.017484538
skin_iota10,471,1.5410821643286572,0.47212038399777406,33366286.701829813
skin_iota10,472,1.5430861723446894,0.47194824180764433,33365764.126951654
skin_iota10,473,1.5450901803607215,0.47177590268598163,33365126.613647923
skin_iota10,474,1.5470941883767535,0.47160336764216271,33364374.480851255
skin_iota10,475,1.5490981963927855,0.47143063767601545,33363508.045641378
skin_iota10,476,1.5511022044088176,0.47125771377791725,33362527.623259898
skin_iota10,477,1.5531062124248498,0.4710845969288841,33361433.527123913
skin_iota10,478,1.5551102204408818,0.47091128810064259,33360226.068838306
skin_iota10,479,1.5571142284569137,0.47073778825573565,33358905.558210511
skin_iota10,480,1.5591182364729459,0.47056409834758212,33357472.303262368
skin_iota10,481,1.5611222444889781,0.47039021932058256,33355926.610244304
skin_iota10,482,1.56312625250501,0.47021615211018358,33354268.783647411
skin_iota10,483,1.565130260521042,0.47004189764296966,33352499.12621678
skin_iota10,484,1.5671342685370742,0.46986745683673709,33350617.938963607
skin_iota10,485,1.5691382765531063,0.46969283060057371,33348625.521178257
skin_iota10,486,1.5711422845691383,0.46951801983494795,33346522.170442954
skin_iota10,487,1.5731462925851702,0.4693430254317657,33344308.18264303
skin_iota10,488,1.5751503006012024,0.46916784827446623,33341983.851980206
skin_iota10,489,1.5771543086172346,0.46899248923808329,33339549.470983934
skin_iota10,490,1.5791583166332666,0.46881694918933686,33337005.330524225
skin_iota10,491,1.5811623246492985,0.46864122898668581,33334351.719822362
skin_iota10,492,1.5831663326653307,0.46846532948042108,33331588.926463757
skin_iota10,493,1.5851703406813629,0.46828925151272549,33328717.236408822
skin_iota10,494,1.5871743486973948,0.46811299591774969,33325736.934004895
skin_iota10,495,1.5891783567134268,0.46793656352168156,33322648.301997315
skin_iota10,496,1.591182364729459,0.46775995514281854,33319451.621541385
skin_iota10,497,1.5931863727454911,0.46758317159163909,33316147.17221316
skin_iota10,498,1.5951903807615231,0.46740621367085994,33312735.232020058
skin_iota10,499,1.597194388777555,0.46722908217552017,33309216.077412982
skin_iota10,500,1.5991983967935872,0.46705177789302915,33305589.983296014
skin_iota10,501,1.6012024048096194,0.46687430160325655,33301857.223038603
skin_iota10,502,1.6032064128256514,0.46669665407857258,33298018.068484724
skin_iota10,503,1.6052104208416833,0.46651883608393568,33294072.789965
skin_iota10,504,1.6072144288577155,0.46634084837693368,33290021.656305503
skin_iota10,505,1.6092184368737477,0.46616269170786834,33285864.934839953
skin_iota10,506,1.6112224448897794,0.46598436681980948,33281602.891419176
skin_iota10,507,1.6132264529058116,0.46580587444865057,33277235.790420726
skin_iota10,508,1.6152304609218437,0.46562721532318274,33272763.894760314
skin_iota10,509,1.6172344689378757,0.46544839016514816,33268187.465901125
skin_iota10,510,1.6192384769539077,0.46526939968929359,33263506.76386309
skin_iota10,511,1.6212424849699398,0.46509024460344633,33258722.047234241
skin_iota10,512,1.623246492985972,0.46491092560856095,33253833.573179685
skin_iota10,513,1.625250501002004,0.46473144339878036,33248841.597451083
skin_iota10,514,1.6272545090180359,0.46455179866149271,33243746.374396436
skin_iota10,515,1.6292585170340681,0.46437199207738578,33238548.15696935
skin_iota10,516,1.6312625250501003,0.4641920243205146,33233247.19673958
skin_iota10,517,1.6332665330661322,0.46401189605834375,33227843.74390097
skin_iota10,518,1.6352705410821642,0.4638316079518085,33222338.047281187
skin_iota10,519,1.6372745490981964,0.46365116065536671,33216730.354350913
skin_iota10,520,1.6392785571142285,0.46347055481705995,33211020.911233597
skin_iota10,521,1.6412825651302605,0.46328979107855439,33205209.962712932
skin_iota10,522,1.6432865731462925,0.46310887007520746,33199297.752243545
skin_iota10,523,1.6452905811623246,0.46292779243610604,33193284.52195812
skin_iota10,524,1.6472945891783568,0.46274655878413468,33187170.512678057
skin_iota10,525,1.6492985971943888,0.46256516973600875,33180955.963920306
skin_iota10,526,1.6513026052104207,0.462383625902339,33174641.113907199
skin_iota10,527,1.6533066132264529,0.46220192788767589,33168226.19957478
skin_iota10,528,1.6553106212424851,0.4620200762905563,33161711.456580564
skin_iota10,529,1.657314629258517,0.46183807170355917,33155097.119312979
skin_iota10,530,1.659318637274549,0.46165591471334777,33148383.420898844
skin_iota10,531,1.6613226452905812,0.46147360590072439,33141570.593212187
skin_iota10,532,1.6633266533066133,0.46129114584066905,33134658.866881955
skin_iota10,533,1.6653306613226453,0.46110853510239652,33127648.471300498
skin_iota10,534,1.6673346693386772,0.46092577424939318,33120539.634631276
skin_iota10,535,1.6693386773547094,0.46074286383946966,33113332.583817035
skin_iota10,536,1.6713426853707416,0.46055980442480232,33106027.544587586
skin_iota10,537,1.6733466933867736,0.46037659655198349,33098624.741467886
skin_iota10,538,1.6753507014028055,0.46019324076205759,33091124.397785068
skin_iota10,539,1.6773547094188377,0.46000973759057606,33083526.735677276
skin_iota10,540,1.6793587174348699,0.45982608756763005,33075831.976100158
skin_iota10,541,1.6813627254509018,0.45964229121790101,33068040.338835143
skin_iota10,542,1.6833667334669338,0.45945834906070399,33060152.042496722
skin_iota10,543,1.685370741482966,0.45927426161001783,33052167.30453939
skin_iota10,544,1.6873747494989981,0.4590900293745464,33044086.341266062
skin_iota10,545,1.6893787575150301,0.45890565285774554,33035909.36783462
skin_iota10,546,1.691382765531062,0.45872113255786878,33027636.598265074
skin_iota10,547,1.6933867735470942,0.45853646896800371,33019268.245446991
skin_iota10,548,1.6953907815631264,0.45835166257612531,33010804.521146994
skin_iota10,549,1.6973947895791583,0.45816671386511437,33002245.636014763
skin_iota10,550,1.6993987975951903,0.45798162331281639,32993591.799590971
skin_iota10,551,1.7014028056112225,0.45779639139207295,32984843.220314194
skin_iota10,552,1.7034068136272547,0.45761101857075476,32976000.10552692
skin_iota10,553,1.7054108216432866,0.45742550531180809,32967062.661483333
skin_iota10,554,1.7074148296593186,0.45723985207329282,32958031.093355712
skin_iota10,555,1.7094188376753507,0.45705405930841014,32948905.605240967
skin_iota10,556,1.7114228456913829,0.45686812746554917,32939686.400167208
skin_iota10,557,1.7134268537074149,0.45668205698831832,32930373.680100992
skin_iota10,558,1.7154308617234468,0.45649584831558671,32920967.645953219
skin_iota10,559,1.717434869739479,0.45630950188151193,32911468.497585543
skin_iota10,560,1.7194388777555112,0.45612301811558209,32901876.433817249
skin_iota10,561,1.7214428857715431,0.45593639744265146,32892191.652431771
skin_iota10,562,1.7234468937875751,0.45574964028296611,32882414.35018203
skin_iota10,563,1.7254509018036073,0.45556274705221367,32872544.722797852
skin_iota10,564,1.7274549098196392,0.45537571816154043,32862582.964991394
skin_iota10,565,1.7294589178356712,0.45518855401759606,32852529.270463534
skin_iota10,566,1.7314629258517034,0.45500125502256655,32842383.831910301
skin_iota10,567,1.7334669338677355,0.45481382157420086,32832146.841028355
skin_iota10,568,1.7354709418837675,0.45462625406584872,32821818.48852139
skin_iota10,569,1.7374749498997994,0.45443855288649254,32811398.964106176
skin_iota10,570,1.7394789579158316,0.45425071842077724,32800888.456518035
skin_iota10,571,1.7414829659318638,0.45406275104904142,32790287.153516825
skin_iota10,572,1.7434869739478958,0.45387465114735537,32779595.241893377
skin_iota10,573,1.7454909819639277,0.45368641908754181,32768812.907474346
skin_iota10,574,1.7474949899799599,0.45349805523721742,32757940.335128602
skin_iota10,575,1.7494989979959921,0.45330955995981165,32746977.708772432
skin_iota10,576,1.751503006012024,0.45312093361460748,32735925.211375412
skin_iota10,577,1.753507014028056,0.45293217655676499,32724783.024966158
skin_iota10,578,1.7555110220440882,0.45274328913735257,32713551.330637343
skin_iota10,579,1.7575150300601203,0.45255427170337725,32702230.308551691
skin_iota10,580,1.7595190380761523,0.45236512459781025,32690820.137947164
skin_iota10,581,1.7615230460921842,0.45217584815962025,32679320.997142371
skin_iota10,582,1.7635270541082164,0.45198644272379784,32667733.063542087
skin_iota10,583,1.7655310621242486,0.45179690862138439,32656056.513642155
skin_iota10,584,1.7675350701402806,0.45160724617950276,32644291.523035552
skin_iota10,585,1.7695390781563125,0.45141745572138009,32632438.266416516
skin_iota10,586,1.7715430861723447,0.45122753756637729,32620496.917586628
skin_iota10,587,1.7735470941883769,0.45103749203001803,32608467.649459649
skin_iota10,588,1.7755511022044088,0.45084731942401085,32596350.634066448
skin_iota10,589,1.7775551102204408,0.45065702005628061,32584146.042560354
skin_iota10,590,1.7795591182364729,0.45046659423098906,32571854.045221947
skin_iota10,591,1.7815631262525051,0.45027604224856621,32559474.811464172
skin_iota10,592,1.7835671342685371,0.45008536440573294,32547008.509837404
skin_iota10,593,1.785571142284569,0.44989456099552372,32534455.308033604
skin_iota10,594,1.7875751503006012,0.44970363230732002,32521815.372892417
skin_iota10,595,1.7895791583166334,0.44951257862686544,32509088.870404776
skin_iota10,596,1.7915831663326653,0.44932140023629658,32496275.965718731
skin_iota10,597,1.7935871743486973,0.44913009741416593,32483376.823143158
skin_iota10,598,1.7955911823647295,0.44893867043546298,32470391.606153291
skin_iota10,599,1.7975951903807617,0.44874711957164309,32457320.477395058
skin_iota10,600,1.7995991983967936,0.44855544509064971,32444163.598689731
skin_iota10,601,1.8016032064128256,0.44836364725693284,32430921.131038439
skin_iota10,602,1.8036072144288577,0.44817172633147778,32417593.23462674
skin_iota10,603,1.8056112224448899,0.44797968257182769,32404180.068829544
skin_iota10,604,1.8076152304609219,0.44778751623210256,32390681.79221487
skin_iota10,605,1.8096192384769538,0.44759522756302472,32377098.562548898
skin_iota10,606,1.811623246492986,0.44740281681194038,32363430.536800068
skin_iota10,607,1.8136272545090182,0.44721028422284331,32349677.871143866
skin_iota10,608,1.8156312625250501,0.44701763003639067,32335840.720966317
skin_iota10,609,1.8176352705410821,0.44682485448993214,32321919.240869325
skin_iota10,610,1.8196392785571143,0.44663195781752513,32307913.584674183
skin_iota10,611,1.8216432865731464,0.44643894024996195,32293823.905426271
skin_iota10,612,1.8236472945891784,0.4462458020147842,32279650.355399005
skin_iota10,613,1.8256513026052104,0.44605254333630878,32265393.086098116
skin_iota10,614,1.8276553106212425,0.44585916443564277,32251052.248265553
skin_iota10,615,1.8296593186372747,0.44566566553071352,32236627.991884381
skin_iota10,616,1.8316633266533067,0.44547204683627634,32222120.466181725
skin_iota10,617,1.8336673346693386,0.44527830856394324,32207529.819633722
skin_iota10,618,1.8356713426853708,0.44508445092219878,32192856.19996896
skin_iota10,619,1.8376753507014028,0.44489047411642096,32178099.754172869
skin_iota10,620,1.8396793587174347,0.44469637834890224,32163260.628491525
skin_iota10,621,1.8416833667334669,0.44450216381886204,32148338.968435396
skin_iota10,622,1.8436873747494991,0.44430783072247387,32133334.91878343
skin_iota10,623,1.845691382765531,0.44411337925287825,32118248.623587031
skin_iota10,624,1.847695390781563,0.44391880960020613,32103080.226173613
skin_iota10,625,1.8496993987975952,0.4437241219515905,32087829.869150523
skin_iota10,626,1.8517034068136273,0.44352931649119098,32072497.694408681
skin_iota10,627,1.8537074148296593,0.44333439340020947,32057083.843126785
skin_iota10,628,1.8557114228456912,0.44313935285690553,32041588.455774315
skin_iota10,629,1.8577154308617234,0.44294419503661703,32026011.672115877
skin_iota10,630,1.8597194388777556,0.44274892011178019,32010353.63121441
skin_iota10,631,1.8617234468937875,0.44255352825193778,31994614.471435092
skin_iota10,632,1.8637274549098195,0.44235801962376431,31978794.33044868
skin_iota10,633,1.8657314629258517,0.4421623943910824,31962893.345235463
skin_iota10,634,1.8677354709418839,0.44196665271487368,31946911.652088217
skin_iota10,635,1.8697394789579158,0.44177079475330361,31930849.386616465
skin_iota10,636,1.8717434869739478,0.44157482066172726,31914706.683749251
skin_iota10,637,1.8737474949899799,0.44137873059271937,31898483.677739263
skin_iota10,638,1.8757515030060121,0.44118252469607716,31882180.502165556
skin_iota10,639,1.8777555110220441,0.44098620311884396,31865797.289937671
skin_iota10,640,1.879759519038076,0.44078976600532188,31849334.173298426
skin_iota10,641,1.8817635270541082,0.44059321349708996,31832791.283827815
skin_iota10,642,1.8837675350701404,0.44039654573301545,31816168.752445791
skin_iota10,643,1.8857715430861723,0.44019976284927587,31799466.709416028
skin_iota10,644,1.8877755511022043,0.44000286497936525,31782685.284349024
skin_iota10,645,1.8897795591182365,0.43980585225411667,31765824.606205266
skin_iota10,646,1.8917835671342687,0.43960872480171098,31748884.803298429
skin_iota10,647,1.8937875751503006,0.43941148274769964,31731866.003299024
skin_iota10,648,1.8957915831663326,0.43921412621500983,31714768.333237201
skin_iota10,649,1.8977955911823647,0.43901665532396311,31697591.919505484
skin_iota10,650,1.8997995991983969,0.43881907019229371,31680336.887863107
skin_iota10,651,1.9018036072144289,0.4386213709351523,31663003.363437776
skin_iota10,652,1.9038076152304608,0.43842355766513225,31645591.470729925
skin_iota10,653,1.905811623246493,0.43822563049227165,31628101.333614726
skin_iota10,654,1.9078156312625252,0.43802758952407805,31610533.075346038
skin_iota10,655,1.9098196392785571,0.43782943486553005,31592886.818558682
skin_iota10,656,1.9118236472945891,0.43763116661910412,31575162.685272232
skin_iota10,657,1.9138276553106213,0.43743278488477383,31557360.796892963
skin_iota10,658,1.9158316633266534,0.4372342897600347,31539481.274217848
skin_iota10,659,1.9178356713426854,0.43703568133990911,31521524.237436764
skin_iota10,660,1.9198396793587174,0.43683695971696396,31503489.80613564
skin_iota10,661,1.9218436873747495,0.43663812498132021,31485378.099299379
skin_iota10,662,1.9238476953907817,0.43643917722066822,31467189.235314693
skin_iota10,663,1.9258517034068137,0.43624011652027633,31448923.33197283
skin_iota10,664,1.9278557114228456,0.43604094296300661,31430580.506472491
skin_iota10,665,1.9298597194388778,0.43584165662932739,31412160.875422932
skin_iota10,666,1.93186372745491,0.43564225759732078,31393664.554845832
skin_iota10,667,1.9338677354709419,0.43544274594269949,31375091.660179034
skin_iota10,668,1.9358717434869739,0.43524312173881496,31356442.306278769
skin_iota10,669,1.9378757515030061,0.43504338505667151,31337716.607422445
skin_iota10,670,1.9398797595190382,0.43484353596493708,31318914.677311514
skin_iota10,671,1.9418837675350702,0.43464357452995367,31300036.629073784
skin_iota10,672,1.9438877755511021,0.43444350081574917,31281082.575266443
skin_iota10,673,1.9458917835671343,0.43424331488404977,31262052.627878457
skin_iota10,674,1.9478957915831663,0.43404301679428769,31242946.898333136
skin_iota10,675,1.9498997995991982,0.43384260660361679,31223765.497491099
skin_iota10,676,1.9519038076152304,0.43364208436691942,31204508.535652433
skin_iota10,677,1.9539078156312626,0.4334414501368179,31185176.122559316
skin_iota10,678,1.9559118236472945,0.43324070396368686,31165768.367398784
skin_iota10,679,1.9579158316633265,0.4330398458956618,31146285.378805041
skin_iota10,680,1.9599198396793587,0.43283887597864856,31126727.264861938
skin_iota10,681,1.9619238476953909,0.43263779425633764,31107094.133105434
skin_iota10,682,1.9639278557114228,0.43243660077021029,31087386.090526491
skin_iota10,683,1.9659318637274548,0.43223529555954937,31067603.243572831
skin_iota10,684,1.9679358717434869,0.43203387866145004,31047745.698151693
skin_iota10,685,1.9699398797595191,0.43183235011082954,31027813.559632346
skin_iota10,686,1.9719438877755511,0.4316307099404354,31007806.932848267
skin_iota10,687,1.973947895791583,0.43142895818085736,30987725.922099594
skin_iota10,688,1.9759519038076152,0.43122709486053407,30967570.631155543
skin_iota10,689,1.9779559118236474,0.43102512000576459,30947341.163256481
skin_iota10,690,1.9799599198396793,0.43082303364071617,30927037.621116534
skin_iota10,691,1.9819639278557113,0.4306208357874356,30906660.106925882
skin_iota10,692,1.9839679358717435,0.43041852646585427,30886208.722352616
skin_iota10,693,1.9859719438877756,0.43021610569380186,30865683.568545658
skin_iota10,694,1.9879759519038076,0.43001357348700953,30845084.746136315
skin_iota10,695,1.9899799599198396,0.42981092985912589,30824412.355241109
skin_iota10,696,1.9919839679358717,0.4296081748217172,30803666.495463271
skin_iota10,697,1.9939879759519039,0.42940530838428481,30782847.265896153
skin_iota10,698,1.9959919839679359,0.42920233055426371,30761954.765123785
skin_iota10,699,1.9979959919839678,0.42899924133704165,30740989.091224533
skin_iota10,700,2,0.42879604073595717,30719950.341772202
skin_iota10,701,2,0.4287960407359574,30719950.341772236
skin_iota10,702,2.0961923847695392,0.41933458210368341,29758427.944226537
skin_iota10,703,2.1923847695390783,0.41042840649956969,28889396.438069474
skin_iota10,704,2.2885771543086171,0.40203029007526142,28102531.072816171
skin_iota10,705,2.3847695390781563,0.39409820841624299,27388908.247712824
skin_iota10,706,2.4809619238476954,0.38659464040065633,26740783.412705306
skin_iota10,707,2.5771543086172346,0.37948598097613023,26151408.979068737
skin_iota10,708,2.6733466933867733,0.37274204347888334,25614884.210162144
skin_iota10,709,2.7695390781563125,0.3663356359609159,25126030.831124689
skin_iota10,710,2.8657314629258517,0.3602421989965372,24680289.442332178
skin_iota10,711,2.9619238476953909,0.35443949480619247,24273632.853450071
skin_iota10,712,3.05811623246493,0.34890733941091007,23902493.251677439
skin_iota10,713,3.1543086172344692,0.34362737102548507,23563700.736953553
skin_iota10,714,3.2505010020040079,0.3385828490966441,23254431.241073471
skin_iota10,715,3.3466933867735471,0.33375847935793168,22972162.228525054
skin_iota10,716,3.4428857715430863,0.32914026105502758,22714634.878150009
skin_iota10,717,3.539078156312625,0.32471535313161654,22479821.68436271
skin_iota10,718,3.6352705410821642,0.32047195668628786,22265898.608233973
skin_iota10,719,3.7314629258517034,0.31639921143827349,22071221.06265223
skin_iota10,720,3.8276553106212425,0.3124871042922755,21894303.140006058
skin_iota10,721,3.9238476953907817,0.30872638838447974,21733799.591558482
skin_iota10,722,4.0200400801603209,0.30510851123446786,21588490.149711154
skin_iota10,723,4.1162324649298601,0.30162555083017251,21457265.851428051
skin_iota10,724,4.2124248496993992,0.29827015864254669,21339117.076155506
skin_iota10,725,4.3086172344689384,0.29503550870906103,21233123.056955341
skin_iota10,726,4.4048096192384776,0.29191525204523466,21138442.661104679
skin_iota10,727,4.5010020040080159,0.28890347574497227,21054306.267575055
skin_iota10,728,4.597194388777555,0.28599466621664604,20980008.594757017
skin_iota10,729,4.6933867735470942,0.28318367607517919,20914902.353484239
skin_iota10,730,4.7895791583166334,0.28046569427294421,20858392.61859367
skin_iota10,731,4.8857715430861726,0.27783621910582168,20809931.827546749
skin_iota10,732,4.9819639278557108,0.27529103377668918,20769015.327531908
skin_iota10,733,5.07815631262525,0.27282618423811172,20735177.403374452
skin_iota10,734,5.1743486973947892,0.27043795907006635,20707987.727830242
skin_iota10,735,5.2705410821643284,0.26812287117797667,20687048.183705673
skin_iota10,736,5.3667334669338675,0.26587764112183532,20671990.013953667
skin_iota10,737,5.4629258517034067,0.26369918190934655,20662471.261627682
skin_iota10,738,5.5591182364729459,0.26158458510529026,20658174.466488495
skin_iota10,739,5.6553106212424851,0.25953110812611818,20658804.589276303
skin_iota10,740,5.7515030060120242,0.25753616260348355,20664087.138292886
skin_iota10,741,5.8476953907815634,0.25559730371325956,20673766.47607106
skin_iota10,742,5.9438877755511026,0.2537122203778937,20687604.286617726
skin_iota10,743,6.0400801603206409,0.25187872625985358,20705378.186063163
skin_iota10,744,6.1362725450901801,0.25009475147265625,20726880.461586971
skin_iota10,745,6.2324649298597192,0.24835833494367782,20751916.925263092
skin_iota10,746,6.3286573146292584,0.24666761736974038,20780305.871010717
skin_iota10,747,6.4248496993987976,0.24502083471250588,20811877.124186918
skin_iota10,748,6.5210420841683367,0.24341631218604151,20846471.174536239
skin_iota10,749,6.6172344689378759,0.24185245869366828,20883938.384246271
skin_iota10,750,6.7134268537074151,0.24032776167542028,20924138.263765901
skin_iota10,751,6.8096192384769543,0.23884078233120143,20966938.808840752
skin_iota10,752,6.9058116232464926,0.23739015118807619,21012215.892922796
skin_iota10,753,7.0020040080160317,0.23597456398312605,21059852.709731612
skin_iota10,754,7.0981963927855709,0.23459277783598081,21109739.261291701
skin_iota10,755,7.1943887775551101,0.23324360768753447,21161771.887255665
skin_iota10,756,7.2905811623246493,0.23192592298350306,21215852.831751816
skin_iota10,757,7.3867735470941884,0.23063864458342109,21271889.844376214
skin_iota10,758,7.4829659318637276,0.2293807418774047,21329795.812287867
skin_iota10,759,7.5791583166332668,0.22815123009457935,21389488.420666963
skin_iota10,760,7.675350701402806,0.22694916778847493,21450889.839064728
skin_iota10,761,7.7715430861723451,0.225773654485973,21513926.431413133
skin_iota10,762,7.8677354709418834,0.22462382848753121,21578528.487676758
skin_iota10,763,7.9639278557114226,0.22349886480745679,21644629.975320481
skin_iota10,764,8.0601202404809627,0.22239797324394453,21712168.308938593
skin_iota10,765,8.1563126252505,0.22132039656944219,21781084.136544134
skin_iota10,766,8.252505010020041,0.22026540883268964,21851321.141156107
skin_iota10,767,8.3486973947895784,0.21923231376447599,21922825.856445633
skin_iota10,768,8.4448897795591193,0.2182204432798045,21995547.495314036
skin_iota10,769,8.5410821643286567,0.21722915606973475,22069437.790376965
skin_iota10,770,8.6372745490981977,0.21625783627670431,22144450.845418416
skin_iota10,771,8.7334669338677351,0.21530589224761645,22220542.996961243
skin_iota10,772,8.8296593186372743,0.21437275535942388,22297672.685174346
skin_iota10,773,8.9258517034068134,0.21345787891234044,22375800.333403889
skin_iota10,774,9.0220440881763526,0.21256073708618456,22454888.235676214
skin_iota10,775,9.1182364729458918,0.21168082395569657,22534900.451575715
skin_iota10,776,9.214428857715431,0.21081765256097898,22615802.707949724
skin_iota10,777,9.3106212424849701,0.2099707540294983,22697562.306938902
skin_iota10,778,9.4068136272545093,0.20913967674634334,22780148.03987208
skin_iota10,779,9.5030060120240485,0.2083239855696761,22863530.106601976
skin_iota10,780,9.5991983967935859,0.20752326108853172,22947680.039892495
skin_iota10,781,9.6953907815631268,0.20673709892032846,23032570.634499401
skin_iota10,782,9.7915831663326642,0.20596510904562898,23118175.880614173
skin_iota10,783,9.8877755511022052,0.20520691517787443,23204470.901367188
skin_iota10,784,9.9839679358717426,0.20446215416596517,23291431.89410967
skin_iota10,785,10.080160320641282,0.20391493075705278,23408386.958731256
skin_iota10,786,10.176352705410821,0.20341543041810023,23531664.605143439
skin_iota10,787,10.27254509018036,0.20292628093596085,23655363.585477423
skin_iota10,788,10.368737474949899,0.20244718719126989,23779469.181326617
skin_iota10,789,10.464929859719438,0.20197786466359405,23903967.317466609
skin_iota10,790,10.561122244488978,0.20151803897426304,24028844.528510332
skin_iota10,791,10.657314629258517,0.20106744545218719,24154087.927550368
skin_iota10,792,10.753507014028056,0.20062582872134171,24279685.176654845
skin_iota10,793,10.849699398797595,0.20019294230868234,24405624.45909382
skin_iota10,794,10.945891783567134,0.19976854827133769,24531894.45318168
skin_iota10,795,11.042084168336673,0.19935241684199631,24658484.307629973
skin_iota10,796,11.138276553106213,0.1989443260914735,24785383.618312057
skin_iota10,797,11.234468937875752,0.19854406160750984,24912582.406348839
skin_iota10,798,11.330661322645291,0.19815141618890891,25040071.09743081
skin_iota10,799,11.42685370741483,0.19776618955417744,25167840.502297834
skin_iota10,800,11.523046092184369,0.19738818806388617,25295881.798303686
skin_iota10,801,11.619238476953909,0.19701722445600936,25424186.511997357
skin_iota10,802,11.715430861723448,0.19665311759355536,25552746.502657916
skin_iota10,803,11.811623246492985,0.19629569222383314,25681553.946724176
skin_iota10,804,11.907815631262524,0.19594477874874572,25810601.323064223
skin_iota10,805,12.004008016032063,0.19560021300553065,25939881.399033751
skin_iota10,806,12.100200400801603,0.1952618360574099,26069387.21727572
skin_iota10,807,12.196392785571142,0.19492949399363368,26199112.083216514
skin_iota10,808,12.292585170340681,0.19460303773844034,26329049.553217571
skin_iota10,809,12.38877755511022,0.19428232286847824,26459193.42334345
skin_iota10,810,12.484969939879759,0.19396720943826057,26589537.718710173
skin_iota10,811,12.581162324649299,0.19365756181325217,26720076.683380093
skin_iota10,812,12.677354709418838,0.19335324851020524,26850804.770771489
skin_iota10,813,12.773547094188377,0.19305414204438792,26981716.634553555
skin_iota10,814,12.869739478957916,0.19276011878336233,27112807.119998697
skin_iota10,815,12.965931863727455,0.19247105880699591,27244071.255766399
skin_iota10,816,13.062124248496994,0.19218684577340062,27375504.246094476
skin_iota10,817,13.158316633266534,0.19190736679051307,27507101.463374428
skin_iota10,818,13.254509018036073,0.19163251229304756,27638858.441090114
skin_iota10,819,13.350701402805612,0.19136217592456314,27770770.867099229
skin_iota10,820,13.446893787575151,0.19109625442440345,27902834.577239018
skin_iota10,821,13.54308617234469,0.19083464751927903,28035045.549238339
skin_iota10,822,13.639278557114228,0.19057725781927651,28167399.896919761
skin_iota10,823,13.735470941883767,0.19032399071808484,28299893.864675727
skin_iota10,824,13.831663326653306,0.19007475429724843,28432523.822204493
skin_iota10,825,13.927855711422845,0.18982945923425704,28565286.259491675
skin_iota10,826,14.024048096192384,0.18958801871430056,28698177.782024734
skin_iota10,827,14.120240480961924,0.18935034834552081,28831195.10622799
skin_iota10,828,14.216432865731463,0.18911636607760124,28964335.055106737
skin_iota10,829,14.312625250501002,0.18888599212354662,29097594.554089602
skin_iota10,830,14.408817635270541,0.18865914888450866,29230970.627058893
skin_iota10,831,14.50501002004008,0.18843576087752292,29364460.392559439
skin_iota10,832,14.601202404809619,0.18821575466602822,29498061.060176641
skin_iota10,833,14.697394789579159,0.18799905879304638,29631769.927075375
skin_iota10,834,14.793587174348698,0.18778560371690664,29765584.374691628
skin_iota10,835,14.889779559118237,0.18757532174940283,29899501.865568899
skin_iota10,836,14.985971943887776,0.18736814699628013,30033519.940332871
skin_iota10,837,15.082164328657315,0.1871640152999498,30167636.214796774
skin_iota10,838,15.178356713426854,0.1869628641843378,30301848.377191551
skin_iota10,839,15.274549098196394,0.18676463280177588,30436154.18551442
skin_iota10,840,15.370741482965931,0.186569261881849,30570551.464990295
skin_iota10,841,15.46693386773547,0.18637669368211782,30705038.105640575
skin_iota10,842,15.563126252505009,0.18618687194063641,30839612.059954066
skin_iota10,843,15.659318637274549,0.18599974183019133,30974271.340655167
skin_iota10,844,15.755511022044088,0.18581524991419124,31109014.018564891
skin_iota10,845,15.851703406813627,0.18563334410413843,31243838.220550235
skin_iota10,846,15.947895791583166,0.18545397361861773,31378742.127557501
skin_iota10,847,16.044088176352705,0.18527708894374192,31513723.972726282
skin_iota10,848,16.140280561122246,0.18510264179499258,31648782.039579645
skin_iota10,849,16.236472945891784,0.18493058508040286,31783914.66028757
skin_iota10,850,16.332665330661321,0.18476087286502607,31919120.213999946
skin_iota10,851,16.428857715430862,0.18459346033664026,32054397.125246234
skin_iota10,852,16.525050100200403,0.18442830377263905,32189743.862398371
skin_iota10,853,16.62124248496994,0.18426536050806255,32325158.936194602
skin_iota10,854,16.717434869739478,0.18410458890472195,32460640.898320965
skin_iota10,855,16.813627254509019,0.18394594832137781,32596188.340048335
skin_iota10,856,16.90981963927856,0.18378939908492839,32731799.890922155
skin_iota10,857,17.006012024048097,0.18363490246257072,32867474.217502873
skin_iota10,858,17.102204408817634,0.18348242063489573,33003210.022154614
skin_iota10,859,17.198396793587172,0.18333191666988261,33139006.041880134
skin_iota10,860,17.294589178356713,0.18318335449775794,33274861.047199972
skin_iota10,861,17.390781563126254,0.18303669888668575,33410773.841073874
skin_iota10,862,17.486973947895791,0.18289191541925925,33546743.257862825
skin_iota10,863,17.583166332665328,0.1827489704697611,33682768.162329681
skin_iota10,864,17.679358717434869,0.18260783118216728,33818847.4486771
skin_iota10,865,17.77555110220441,0.18246846544886289,33954980.039620869
skin_iota10,866,17.871743486973948,0.1823308418900465,34091164.885497376
skin_iota10,867,17.967935871743485,0.18219492983379668,34227400.963403739
skin_iota10,868,18.064128256513026,0.18206069929677532,34363687.276369035
skin_iota10,869,18.160320641282564,0.18192812096554686,34500022.852555759
skin_iota10,870,18.256513026052104,0.18179716617848826,34636406.744489826
skin_iota10,871,18.352705410821642,0.18166780690827111,34772838.028318197
skin_iota10,872,18.448897795591183,0.18154001574489254,34909315.803093046
skin_iota10,873,18.54509018036072,0.18141376587923799,35045839.190081082
skin_iota10,874,18.641282565130261,0.18128903108715411,35182407.332097493
skin_iota10,875,18.737474949899799,0.18116578571401615,35319019.392862931
skin_iota10,876,18.83366733466934,0.18104400465977055,35455674.556383312
skin_iota10,877,18.929859719438877,0.18092366336443705,35592372.026350737
skin_iota10,878,19.026052104208418,0.18080473779405357,35729111.02556546
skin_iota10,879,19.122244488977955,0.18068720442704903,35865890.795377567
skin_iota10,880,19.218436873747496,0.18057104024102824,36002710.595147744
skin_iota10,881,19.314629258517034,0.18045622269995637,36139569.701726377
skin_iota10,882,19.410821643286575,0.18034272974172671,36276467.408950433
skin_iota10,883,19.507014028056112,0.18023053976610148,36413403.027157106
skin_iota10,884,19.603206412825653,0.18011963162301015,36550375.882713892
skin_iota10,885,19.69939879759519,0.18000998460119547,36687385.317564376
skin_iota10,886,19.795591182364728,0.17990157841719379,36824430.688788921
skin_iota10,887,19.891783567134269,0.17979439320463916,36961511.368180081
skin_iota10,888,19.987975951903806,0.17968840950388049,37098626.741831824
skin_iota10,889,20.084168336673347,0.1795836082519007,37235776.20974236
skin_iota10,890,20.180360721442884,0.17947997077252856,37372959.18542967
skin_iota10,891,20.276553106212425,0.17937747876693236,37510175.095559813
skin_iota10,892,20.372745490981963,0.17927611430438797,37647423.379586801
skin_iota10,893,20.468937875751504,0.17917585981331016,37784703.489404529
skin_iota10,894,20.565130260521041,0.17907669807254009,37922014.889009416
skin_iota10,895,20.661322645290582,0.17897861220288039,38059357.054174036
skin_iota10,896,20.757515030060119,0.17888158565886858,38196729.472130902
skin_iota10,897,20.85370741482966,0.17878560222078321,38334131.641266376
skin_iota10,898,20.949899799599198,0.17869064598687354,38471563.070824064
skin_iota10,899,21.046092184368739,0.1785967013658058,38609023.28061749
skin_iota10,900,21.142284569138276,0.17850375306932054,38746511.800751746
skin_iota10,901,21.238476953907817,0.17841178610509212,38884028.171353735
skin_iota10,902,21.334669338677354,0.17832078576978597,39021571.942310661
skin_iota10,903,21.430861723446895,0.17823073764230601,39159142.673016623
skin_iota10,904,21.527054108216433,0.17814162757722743,39296739.932126842
skin_iota10,905,21.62324649298597,0.17805344169840753,39434363.297319554
skin_iota10,906,21.719438877755511,0.17796616639277066,39572012.355064735
skin_iota10,907,21.815631262525049,0.17787978830426077,39709686.700400203
skin_iota10,908,21.91182364729459,0.1777942943279571,39847385.93671421
skin_iota10,909,22.008016032064127,0.17770967160434703,39985109.675534353
skin_iota10,910,22.104208416833668,0.17762590751375251,40122857.536323264
skin_iota10,911,22.200400801603205,0.17754298967090454,40260629.146279804
skin_iota10,912,22.296593186372746,0.17746090591966129,40398424.140146397
skin_iota10,913,22.392785571142284,0.17737964432786596,40536242.160021953
skin_iota10,914,22.488977955911825,0.177299193182339,40674082.855180219
skin_iota10,915,22.585170340681362,0.17721954098400294,40811945.881893478
skin_iota10,916,22.681362725450903,0.17714067644313308,40949830.903261267
skin_iota10,917,22.77755511022044,0.17706258847473197,41087737.589044109
skin_iota10,918,22.873747494989981,0.17698526619402416,41225665.615501866
skin_iota10,919,22.969939879759519,0.1769086989120664,41363614.665236957
skin_iota10,920,23.06613226452906,0.176832876131471,41501584.427041776
skin_iota10,921,23.162324649298597,0.17675778754223886,41639574.59575057
skin_iota10,922,23.258517034068138,0.17668342301769804,41777584.87209554
skin_iota10,923,23.354709418837675,0.17660977261054625,41915614.962566756
skin_iota10,924,23.450901803607213,0.17653682654899314,42053664.579276308
skin_iota10,925,23.547094188376754,0.17646457523299966,42191733.439825915
skin_iota10,926,23.643286573146291,0.17639300923061244,42329821.267178535
skin_iota10,927,23.739478957915832,0.17632211927438918,42467927.789533131
skin_iota10,928,23.835671342685369,0.17625189625791371,42606052.740203284
skin_iota10,929,23.93186372745491,0.17618233123239749,42744195.857498862
skin_iota10,930,24.028056112224448,0.17611341540336492,42882356.884610906
skin_iota10,931,24.124248496993989,0.17604514012742087,43020535.569499888
skin_iota10,932,24.220440881763526,0.17597749690909706,43158731.664786734
skin_iota10,933,24.316633266533067,0.17591047739777627,43296944.927646853
skin_iota10,934,24.412825651302605,0.17584407338469094,43435175.119707093
skin_iota10,935,24.509018036072145,0.17577827679999494,43573422.006945364
skin_iota10,936,24.605210420841683,0.17571307970990679,43711685.359592922
skin_iota10,937,24.701402805611224,0.17564847431392058,43849964.952039361
skin_iota10,938,24.797595190380761,0.17558445294208533,43988260.562739916
skin_iota10,939,24.893787575150302,0.1755210080523483,44126571.97412537
skin_iota10,940,24.98997995991984,0.17545813222796258,44264898.972514331
skin_iota10,941,25.086172344689381,0.17539581817495586,44403241.34802755
skin_iota10,942,25.182364729458918,0.17533405871965946,44541598.894504786
skin_iota10,943,25.278557114228455,0.17527284680629571,44679971.409423657
skin_iota10,944,25.374749498997996,0.1752121754946214,44818358.693820558
skin_iota10,945,25.470941883767534,0.17515203795762815,44956760.552213676
skin_iota10,946,25.567134268537075,0.17509242747929427,45095176.792527921
skin_iota10,947,25.663326653306612,0.17503333745239102,45233607.226021878
skin_iota10,948,25.759519038076153,0.17497476137633863,45372051.667216398
skin_iota10,949,25.85571142284569,0.1749166928551123,45510509.933825262
skin_iota10,950,25.951903807615231,0.17485912559519629,45648981.846687414
skin_iota10,951,26.048096192384769,0.17480205340358493,45787467.229700811
skin_iota10,952,26.14428857715431,0.17474547018582998,45925965.909758218
skin_iota10,953,26.240480961923847,0.17468936994413162,46064477.716684379
skin_iota10,954,26.336673346693388,0.17463374677547369,46203002.483174719
skin_iota10,955,26.432865731462925,0.1745785948698006,46341540.044735722
skin_iota10,956,26.529058116232466,0.17452390850823571,46480090.239626691
skin_iota10,957,26.625250501002004,0.17446968206133964,46618652.90880283
skin_iota10,958,26.721442885771545,0.17441590998740777,46757227.895859987
skin_iota10,959,26.817635270541082,0.17436258683080577,46895815.046980374
skin_iota10,960,26.913827655310619,0.17430970722034231,47034414.210880004
skin_iota10,961,27.01002004008016,0.17425726586767742,47173025.238757052
skin_iota10,962,27.106212424849698,0.17420525756576696,47311647.984241664
skin_iota10,963,27.202404809619239,0.17415367718734046,47450282.303346895
skin_iota10,964,27.298597194388776,0.1741025196834132,47588928.054420762
skin_iota10,965,27.394789579158317,0.17405178008183023,47727585.098099642
skin_iota10,966,27.490981963927855,0.17400145348584303,47866253.297262534
skin_iota10,967,27.587174348697395,0.17395153507271613,48004932.516986527
skin_iota10,968,27.683366733466933,0.17390202009236469,48143622.62450327
skin_iota10,969,27.779559118236474,0.17385290386602154,48282323.489156529
skin_iota10,970,27.875751503006011,0.17380418178493257,48421034.982360654
skin_iota10,971,27.971943887775552,0.17375584930908047,48559756.977560081
skin_iota10,972,28.06813627254509,0.17370790196593566,48698489.350189716
skin_iota10,973,28.164328657314631,0.17366033534923386,48837231.97763627
skin_iota10,974,28.260521042084168,0.17361314511778006,48975984.739200443
skin_iota10,975,28.356713426853709,0.17356632699427701,49114747.51606001
skin_iota10,976,28.452905811623246,0.17351987676417999,49253520.191233903
skin_iota10,977,28.549098196392787,0.17347379027457357,49392302.649546601
skin_iota10,978,28.645290581162325,0.17342806343307426,49531094.777594067
skin_iota10,979,28.741482965931862,0.17338269220675456,49669896.463709868
skin_iota10,980,28.837675350701403,0.17333767262108996,49808707.597932257
skin_iota10,981,28.93386773547094,0.17329300075892817,49947528.071972027
skin_iota10,982,29.030060120240481,0.17324867275947925,50086357.779181123
skin_iota10,983,29.126252505010019,0.17320468481732718,50225196.614521749
skin_iota10,984,29.22244488977956,0.17316103318146109,50364044.474536411
skin_iota10,985,29.318637274549097,0.17311771415432706,50502901.257318474
skin_iota10,986,29.414829659318638,0.17307472409089927,50641766.862483397
skin_iota10,987,29.511022044088175,0.17303205939776942,50780641.191140585
skin_iota10,988,29.607214428857716,0.17298971653225634,50919524.145866014
skin_iota10,989,29.703406813627254,0.17294769200153115,51058415.630675055
skin_iota10,990,29.799599198396795,0.17290598236176286,51197315.550996497
skin_iota10,991,29.895791583166332,0.17286458421727932,51336223.813646458
skin_iota10,992,29.991983967935873,0.17282349421974591,51475140.326803461
skin_iota10,993,30.08817635270541,0.17278270906736035,51614064.999983668
skin_iota10,994,30.184368737474951,0.17274222550406385,51752997.744016699
skin_iota10,995,30.280561122244489,0.1727020403187679,51891938.471022137
skin_iota10,996,30.37675350701403,0.17266215034459648,52030887.094386399
skin_iota10,997,30.472945891783567,0.17262255245814301,52169843.528740063
skin_iota10,998,30.569138276553105,0.17258324357874266,52308807.689935811
skin_iota10,999,30.665330661322646,0.17254422066775824,52447779.495026745
skin_iota10,1000,30.761523046092183,0.17250548072788041,52586758.862245135
skin_iota10,1001,30.857715430861724,0.17246702080244197,52725745.710981727
skin_iota10,1002,30.953907815631261,0.17242883797474504,52864739.961765364
skin_iota10,1003,31.050100200400802,0.17239092936740136,53003741.536243103
skin_iota10,1004,31.14629258517034,0.17235329214168574,53142750.357160695
skin_iota10,1005,31.242484969939881,0.17231592349690183,53281766.348343529
skin_iota10,1006,31.338677354709418,0.1722788206697603,53420789.434677914
skin_iota10,1007,31.434869739478959,0.17224198093376847,53559819.5420928
skin_iota10,1008,31.531062124248496,0.17220540159863246,53698856.597541809
skin_iota10,1009,31.627254509018037,0.17216908000967004,53837900.528985672
skin_iota10,1010,31.723446893787575,0.1721330135472352,53976951.265375078
skin_iota10,1011,31.819639278557116,0.17209719962615322,54116008.736633711
skin_iota10,1012,31.915831663326653,0.17206163569516697,54255072.873641782
skin_iota10,1013,32.012024048096194,0.17202631923639339,54394143.608219892
skin_iota10,1014,32.108216432865731,0.17199124776479005,54533220.873113073
skin_iota10,1015,32.204408817635269,0.17195641882763221,54672304.601975352
skin_iota10,1016,32.300601202404806,0.17192183000399919,54811394.729354382
skin_iota10,1017,32.396793587174344,0.17188747890427078,54950491.190676682
skin_iota10,1018,32.492985971943888,0.17185336316963282,55089593.922232896
skin_iota10,1019,32.589178356713425,0.17181948047159182,55228702.861163408
skin_iota10,1020,32.68537074148297,0.17178582851149901,55367817.945444427
skin_iota10,1021,32.781563126252507,0.17175240502008288,55506939.113874093
skin_iota10,1022,32.877755511022045,0.17171920775699026,55646066.306058966
skin_iota10,1023,32.973947895791582,0.17168623451033629,55785199.462400854
skin_iota10,1024,33.07014028056112,0.17165348309626224,55924338.524083808
skin_iota10,1025,33.166332665330657,0.17162095135850125,56063483.43306125
skin_iota10,1026,33.262525050100201,0.17158863716795258,56202634.132043682
skin_iota10,1027,33.358717434869739,0.17155653842226329,56341790.564486265
skin_iota10,1028,33.454909819639283,0.17152465304541739,56480952.674576938
skin_iota10,1029,33.551102204408821,0.17149297898733237,56620120.407224484
skin_iota10,1030,33.647294589178358,0.17146151422346387,56759293.708047226
skin_iota10,1031,33.743486973947896,0.17143025675441589,56898472.523361355
skin_iota10,1032,33.839679358717433,0.17139920460555938,57037656.800170109
skin_iota10,1033,33.93587174348697,0.17136835582665716,57176846.486152656
skin_iota10,1034,34.032064128256515,0.17133770849149529,57316041.529653482
skin_iota10,1035,34.128256513026052,0.1713072606975215,57455241.879671924
skin_iota10,1036,34.22444889779559,0.17127701056548958,57594447.485851705
skin_iota10,1037,34.320641282565127,0.17124695623911029,57733658.298471048
skin_iota10,1038,34.416833667334672,0.17121709588470846,57872874.268432565
skin_iota10,1039,34.513026052104209,0.1711874276908861,58012095.347253591
skin_iota10,1040,34.609218436873746,0.17115794986819119,58151321.48705665
skin_iota10,1041,34.705410821643284,0.17112866064879284,58290552.640560001
skin_iota10,1042,34.801603206412828,0.17109955828616139,58429788.761068568
skin_iota10,1043,34.897795591182366,0.17107064105475453,58569029.802464664
skin_iota10,1044,34.993987975951903,0.17104190724970897,58708275.719199352
skin_iota10,1045,35.09018036072144,0.17101335518653721,58847526.466283679
skin_iota10,1046,35.186372745490985,0.17098498320082947,58986781.999279998
skin_iota10,1047,35.282565130260522,0.17095678964796107,59126042.274293736
skin_iota10,1048,35.37875751503006,0.17092877290280453,59265307.247965015
skin_iota10,1049,35.474949899799597,0.17090093135944695,59404576.877460681
skin_iota10,1050,35.571142284569142,0.17087326343091172,59543851.12046627
skin_iota10,1051,35.667334669338679,0.1708457675488857,59683129.935178198
skin_iota10,1052,35.763527054108216,0.17081844216345021,59822413.280296154
skin_iota10,1053,35.859719438877754,0.17079128574281727,59961701.115015581
skin_iota10,1054,35.955911823647291,0.17076429677306995,60100993.39902018
skin_iota10,1055,36.052104208416836,0.17073747375790718,60240290.092474729
skin_iota10,1056,36.148296593186373,0.17071081521839271,60379591.1560179
skin_iota10,1057,36.244488977955911,0.17068431969270886,60518896.550755315
skin_iota10,1058,36.340681362725448,0.17065798573591337,60658206.238252617
skin_iota10,1059,36.436873747494992,0.17063181191970164,60797520.180528745
skin_iota10,1060,36.53306613226453,0.17060579683217153,60936838.340049133
skin_iota10,1061,36.629258517034067,0.17057993907759317,61076160.679719463
skin_iota10,1062,36.725450901803605,0.17055423727618202,61215487.16287902
skin_iota10,1063,36.821643286573149,0.17052869006387583,61354817.753294423
skin_iota10,1064,36.917835671342687,0.17050329609211545,61494152.415153518
skin_iota10,1065,37.014028056112224,0.17047805402762869,61633491.11305923
skin_iota10,1066,37.110220440881761,0.17045296255221862,61772833.812023543
skin_iota10,1067,37.206412825651306,0.17042802036255444,61912180.47746177
skin_iota10,1068,37.302605210420843,0.17040322616996625,62051531.075186536
skin_iota10,1069,37.398797595190381,0.17037857870024337,62190885.571402311
skin_iota10,1070,37.494989979959918,0.17035407669343519,62330243.932699725
skin_iota10,1071,37.591182364729455,0.170329718903656,62469606.126050122
skin_iota10,1072,37.687374749499,0.17030550409889259,62608972.118800141
skin_iota10,1073,37.783567134268537,0.17028143106081498,62748341.878666334
skin_iota10,1074,37.879759519038075,0.17025749858459052,62887715.373730108
skin_iota10,1075,37.975951903807612,0.17023370547870031,63027092.572432503
skin_iota10,1076,38.072144288577157,0.1702100505647593,63166473.443569198
skin_iota10,1077,38.168336673346694,0.17018653267733871,63305857.956285425
skin_iota10,1078,38.264529058116231,0.17016315066379173,63445246.080071256
skin_iota10,1079,38.360721442885769,0.17013990338408158,63584637.784756765
skin_iota10,1080,38.456913827655313,0.17011678971061236,63724033.040507242
skin_iota10,1081,38.553106212424851,0.17009380852806305,63863431.817818634
skin_iota10,1082,38.649298597194388,0.17007095873322362,64002834.087512985
skin_iota10,1083,38.745490981963925,0.1700482392348335,64142239.820733801
skin_iota10,1084,38.84168336673347,0.17002564895342365,64281648.988941945
skin_iota10,1085,38.937875751503007,0.17000318682115989,64421061.563911006
skin_iota10,1086,39.034068136272545,0.16998085178168942,64560477.517723136
skin_iota10,1087,39.130260521042082,0.16995864278998932,64699896.822764918
skin_iota10,1088,39.226452905811627,0.16993655881221789,64839319.451723129
skin_iota10,1089,39.322645290581164,0.16991459882556784,64978745.37758071
skin_iota10,1090,39.418837675350701,0.16989276181812205,65118174.573612824
skin_iota10,1091,39.515030060120239,0.16987104678871101,65257607.013382822
skin_iota10,1092,39.611222444889776,0.16984945274677357,65397042.670738503
skin_iota10,1093,39.707414829659321,0.16982797871221869,65536481.519808225
skin_iota10,1094,39.803607214428858,0.16980662371528968,65675923.534997046
skin_iota10,1095,39.899799599198396,0.16978538679643088,65815368.690983281
skin_iota10,1096,39.995991983967933,0.16976426700615599,65954816.962714702
skin_iota10,1097,40.092184368737477,0.16974326340491847,66094268.325405002
skin_iota10,1098,40.188376753507015,0.16972237506298407,66233722.754530348
skin_iota10,1099,40.284569138276552,0.16970160106030485,66373180.225825757
skin_iota10,1100,40.38076152304609,0.1696809404863959,66512640.715281866
skin_iota10,1101,40.476953907815634,0.16966039244021297,66652104.199141532
skin_iota10,1102,40.573146292585172,0.1696399560300329,66791570.653896481
skin_iota10,1103,40.669338677354709,0.16961963037333486,66931040.056284055
skin_iota10,1104,40.765531062124246,0.16959941459668429,67070512.383284099
skin_iota10,1105,40.861723446893791,0.16957930783561784,67209987.6121158
skin_iota10,1106,40.957915831663328,0.16955930923453075,67349465.720234469
skin_iota10,1107,41.054108216432866,0.16953941794656499,67488946.685328603
skin_iota10,1108,41.150300601202403,0.16951963313349996,67628430.485316902
skin_iota10,1109,41.24649298597194,0.16949995396564421,67767917.098345205
skin_iota10,1110,41.342685370741485,0.16948037962172915,67907406.502783686
skin_iota10,1111,41.438877755511022,0.16946090928880397,68046898.677223861
skin_iota10,1112,41.53507014028056,0.16944154216213236,68186393.600475937
skin_iota10,1113,41.631262525050097,0.16942227744509086,68325891.251565889
skin_iota10,1114,41.727454909819642,0.16940311434906805,68465391.609732762
skin_iota10,1115,41.823647294589179,0.16938405209336607,68604894.654425964
skin_iota10,1116,41.919839679358716,0.16936508990510321,68744400.365302667
skin_iota10,1117,42.016032064128254,0.16934622701911756,68883908.722225159
skin_iota10,1118,42.112224448897798,0.16932746267787255,69023419.705258176
skin_iota10,1119,42.208416833667336,0.16930879613136382,69162933.294666514
skin_iota10,1120,42.304609218436873,0.16929022663702717,69302449.470912471
skin_iota10,1121,42.400801603206411,0.16927175345964798,69441968.214653343
skin_iota10,1122,42.496993987975955,0.1692533758712719,69581489.50673905
skin_iota10,1123,42.593186372745492,0.16923509315111715,69721013.328209683
skin_iota10,1124,42.68937875751503,0.1692169045854871,69860539.660293207
skin_iota10,1125,42.785571142284567,0.16919880946768565,70000068.484403133
skin_iota10,1126,42.881763527054112,0.16918080709793229,70139599.782136321
skin_iota10,1127,42.977955911823649,0.1691628967832792,70279133.535270408
skin_iota10,1128,43.074148296593187,0.16914507783752963,70418669.725762084
skin_iota10,1129,43.170340681362724,0.16912734958115669,70558208.335744396
skin_iota10,1130,43.266533066132261,0.1691097113412241,70697749.347525015
skin_iota10,1131,43.362725450901806,0.16909216245130751,70837292.743583769
skin_iota10,1132,43.458917835671343,0.16907470225141738,70976838.506570876
skin_iota10,1133,43.555110220440881,0.16905733008792234,71116386.619304582
skin_iota10,1134,43.651302605210418,0.16904004531347433,71255937.064769387
skin_iota10,1135,43.747494989979963,0.16902284728693417,71395489.82611382
skin_iota10,1136,43.8436873747495,0.16900573537329866,71535044.886648595
skin_iota10,1137,43.939879759519037,0.16898870894362819,71674602.229844689
skin_iota10,1138,44.036072144288575,0.16897176737497596,71814161.839331299
skin_iota10,1139,44.132264529058119,0.16895491005031757,71953723.698894143
skin_iota10,1140,44.228456913827657,0.16893813635848201,72093287.792473286
skin_iota10,1141,44.324649298597194,0.16892144569408357,72232854.104161724
skin_iota10,1142,44.420841683366731,0.16890483745745422,72372422.618203193
skin_iota10,1143,44.517034068136276,0.16888831105457772,72511993.318990543
skin_iota10,1144,44.613226452905813,0.16887186589702385,72651566.191064104
skin_iota10,1145,44.709418837675351,0.16885550140188421,72791141.219109684
skin_iota10,1146,44.805611222444888,0.16883921699170817,72930718.387957036
skin_iota10,1147,44.901803607214426,0.16882301209444037,73070297.682578176
skin_iota10,1148,44.99799599198397,0.16880688614335876,73209879.088085636
skin_iota10,1149,45.094188376753507,0.16879083857701363,73349462.589730918
skin_iota10,1150,45.190380761523045,0.16877486883916687,73489048.172902688
skin_iota10,1151,45.286573146292582,0.16875897637873322,73628635.823125497
skin_iota10,1152,45.382765531062127,0.168743160649721,73768225.526057914
skin_iota10,1153,45.478957915831664,0.16872742111117492,73907817.267491147
skin_iota10,1154,45.575150300601202,0.16871175722711815,74047411.033347428
skin_iota10,1155,45.671342685370739,0.16869616846649674,74187006.809678525
skin_iota10,1156,45.767535070140283,0.1686806543031239,74326604.582664371
skin_iota10,1157,45.863727454909821,0.16866521421562489,74466204.338611335
skin_iota10,1158,45.959919839679358,0.16864984768738334,74605806.063951045
skin_iota10,1159,46.056112224448896,0.16863455420648754,74745409.745238841
skin_iota10,1160,46.15230460921844,0.16861933326567796,74885015.369152352
skin_iota10,1161,46.248496993987978,0.16860418436229541,75024622.92249015
skin_iota10,1162,46.344689378757515,0.16858910699822946,75164232.39217034
skin_iota10,1163,46.440881763527052,0.16857410067986797,75303843.76522927
skin_iota10,1164,46.53707414829659,0.16855916491804751,75443457.028820127
skin_iota10,1165,46.633266533066134,0.16854429922800337,75583072.170211703
skin_iota10,1166,46.729458917835672,0.16852950312932155,75722689.176787034
skin_iota10,1167,46.825651302605209,0.16851477614589053,75862308.036042064
skin_iota10,1168,46.921843687374746,0.16850011780585392,76001928.735584646
skin_iota10,1169,47.018036072144291,0.16848552764156366,76141551.263132855
skin_iota10,1170,47.114228456913828,0.16847100518953406,76281175.606514305
skin_iota10,1171,47.210420841683366,0.16845654999039594,76420801.753664345
skin_iota10,1172,47.306613226452903,0.16844216158885203,76560429.692625403
skin_iota10,1173,47.402805611222448,0.16842783953363241,76700059.411545485
skin_iota10,1174,47.498997995991985,0.16841358337745055,76839690.898677021
skin_iota10,1175,47.595190380761522,0.16839939267696058,76979324.142375886
skin_iota10,1176,47.69138276553106,0.16838526699271406,77118959.131100148
skin_iota10,1177,47.787575150300604,0.16837120588911789,77258595.853408858
skin_iota10,1178,47.883767535070142,0.1683572089343934,77398234.29796119
skin_iota10,1179,47.979959919839679,0.16834327570053442,77537874.453515142
skin_iota10,1180,48.076152304609217,0.16832940576326719,77677516.308926597
skin_iota10,1181,48.172344689378761,0.16831559870201021,77817159.853148133
skin_iota10,1182,48.268537074148298,0.16830185409983478,77956805.075228006
skin_iota10,1183,48.364729458917836,0.16828817154342604,78096451.964309245
skin_iota10,1184,48.460921843687373,0.16827455062304428,78236100.50962846
skin_iota10,1185,48.557114228456911,0.16826099093248698,78375750.700514913
skin_iota10,1186,48.653306613226455,0.16824749206905135,78515402.526389569
skin_iota10,1187,48.749498997995993,0.16823405363349708,78655055.976764008
skin_iota10,1188,48.84569138276553,0.16822067523000991,78794711.041239485
skin_iota10,1189,48.941883767535067,0.16820735646616525,78934367.709506035
skin_iota10,1190,49.038076152304612,0.16819409695289256,79074025.971341535
skin_iota10,1191,49.134268537074149,0.16818089630444016,79213685.816610619
skin_iota10,1192,49.230460921843687,0.16816775413834048,79353347.235263959
skin_iota10,1193,49.326653306613224,0.16815467007537521,79493010.217337191
skin_iota10,1194,49.422845691382769,0.16814164373954193,79632674.752950102
skin_iota10,1195,49.519038076152306,0.16812867475802021,79772340.832305729
skin_iota10,1196,49.615230460921843,0.16811576276113854,79912008.445689529
skin_iota10,1197,49.711422845691381,0.16810290738234165,80051677.583468378
skin_iota10,1198,49.807615230460925,0.16809010825815812,80191348.23608987
skin_iota10,1199,49.903807615230463,0.16807736502816856,80331020.394081369
skin_iota10,1200,50,0.16806467733497402,80470694.048049241
skin_iota10,1201,50,0.16806467733497402,80470694.048049241
skin_iota10,1202,50.501002004008015,0.16799947984501873,81198184.823310092
skin_iota10,1203,51.00200400801603,0.16793573064491382,81925714.648450688
skin_iota10,1204,51.503006012024045,0.1678733829963911,82653282.294475809
skin_iota10,1205,52.004008016032067,0.16781239211915744,83380886.583533078
skin_iota10,1206,52.505010020040082,0.1677527150907113,84108526.386277676
skin_iota10,1207,53.006012024048097,0.16769431075218491,84836200.619398832
skin_iota10,1208,53.507014028056112,0.16763713961979723,85563908.243295833
skin_iota10,1209,54.008016032064127,0.16758116380153612,86291648.259893358
skin_iota10,1210,54.509018036072142,0.16752634691871396,87019419.710586682
skin_iota10,1211,55.010020040080164,0.16747265403207215,87747221.674307957
skin_iota10,1212,55.511022044088179,0.16742005157213002,88475053.265704244
skin_iota10,1213,56.012024048096194,0.16736850727350111,89202913.633421704
skin_iota10,1214,56.513026052104209,0.16733612091319225,89929561.880368367
skin_iota10,1215,57.014028056112224,0.16731167763868432,90655791.409350067
skin_iota10,1216,57.515030060120239,0.16729860085341275,91381383.759484828
skin_iota10,1217,58.016032064128254,0.16729661966730394,92106374.857677564
skin_iota10,1218,58.517034068136269,0.16730547165256557,92830799.28771846
skin_iota10,1219,59.018036072144291,0.16732490251554888,93554690.350452214
skin_iota10,1220,59.519038076152306,0.16735466578376104,94278080.120797247
skin_iota10,1221,60.020040080160321,0.16739452250721776,95000999.501802564
skin_iota10,1222,60.521042084168336,0.16744424097337654,95723478.275918558
skin_iota10,1223,61.022044088176351,0.16750359643493387,96445545.153644502
skin_iota10,1224,61.523046092184373,0.16757237084981597,97167227.819707334
skin_iota10,1225,62.024048096192388,0.16765035263272826,97888552.976912707
skin_iota10,1226,62.525050100200403,0.167737336417671,98609546.387804538
skin_iota10,1227,63.026052104208418,0.16783312283085869,99330232.914255902
skin_iota10,1228,63.527054108216433,0.16793751827351569,100050636.55510989
skin_iota10,1229,64.028056112224448,0.16805033471405198,100770780.4819798
skin_iota10,1230,64.529058116232463,0.16817138948914725,101490687.07331079
skin_iota10,1231,65.030060120240478,0.16830050511330288,102210377.94679996
skin_iota10,1232,65.531062124248493,0.16843750909644462,102929873.99026553
skin_iota10,1233,66.032064128256508,0.16858223376917897,103649195.39104846
skin_iota10,1234,66.533066132264537,0.16873451611533535,104368361.66402827
skin_iota10,1235,67.034068136272538,0.16889419761143704,105087391.67832503
skin_iota10,1236,67.535070140280567,0.16906112407277435,105806303.68276091
skin_iota10,1237,68.036072144288582,0.16923514550575933,106525115.33014396
skin_iota10,1238,68.537074148296597,0.16941611596627129,107243843.70043932
skin_iota10,1239,69.038076152304612,0.16960389342370563,107962505.32288352
skin_iota10,1240,69.539078156312627,0.16979833963046406,108681116.19709894
skin_iota10,1241,70.040080160320642,0.16999931999663154,109399691.8132588
skin_iota10,1242,70.541082164328657,0.17020670346960146,110118247.171352
skin_iota10,1243,71.042084168336672,0.17042036241842407,110836796.79959382
skin_iota10,1244,71.543086172344687,0.17064017252266089,111555354.7720252
skin_iota10,1245,72.044088176352702,0.17086601266554316,112273934.72534217
skin_iota10,1246,72.545090180360717,0.17109776483124134,112992549.87499359
skin_iota10,1247,73.046092184368746,0.17133531400606117,113711213.03058332
skin_iota10,1248,73.547094188376747,0.17157854808339301,114429936.61061148
skin_iota10,1249,74.048096192384776,0.17182735777224944,115148732.65658748
skin_iota10,1250,74.549098196392791,0.17208163650923294,115867612.84654455
skin_iota10,1251,75.050100200400806,0.17234128037378607,116586588.50798579
skin_iota10,1252,75.551102204408821,0.17260618800658067,117305670.6302885
skin_iota10,1253,76.052104208416836,0.17287626053091268,118024869.87659281
skin_iota10,1254,76.553106212424851,0.17315140147697264,118744196.59519924
skin_iota10,1255,77.054108216432866,0.17343151670887177,119463660.8304978
skin_iota10,1256,77.555110220440881,0.17371651435430574,120183272.3334523
skin_iota10,1257,78.056112224448896,0.17400630473674636,120903040.57165807
skin_iota10,1258,78.557114228456911,0.17430080031005568,121622974.73899546
skin_iota10,1259,79.058116232464926,0.17459991559542187,122343083.76489562
skin_iota10,1260,79.559118236472941,0.17490356712052166,123063376.32323794
skin_iota10,1261,80.060120240480956,0.17521167336081825,123783860.84089486
skin_iota10,1262,80.561122244488985,0.17552415468290719,124504545.50594093
skin_iota10,1263,81.062124248496986,0.17584093328982711,125225438.2755398
skin_iota10,1264,81.563126252505015,0.17616193316825809,125946546.88352574
skin_iota10,1265,82.064128256513015,0.17648708003752947,126667878.84769079
skin_iota10,1266,82.565130260521045,0.17681630130036763,127389441.47679308
skin_iota10,1267,83.06613226452906,0.17714952599531245,128111241.8772956
skin_iota10,1268,83.567134268537075,0.17748668475073959,128833286.959851
skin_iota10,1269,84.06813627254509,0.1778277097404227,129555583.44553964
skin_iota10,1270,84.569138276553105,0.17817253464057889,130278137.8718743
skin_iota10,1271,85.07014028056112,0.17852109458833695,131000956.59857991
skin_iota10,1272,85.571142284569135,0.178873326141576,131724045.81315938
skin_iota10,1273,86.072144288577164,0.17922916724008103,132447411.53625314
skin_iota10,1274,86.573146292585164,0.17958855716796485,133171059.62680185
skin_iota10,1275,87.074148296593194,0.17995143651731008,133894995.78702126
skin_iota10,1276,87.575150300601194,0.18031774715298318,134619225.5671955
skin_iota10,1277,88.076152304609224,0.18068743217857855,135343754.37029725
skin_iota10,1278,88.577154308617224,0.18106043590344892,136068587.45644259
skin_iota10,1279,89.078156312625254,0.1814367038107835,136793729.94718584
skin_iota10,1280,89.579158316633269,0.18181618252669357,137519186.82966202
skin_iota10,1281,90.080160320641284,0.18219881979027,138244962.960583
skin_iota10,1282,90.581162324649299,0.18258456442457657,138971063.07009295
skin_iota10,1283,91.082164328657313,0.18297336630854488,139697491.76548865
skin_iota10,1284,91.583166332665328,0.18336517634973892,140424253.53481087
skin_iota10,1285,92.084168336673343,0.18375994645795785,141151352.75031093
skin_iota10,1286,92.585170340681373,0.18415762951964687,141878793.67179811
skin_iota10,1287,93.086172344689373,0.18455817937308797,142606580.4498724
skin_iota10,1288,93.587174348697403,0.18496155078434182,143334717.12904698
skin_iota10,1289,94.088176352705403,0.18536769942391615,144063207.65076455
skin_iota10,1290,94.589178356713433,0.18577658184413304,144792055.85631257
skin_iota10,1291,95.090180360721433,0.18618815545717382,145521265.48964024
skin_iota10,1292,95.591182364729463,0.18660237851377326,146250840.20008084
skin_iota10,1293,96.092184368737477,0.18701921008254693,146980783.54498491
skin_iota10,1294,96.593186372745492,0.18743861002992443,147711098.99226522
skin_iota10,1295,97.094188376753507,0.18786053900067035,148441789.92285857
skin_iota10,1296,97.595190380761522,0.18828495839897338,149172859.63310665
skin_iota10,1297,98.096192384769537,0.18871183037008343,149904311.33705989
skin_iota10,1298,98.597194388777552,0.18914111778247777,150636148.16870606
skin_iota10,1299,99.098196392785582,0.18957278421054033,151368373.18412709
skin_iota10,1300,99.599198396793582,0.19000679391773531,152100989.3635872
skin_iota10,1301,100.10020040080161,0.19044311184025903,152833999.61355338
skin_iota10,1302,100.60120240480961,0.19088170357115578,153567406.76865262
skin_iota10,1303,101.10220440881764,0.19132253534487947,154301213.59356633
skin_iota10,1304,101.60320641282564,0.19176557402228922,155035422.78486553
skin_iota10,1305,102.10420841683367,0.19221078707606437,155770036.97278896
skin_iota10,1306,102.60521042084169,0.19265814257652236,156505058.72296458
skin_iota10,1307,103.1062124248497,0.19310760917783168,157240490.5380789
skin_iota10,1308,103.60721442885772,0.193559156104602,157976334.85949346
skin_iota10,1309,104.10821643286573,0.19401275313884331,158712594.06881291
skin_iota10,1310,104.60921843687375,0.19446837060727945,159449270.48940387
skin_iota10,1311,105.11022044088176,0.19492597936900727,160186366.38786843
skin_iota10,1312,105.61122244488978,0.19538555080348835,160923883.97547203
skin_iota10,1313,106.11222444889779,0.1958470567988648,161661825.40952915
skin_iota10,1314,106.61322645290582,0.19631046974058719,162400192.79474673
skin_iota10,1315,107.11422845691382,0.1967757625003464,163138988.18452767
skin_iota10,1316,107.61523046092185,0.19724290842529874,163878213.5822351
skin_iota10,1317,108.11623246492985,0.19771188132757675,164617870.94241983
skin_iota10,1318,108.61723446893788,0.19818265547407468,165357962.17201066
skin_iota10,1319,109.11823647294588,0.19865520557650351,166098489.13147065
skin_iota10,1320,109.61923847695391,0.19912950678170352,166839453.63591871
skin_iota10,1321,110.12024048096193,0.19960553466220923,167580857.4562189
skin_iota10,1322,110.62124248496994,0.20008326520705944,168322702.32003838
skin_iota10,1323,111.12224448897796,0.20056267481284185,169064989.91287401
skin_iota10,1324,111.62324649298597,0.20104374027496899,169807721.87905046
skin_iota10,1325,112.12424849699399,0.2015264387791762,170550899.82268852
skin_iota10,1326,112.625250501002,0.20201074789323578,171294525.3086468
skin_iota10,1327,113.12625250501003,0.20249664555888078,172038599.8634364
skin_iota10,1328,113.62725450901803,0.20298411008393333,172783124.97610956
skin_iota10,1329,114.12825651302605,0.20347312013462904,173528102.099123
skin_iota10,1330,114.62925851703407,0.20396365472813446,174273532.64917806
skin_iota10,1331,115.13026052104209,0.20445569322525081,175019418.00803593
skin_iota10,1332,115.6312625250501,0.20494921532329743,175765759.52331161
skin_iota10,1333,116.13226452905812,0.2054442010491723,176512558.50924507
skin_iota10,1334,116.63326653306613,0.20594063075258312,177259816.24745119
skin_iota10,1335,117.13426853707415,0.2064384850994426,178007533.98764941
skin_iota10,1336,117.63527054108216,0.20693774506542703,178755712.94837305
skin_iota10,1337,118.13627254509018,0.20743839192968908,179504354.31765974
skin_iota10,1338,118.63727454909819,0.20794040726872509,180253459.25372249
skin_iota10,1339,119.13827655310621,0.20844377295038774,181003028.88560352
skin_iota10,1340,119.63927855711422,0.20894847112804427,181753064.31380931
skin_iota10,1341,120.14028056112224,0.20945448423487328,182503566.61092994
skin_iota10,1342,120.64128256513025,0.20996179497829737,183254536.82224047
skin_iota10,1343,121.14228456913828,0.21047038633454873,184005975.96628782
skin_iota10,1344,121.6432865731463,0.21098024154336156,184757885.03546086
skin_iota10,1345,122.14428857715431,0.21149134410279072,185510264.99654576
skin_iota10,1346,122.64529058116233,0.21200367776415122,186263116.79126757
skin_iota10,1347,123.14629258517034,0.21251722652707578,187016441.33681631
skin_iota10,1348,123.64729458917836,0.21303197463468732,187770239.52636027
skin_iota10,1349,124.14829659318637,0.21354790656888345,188524512.2295455
skin_iota10,1350,124.64929859719439,0.21406500704572989,189279260.29298261
skin_iota10,1351,125.1503006012024,0.21458326101095904,190034484.54072097
skin_iota10,1352,125.65130260521042,0.21510265363557265,190790185.77471042
skin_iota10,1353,126.15230460921843,0.21562317031154388,191546364.77525181
skin_iota10,1354,126.65330661322645,0.21614479664761768,192303022.30143526
skin_iota10,1355,127.15430861723446,0.21666751846520543,193060159.09156772
skin_iota10,1356,127.65531062124248,0.21719132179437375,193817775.86359006
skin_iota10,1357,128.15631262525051,0.21771619286992108,194575873.31548259
skin_iota10,1358,128.65731462925851,0.2182421181275441,195334452.12566131
skin_iota10,1359,129.15831663326654,0.21876908420008884,196093512.95336425
skin_iota10,1360,129.65931863727457,0.21929707791388467,196853056.43902677
skin_iota10,1361,130.16032064128257,0.21982608628516032,197613083.20465013
skin_iota10,1362,130.66132264529057,0.22035609651653873,198373593.85415834
skin_iota10,1363,131.1623246492986,0.22088709599360765,199134588.97374731
skin_iota10,1364,131.66332665330663,0.22141907228156743,199896069.13222578
skin_iota10,1365,132.16432865731463,0.22195201312195034,200658034.88134727
skin_iota10,1366,132.66533066132263,0.22248590642941143,201420486.75613394
skin_iota10,1367,133.16633266533066,0.2230207402885897,202183425.27519313
skin_iota10,1368,133.66733466933869,0.22355650295103605,202946850.94102514
skin_iota10,1369,134.16833667334669,0.22409318283220711,203710764.24032491
skin_iota10,1370,134.66933867735472,0.22463076850852534,204475165.6442757
skin_iota10,1371,135.17034068136275,0.225169248714499,205240055.60883519
skin_iota10,1372,135.67134268537075,0.22570861233990583,206005434.57501593
skin_iota10,1373,136.17234468937875,0.22624884842703516,206771302.96915832
skin_iota10,1374,136.67334669338678,0.22678994616798845,207537661.20319691
skin_iota10,1375,137.17434869739481,0.22733189490203679,208304509.6749213
skin_iota10,1376,137.67535070140281,0.22787468411303408,209071848.76823014
skin_iota10,1377,138.17635270541081,0.22841830342688321,209839678.85337868
skin_iota10,1378,138.67735470941884,0.22896274260905661,210608000.28722218
skin_iota10,1379,139.17835671342687,0.22950799156216647,211376813.41345185
skin_iota10,1380,139.67935871743487,0.23005404032358703,212146118.5628264
skin_iota10,1381,140.18036072144287,0.23060087906312379,212915916.05339763
skin_iota10,1382,140.6813627254509,0.23114849808073304,213686206.19073105
skin_iota10,1383,141.18236472945893,0.23169688780428546,214456989.26812151
skin_iota10,1384,141.68336673346693,0.2322460387873776,215228265.56680334
skin_iota10,1385,142.18436873747495,0.23279594170718609,216000035.35615638
skin_iota10,1386,142.68537074148298,0.23334658736236691,216772298.89390695
skin_iota10,1387,143.18637274549098,0.23389796667099513,217545056.42632371
skin_iota10,1388,143.68737474949899,0.23445007066854859,218318308.18841037
skin_iota10,1389,144.18837675350701,0.23500289050592912,219092054.40409255
skin_iota10,1390,144.68937875751504,0.23555641744752609,219866295.28640151
skin_iota10,1391,145.19038076152304,0.23611064286931649,220641031.03765315
skin_iota10,1392,145.69138276553105,0.23666555825700378,221416261.84962314
skin_iota10,1393,146.19238476953907,0.23722115520419329,222191987.9037185
skin_iota10,1394,146.6933867735471,0.23777742541060337,222968209.37114441
skin_iota10,1395,147.1943887775551,0.23833436068031202,223744926.41306821
skin_iota10,1396,147.69539078156311,0.23889195292003801,224522139.18077976
skin_iota10,1397,148.19639278557116,0.23945019413745494,225299847.81584731
skin_iota10,1398,148.69739478957916,0.24000907643953867,226078052.45027077
skin_iota10,1399,149.19839679358716,0.24056859203094649,226856753.20663163
skin_iota10,1400,149.69939879759519,0.24112873321242817,227635950.19823897
skin_iota10,1401,150.20040080160322,0.24168949237926662,228415643.52927285
skin_iota10,1402,150.70140280561122,0.24225086201974938,229195833.29492399
skin_iota10,1403,151.20240480961922,0.24281283471366957,229976519.58153152
skin_iota10,1404,151.70340681362725,0.24337540313085398,230757702.46671605
skin_iota10,1405,152.20440881763528,0.24393856002972139,231539382.01951152
skin_iota10,1406,152.70541082164328,0.24450229825586581,232321558.30049294
skin_iota10,1407,153.20641282565128,0.24506661074066871,233104231.36190236
skin_iota10,1408,153.70741482965931,0.24563149049993582,233887401.24777108
skin_iota10,1409,154.20841683366734,0.24619693063256062,234671067.99404055
skin_iota10,1410,154.70941883767534,0.24676292431921168,235455231.62867945
skin_iota10,1411,155.21042084168337,0.24732946482104556,236239892.17179877
skin_iota10,1412,155.7114228456914,0.24789654547844373,237025049.63576487
skin_iota10,1413,156.2124248496994,0.24846415970977179,237810704.02530906
skin_iota10,1414,156.7134268537074,0.24903230101016244,238596855.3376365
skin_iota10,1415,157.21442885771543,0.24960096295032136,239383503.56253067
skin_iota10,1416,157.71543086172346,0.25017013917535363,240170648.68245772
skin_iota10,1417,158.21643286573146,0.25073982340361306,240958290.67266694
skin_iota10,1418,158.71743486973946,0.25131000942557175,241746429.50129077
skin_iota10,1419,159.21843687374749,0.25188069110271061,242535065.1294409
skin_iota10,1420,159.71943887775552,0.2524518623664293,243324197.51130387
skin_iota10,1421,160.22044088176352,0.25302351721697725,244113826.59423396
skin_iota10,1422,160.72144288577152,0.25359564972240273,244903952.31884405
skin_iota10,1423,161.22244488977955,0.25416825401752086,245694574.61909521
skin_iota10,1424,161.72344689378758,0.25412237138937283,245497304.43778399
skin_iota10,1425,162.22444889779558,0.25435558941025754,245745386.3632412
skin_iota10,1426,162.72545090180361,0.25458932898909559,245994000.89002419
skin_iota10,1427,163.22645290581164,0.2548235854822693,246243148.33281186
skin_iota10,1428,163.72745490981964,0.25505835430112234,246492829.00210318
skin_iota10,1429,164.22845691382764,0.2552936309111497,246743043.20428568
skin_iota10,1430,164.72945891783567,0.25552941083120145,246993791.24170271
skin_iota10,1431,165.2304609218437,0.25576568963269958,247245073.41271931
skin_iota10,1432,165.7314629258517,0.25600246293886963,247496890.01178566
skin_iota10,1433,166.2324649298597,0.25623972642398585,247749241.32950172
skin_iota10,1434,166.73346693386773,0.2564774758126282,248002127.65267822
skin_iota10,1435,167.23446893787576,0.25671570687895412,248255549.26439792
skin_iota10,1436,167.73547094188376,0.25695441544598152,248509506.44407544
skin_iota10,1437,168.23647294589176,0.25719359738488456,248763999.4675152
skin_iota10,1438,168.73747494989982,0.25743324861430178,249019028.60696951
skin_iota10,1439,169.23847695390782,0.25767336509965622,249274594.13119441
skin_iota10,1440,169.73947895791582,0.25791394285248653,249530696.30550554
skin_iota10,1441,170.24048096192385,0.25815497792979036,249787335.39183187
skin_iota10,1442,170.74148296593188,0.25839646643337827,250044511.64876896
skin_iota10,1443,171.24248496993988,0.25863840450923897,250302225.33163178
skin_iota10,1444,171.74348697394788,0.25888078834691552,250560476.69250539
skin_iota10,1445,172.24448897795591,0.25912361417889163,250819265.98029563
skin_iota10,1446,172.74549098196394,0.25936687827998783,251078593.44077799
skin_iota10,1447,173.24649298597194,0.25961057696676976,251338459.31664711
skin_iota10,1448,173.74749498997994,0.2598547065969638,251598863.84756318
skin_iota10,1449,174.24849699398797,0.26009926356888469,251859807.27019972
skin_iota10,1450,174.749498997996,0.26034424432087089,252121289.81828871
skin_iota10,1451,175.250501002004,0.26058964533073092,252383311.72266605
skin_iota10,1452,175.75150300601203,0.26083546311519745,252645873.2113156
skin_iota10,1453,176.25250501002006,0.26108169422939159,252908974.50941259
skin_iota10,1454,176.75350701402806,0.26132833526629534,253172615.83936661
skin_iota10,1455,177.25450901803606,0.2615753828562325,253436797.42086259
skin_iota10,1456,177.75551102204409,0.26182283366635933,253701519.47090337
skin_iota10,1457,178.25651302605209,0.2620706844001619,253966782.20384878
skin_iota10,1458,178.75751503006012,0.26231893179696275,254232585.8314555
skin_iota10,1459,179.25851703406815,0.26256757263143493,254498930.56291664
skin_iota10,1460,179.75951903807615,0.2628166037131246,254765816.60489956
skin_iota10,1461,180.26052104208418,0.26306602188598133,255033244.16158396
skin_iota10,1462,180.76152304609218,0.26331582402789433,255301213.4346976
skin_iota10,1463,181.26252505010021,0.2635660070502388,255569724.62355399
skin_iota10,1464,181.76352705410821,0.26381656789742741,255838777.92508695
skin_iota10,1465,182.26452905811624,0.26406750354647002,256108373.5338867
skin_iota10,1466,182.76553106212424,0.26431881100654026,256378511.64223301
skin_iota10,1467,183.26653306613227,0.26457048731854876,256649192.44013032
skin_iota10,1468,183.76753507014027,0.2648225295547228,256920416.11533949
skin_iota10,1469,184.2685370741483,0.26507493481819427,257192182.85341179
skin_iota10,1470,184.7695390781563,0.26532770024259184,257464492.8377203
skin_iota10,1471,185.27054108216433,0.26558082299164143,257737346.24949172
skin_iota10,1472,185.77154308617236,0.26583430025877192,258010743.26783693
skin_iota10,1473,186.27254509018036,0.26608812926672687,258284684.06978169
skin_iota10,1474,186.77354709418839,0.26634230726718389,258559168.83029684
skin_iota10,1475,187.27454909819639,0.26659683154037794,258834197.72232753
skin_iota10,1476,187.77555110220442,0.26685169939473163,259109770.91682196
skin_iota10,1477,188.27655310621242,0.26710690816649096,259385888.58275989
skin_iota10,1478,188.77755511022045,0.26736245521936669,259662550.88718081
skin_iota10,1479,189.27855711422845,0.26761833794418138,259939757.99521112
skin_iota10,1480,189.77955911823648,0.26787455375852182,260217510.07009172
skin_iota10,1481,190.28056112224448,0.26813110010639646,260495807.27320361
skin_iota10,1482,190.78156312625251,0.26838797445789891,260774649.76409516
skin_iota10,1483,191.28256513026051,0.26864517430887475,261054037.70050654
skin_iota10,1484,191.78356713426854,0.26890269718059662,261333971.23839632
skin_iota10,1485,192.28456913827657,0.26916054061944078,261614450.53196537
skin_iota10,1486,192.78557114228457,0.26941870219657083,261895475.73368156
skin_iota10,1487,193.2865731462926,0.26967717950762482,262177046.99430403
skin_iota10,1488,193.7875751503006,0.2699359701724085,262459164.46290612
skin_iota10,1489,194.28857715430863,0.27019507183459218,262741828.28689963
skin_iota10,1490,194.78957915831663,0.27045448216141221,263025038.61205688
skin_iota10,1491,195.29058116232466,0.27071419884337727,263308795.58253342
skin_iota10,1492,195.79158316633266,0.27097421959397883,263593099.34089074
skin_iota10,1493,196.29258517034069,0.27123454214940579,263877950.02811655
skin_iota10,1494,196.79358717434869,0.27149516426826426,264163347.78364837
skin_iota10,1495,197.29458917835672,0.27175608373129928,264449292.74539226
skin_iota10,1496,197.79559118236472,0.27201729834112415,264735785.04974535
skin_iota10,1497,198.29659318637275,0.27227880592194992,265022824.83161536
skin_iota10,1498,198.79759519038078,0.2725406043193217,265310412.22444081
skin_iota10,1499,199.29859719438878,0.2728026913998578,265598547.36021107
skin_iota10,1500,199.79959919839681,0.27306506505099193,265887230.36948526
skin_iota10,1501,200.30060120240481,0.27332772318072085,266176461.38141182
skin_iota10,1502,200.80160320641284,0.27359066371735458,266466240.52374715
skin_iota10,1503,201.30260521042084,0.27385388460926985,266756567.92287406
skin_iota10,1504,201.80360721442887,0.27411738382466849,267047443.7038202
skin_iota10,1505,202.30460921843687,0.27438115935133833,267338867.99027601
skin_iota10,1506,202.8056112224449,0.27464520919641716,267630840.904612
skin_iota10,1507,203.3066132264529,0.27490953138616137,267923362.56789646
skin_iota10,1508,203.80761523046093,0.27517412396571755,268216433.09991276
skin_iota10,1509,204.30861723446893,0.27543898499889569,268510052.61917555
skin_iota10,1510,204.80961923847696,0.27570411256794869,268804221.24294806
skin_iota10,1511,205.31062124248496,0.27596950477335169,269098939.08725786
skin_iota10,1512,205.81162324649299,0.27623515973358714,269394206.26691347
skin_iota10,1513,206.31262525050101,0.27650107558493187,269690022.89551938
skin_iota10,1514,206.81362725450902,0.27676725048124678,269986389.08549273
skin_iota10,1515,207.31462925851704,0.27703368259377031,270283304.94807756
skin_iota10,1516,207.81563126252505,0.27730037011091396,270580770.59336072
skin_iota10,1517,208.31663326653307,0.27756731123806228,270878786.13028628
skin_iota10,1518,208.81763527054107,0.2778345041973731,271177351.66667038
skin_iota10,1519,209.3186372745491,0.27810194722758314,271476467.30921566
skin_iota10,1520,209.8196392785571,0.27836963858381464,271776133.16352499
skin_iota10,1521,210.32064128256513,0.27863757653738563,272076349.33411676
skin_iota10,1522,210.82164328657313,0.27890575937562212,272377115.92443705
skin_iota10,1523,211.32264529058116,0.27917418540167316,272678433.03687376
skin_iota10,1524,211.82364729458916,0.27944285293432902,272980300.77277088
skin_iota10,1525,212.32464929859719,0.27971176030784128,273282719.23244041
skin_iota10,1526,212.82565130260522,0.27998090587174457,273585688.51517588
skin_iota10,1527,213.32665330661322,0.28025028799068336,273889208.71926534
skin_iota10,1528,213.82765531062125,0.28051990504423779,274193279.94200331
skin_iota10,1529,214.32865731462925,0.28078975542675461,274497902.27970374
skin_iota10,1530,214.82965931863728,0.28105983754717895,274803075.82771194
skin_iota10,1531,215.33066132264528,0.28133014982888904,275108800.68041718
skin_iota10,1532,215.83166332665331,0.28160069070953281,275415076.93126339
skin_iota10,1533,216.33266533066131,0.28187145864086588,275721904.67276192
skin_iota10,1534,216.83366733466934,0.28214245208859484,276029283.99650252
skin_iota10,1535,217.33466933867734,0.28241366953221814,276337214.99316472
skin_iota10,1536,217.83567134268537,0.2826851094648733,276645697.75252962
skin_iota10,1537,218.33667334669337,0.28295677039318301,276954732.36348981
skin_iota10,1538,218.8376753507014,0.28322865083710513,277264318.91406083
skin_iota10,1539,219.33867735470943,0.28350074932978447,277574457.49139231
skin_iota10,1540,219.83967935871743,0.28377306441740557,277885148.18177736
skin_iota10,1541,220.34068136272546,0.28404559465904916,278196391.07066423
skin_iota10,1542,220.84168336673346,0.28431833862654804,278508186.24266547
skin_iota10,1543,221.34268537074149,0.28459129490434776,278820533.78156871
skin_iota10,1544,221.84368737474949,0.28486446208936644,279133433.77034646
skin_iota10,1545,222.34468937875752,0.28513783879085924,279446886.29116589
skin_iota10,1546,222.84569138276552,0.2854114236302811,279760891.42539817
skin_iota10,1547,223.34669338677355,0.28568521524115464,280075449.25362802
skin_iota10,1548,223.84769539078155,0.28595921226893833,280390559.85566419
skin_iota10,1549,224.34869739478958,0.28623341337089592,280706223.31054741
skin_iota10,1550,224.84969939879758,0.28650781721596857,281022439.69655967
skin_iota10,1551,225.35070140280561,0.28678242248464753,281339209.09123397
skin_iota10,1552,225.85170340681364,0.28705722786885013,281656531.57136261
skin_iota10,1553,226.35270541082164,0.28733223207179526,281974407.21300578
skin_iota10,1554,226.85370741482967,0.28760743380788245,282292836.09150094
skin_iota10,1555,227.35470941883767,0.28788283180257163,282611818.28147066
skin_iota10,1556,227.8557114228457,0.28815842479226322,282931353.85683089
skin_iota10,1557,228.3567134268537,0.2884342115241828,283251442.8908
skin_iota10,1558,228.85771543086173,0.28871019075626414,283572085.45590615
skin_iota10,1559,229.35871743486973,0.28898636125703542,283893281.62399584
skin_iota10,1560,229.85971943887776,0.28926272180550644,284215031.4662413
skin_iota10,1561,230.36072144288576,0.28953927119105755,284537335.05314898
skin_iota10,1562,230.86172344689379,0.2898160082133297,284860192.4545666
skin_iota10,1563,231.36272545090179,0.29009293168211564,285183603.7396915
skin_iota10,1564,231.86372745490982,0.29037004041725367,285507568.97707736
skin_iota10,1565,232.36472945891782,0.29064733324852038,285832088.23464173
skin_iota10,1566,232.86573146292585,0.29092480901552809,286157161.57967418
skin_iota10,1567,233.36673346693388,0.29120246656762039,286482789.07884234
skin_iota10,1568,233.86773547094188,0.29148030476377057,286808970.79819953
skin_iota10,1569,234.36873747494991,0.2917583224724819,287135706.80319208
skin_iota10,1570,234.86973947895791,0.29203651857168716,287462997.15866536
skin_iota10,1571,235.37074148296594,0.29231489194865146,287790841.92887181
skin_iota10,1572,235.87174348697394,0.29259344149987515,288119241.17747647
skin_iota10,1573,236.37274549098197,0.29287216613099809,288448194.96756399
skin_iota10,1574,236.87374749498997,0.29315106475670555,288777703.3616457
skin_iota10,1575,237.374749498998,0.29343013630063458,289107766.42166573
skin_iota10,1576,237.875751503006,0.2937093796952821,289438384.20900679
skin_iota10,1577,238.37675350701403,0.2939887938819139,289769556.7844975
skin_iota10,1578,238.87775551102203,0.29426837781047493,290101284.20841753
skin_iota10,1579,239.37875751503006,0.29454813043950012,290433566.54050493
skin_iota10,1580,239.87975951903809,0.29482805073602714,290766403.83996063
skin_iota10,1581,240.38076152304609,0.2951081376755097,291099796.165456
skin_iota10,1582,240.88176352705412,0.29538839024173191,291433743.5751375
skin_iota10,1583,241.38276553106212,0.29566880742672408,291768246.12663335
skin_iota10,1584,241.88376753507015,0.29594938823067862,292103303.87705857
skin_iota10,1585,242.38476953907815,0.29623013166186823,292438916.8830207
skin_iota10,1586,242.88577154308618,0.29651103673656426,292775085.20062613
skin_iota10,1587,243.38677354709418,0.29679210247895599,293111808.88548458
skin_iota10,1588,243.88777555110221,0.29707332792107133,293449087.99271542
skin_iota10,1589,244.38877755511021,0.29735471210269832,293786922.57695204
skin_iota10,1590,244.88977955911824,0.29763625407130734,294125312.69234842
skin_iota10,1591,245.39078156312624,0.29791795288197465,294464258.39258307
skin_iota10,1592,245.89178356713427,0.29819980759730663,294803759.73086506
skin_iota10,1593,246.3927855711423,0.2984818172873645,295143816.75993878
skin_iota10,1594,246.8937875751503,0.29876398102959051,295484429.53208864
skin_iota10,1595,247.39478957915833,0.29904629790873571,295825598.09914488
skin_iota10,1596,247.89579158316633,0.29932876701678651,296167322.51248765
skin_iota10,1597,248.39679358717436,0.29961138745289373,296509602.82305217
skin_iota10,1598,248.89779559118236,0.29989415832330235,296852439.08133364
skin_iota10,1599,249.39879759519039,0.30017707874128174,297195831.33739156
skin_iota10,1600,249.89979959919839,0.30046014782705638,297539779.64085442
skin_iota10,1601,250.40080160320642,0.30074336470773855,297884284.0409252
skin_iota10,1602,250.90180360721442,0.30102672851726026,298229344.58638448
skin_iota10,1603,251.40280561122245,0.30131023839630694,298574961.3255955
skin_iota10,1604,251.90380761523045,0.30159389349225257,298921134.30650961
skin_iota10,1605,252.40480961923848,0.30187769295909345,299267863.5766685
skin_iota10,1606,252.90581162324651,0.30216163595738504,299615149.18321073
skin_iota10,1607,253.40681362725451,0.30244572165417816,299962991.17287415
skin_iota10,1608,253.90781563126254,0.30272994922295576,300311389.59200126
skin_iota10,1609,254.40881763527054,0.3030143178435723,300660344.48654324
skin_iota10,1610,254.90981963927857,0.30329882670219088,301009855.90206337
skin_iota10,1611,255.41082164328657,0.30358347499122407,301359923.88374209
skin_iota10,1612,255.9118236472946,0.30386826190927291,301710548.47637951
skin_iota10,1613,256.41282565130257,0.30415318666106839,302061729.72440094
skin_iota10,1614,256.91382765531063,0.30443824845741307,302413467.67186016
skin_iota10,1615,257.41482965931863,0.30472344651512273,302765762.36244273
skin_iota10,1616,257.91583166332668,0.30500878005696952,303118613.83947086
skin_iota10,1617,258.41683366733469,0.30529424831162544,303472022.14590585
skin_iota10,1618,258.91783567134269,0.30557985051360642,303825987.32435328
skin_iota10,1619,259.41883767535069,0.30586558590321727,304180509.41706538
skin_iota10,1620,259.91983967935869,0.30615145372649644,304535588.46594536
skin_iota10,1621,260.42084168336675,0.30643745323516297,304891224.51255125
skin_iota10,1622,260.92184368737475,0.30672358368656188,305247417.59809774
skin_iota10,1623,261.4228456913828,0.30700984434361317,305604167.76346242
skin_iota10,1624,261.9238476953908,0.30729623447475718,305961475.04918671
skin_iota10,1625,262.42484969939881,0.30758275335390561,306319339.49548072
skin_iota10,1626,262.92585170340681,0.3078694002603885,306677761.14222592
skin_iota10,1627,263.42685370741481,0.30815617447890453,307036740.02897865
skin_iota10,1628,263.92785571142281,0.30844307529947157,307396276.19497401
skin_iota10,1629,264.42885771543087,0.30873010201737622,307756369.67912781
skin_iota10,1630,264.92985971943887,0.30901725393312623,308117020.52004105
skin_iota10,1631,265.43086172344692,0.30930453035240113,308478228.75600219
skin_iota10,1632,265.93186372745492,0.30959193058600526,308839994.42499071
skin_iota10,1633,266.43286573146293,0.30987945394982047,309202317.56468016
skin_iota10,1634,266.93386773547093,0.31016709976475937,309565198.21244156
skin_iota10,1635,267.43486973947893,0.31045486735671884,309928636.40534508
skin_iota10,1636,267.93587174348698,0.31074275605653506,310292632.18016499
skin_iota10,1637,268.43687374749499,0.31103076519993778,310657185.57338101
skin_iota10,1638,268.93787575150304,0.31131889412750569,311022296.62118179
skin_iota10,1639,269.43887775551104,0.31160714218462277,311387965.35946798
skin_iota10,1640,269.93987975951904,0.31189550872143412,311754191.82385492
skin_iota10,1641,270.44088176352705,0.31218399309280265,312120976.04967505
skin_iota10,1642,270.94188376753505,0.31247259465826721,312488318.07198143
skin_iota10,1643,271.44288577154305,0.31276131278199909,312856217.92555016
skin_iota10,1644,271.9438877755511,0.31305014683276122,313224675.64488268
skin_iota10,1645,272.44488977955911,0.31333909618386607,313593691.26420897
skin_iota10,1646,272.94589178356716,0.313628160213135,313963264.8174901
skin_iota10,1647,273.44689378757516,0.31391733830285806,314333396.33842027
skin_iota10,1648,273.94789579158316,0.31420662983975373,314704085.86043096
skin_iota10,1649,274.44889779559117,0.31449603421492933,315075333.41669166
skin_iota10,1650,274.94989979959917,0.31478555082384141,315447139.04011303
skin_iota10,1651,275.45090180360722,0.31507517906625782,315819502.76335019
skin_iota10,1652,275.95190380761522,0.31536491834621866,316192424.61880422
skin_iota10,1653,276.45290581162328,0.31565476807199833,316565904.63862449
skin_iota10,1654,276.95390781563128,0.31594472765606885,316939942.85471225
skin_iota10,1655,277.45490981963928,0.31623479651506153,317314539.29872203
skin_iota10,1656,277.95591182364728,0.31652497406973112,317689694.00206393
skin_iota10,1657,278.45691382765528,0.31681525974491898,318065406.99590665
skin_iota10,1658,278.95791583166329,0.31710565296951698,318441678.31117916
skin_iota10,1659,279.45891783567134,0.31739615317643283,318818507.9785735
skin_iota10,1660,279.9599198396794,0.31768675980255345,319195896.02854657
skin_iota10,1661,280.4609218436874,0.31797747228871104,319573842.49132222
skin_iota10,1662,280.9619238476954,0.31826829007964852,319952347.39689457
skin_iota10,1663,281.4629258517034,0.31855921262398551,320331410.77502912
skin_iota10,1664,281.9639278557114,0.31885023937418389,320711032.65526474
skin_iota10,1665,282.4649298597194,0.31914136978651486,321091213.06691653
skin_iota10,1666,282.96593186372746,0.31943260332102624,321471952.03907806
skin_iota10,1667,283.46693386773546,0.31972393944150901,321853249.60062236
skin_iota10,1668,283.96793587174352,0.32001537761546522,322235105.78020525
skin_iota10,1669,284.46893787575152,0.32030691731407601,322617520.6062662
skin_iota10,1670,284.96993987975952,0.32059855801216997,323000494.10703117
skin_iota10,1671,285.47094188376752,0.32089029918819156,323384026.31051487
skin_iota10,1672,285.97194388777552,0.32118214032417003,323768117.24452126
skin_iota10,1673,286.47294589178352,0.32147408090568907,324152766.93664736
skin_iota10,1674,286.97394789579158,0.32176612042185559,324537975.41428363
skin_iota10,1675,287.47494989979964,0.32205825836527063,324923742.7046169
skin_iota10,1676,287.97595190380764,0.32235049423199813,325310068.83463144
skin_iota10,1677,288.47695390781564,0.32264282752153745,325696953.83111173
skin_iota10,1678,288.97795591182364,0.32293525773679183,326084397.72064364
skin_iota10,1679,289.47895791583164,0.32322778438404154,326472400.52961642
skin_iota10,1680,289.97995991983964,0.32352040697291407,326860962.28422421
skin_iota10,1681,290.4809619238477,0.32381312501635606,327250083.01046884
skin_iota10,1682,290.9819639278557,0.32410593803060522,327639762.73416001
skin_iota10,1683,291.48296593186376,0.32439884553516291,328030001.48091871
skin_iota10,1684,291.98396793587176,0.32469184705276644,328420799.27617764
skin_iota10,1685,292.48496993987976,0.32498494210936163,328812156.14518344
skin_iota10,1686,292.98597194388776,0.32527813023407631,329204072.11299872
skin_iota10,1687,293.48697394789576,0.32557141095919345,329596547.20450282
skin_iota10,1688,293.98797595190382,0.3258647838201249,329989581.44439453
skin_iota10,1689,294.48897795591182,0.32615824835538509,330383174.85719281
skin_iota10,1690,294.98997995991988,0.32645180410656527,330777327.46723908
skin_iota10,1691,295.49098196392788,0.32674545061830773,331172039.29869831
skin_iota10,1692,295.99198396793588,0.32703918743828114,331567310.375561
skin_iota10,1693,296.49298597194388,0.32733301411715438,331963140.72164404
skin_iota10,1694,296.99398797595188,0.32762693020857292,332359530.36059374
skin_iota10,1695,297.49498997995988,0.32792093526913263,332756479.3158856
skin_iota10,1696,297.99599198396794,0.32821502885835746,333153987.61082715
skin_iota10,1697,298.49699398797594,0.32850921053867327,333552055.26855868
skin_iota10,1698,298.997995991984,0.32880347987538572,333950682.31205469
skin_iota10,1699,299.498997995992,0.32909783643665524,334349868.7641263
skin_iota10,1700,300,0.32939227979347463,334749614.64742148
